question,answer,source
Simplify this clause,Eviction and recovery of possession of premises in case of death of landlord.,PDF:Model-Tenancy-Act-English-02_06_2021.pdf
Simplify this clause,"Officers and other employees of Rent Authority, Rent Court and Rent Tribunal.",PDF:Model-Tenancy-Act-English-02_06_2021.pdf
Simplify this clause,"THE MODEL TENANCY ACT, 2021 An Act to establish Rent Authority to regulate renting of premises and to protect the interests of landlords and tenants and to provide speedy adjudication mechanism for resolution of disputes and matters connected therewith or incidental thereto.",PDF:Model-Tenancy-Act-English-02_06_2021.pdf
Simplify this clause,"(2) It extends to the whole of the State/Union territory of (Name of State/Union territory): (3) It shall come into force on such date as the State Government/Union territory Administration may, by notification in the Official Gazette, appoint and different dates may be appointed for different provisions of this Act.",PDF:Model-Tenancy-Act-English-02_06_2021.pdf
Simplify this clause,"(a) “landlord”, whether called landowner or lessor or by any other name, means a person who receives or is entitled to receive, the rent of any premises, on his own account, if the premises were let to a tenant, and shall include –– (i) his successor-in-interest; and (ii) a trustee or guardian or receiver receiving rent for any premises or is entitled to so receive, on account of or on behalf of or for the benefit of, any other person such as minor or person of unsound mind who cannot enter into a contract; (b) “local authority” means a Village Panchayat or Panchayat Samiti or Zila Parishad or a Municipal Corporation or a Municipal Council or a Nagar Panchayat or a Planning or Development Authority, by whatever name called, or the Cantonment Board, or as the case may 41 of be, a civil area committee appointed under section 47 of the 2006.",PDF:Model-Tenancy-Act-English-02_06_2021.pdf
Simplify this clause,"expressions shall be construed accordingly; (d) “premises” means any building or part of a building which is, or is intended to be, let on rent for the purpose of residencial or commercial use except for hotel, lodging house, dharamshala, inn and for industrial use but includes– (i) garden, garage or closed parking area, vacant land, grounds and out-houses, if any, appertaining to such building or part of the building; and (ii) any fitting to such building or part of the building for the more beneficial enjoyment thereof; (e) “prescribed” means prescribed by rules made by the State Government / Union territory Administration under this Act; (f) “property manager” means a person or any legal entity including rental agent who is authorised by the landlord to manage the premises and who represents the landlord in his dealings with the tenant; (g) “rental agent” means any person, who negotiates or acts on behalf of landlord or tenant or both in a transaction of renting of any premises and receives remuneration or fees or any other charges for his services whether as a commission or otherwise and includes a person who introduces, through any medium, prospective landlord and tenant to each other for negotiation for renting of premises and includes property dealers, brokers or middlemen, by whatever name called; (h) “Rent Authority” means an officer appointed under section 30; (i) “Rent Court” means a Rent Court constituted under section 33; (j) “Rent payable” in relation to any premises means the rent as specified in section 8; (k) “Rent Tribunal” means a Rent Tribunal constituted under section 34; (l) “Schedule” means a schedule annexed to this Act; (m) “Sub-tenant” means a person to whom the tenant sublets whole or part of the premises held by him or transfers or assigns his rights accrued under the tenancy agreement or any part thereof upon entering into a supplementary agreement to the existing tenancy agreement; (n) “Tenant”, whether called lessee or by any other name, means a person by whom or on whose account or on behalf of whom, the rent of any premises is payable to the landlord under a tenancy agreement and includes any person occupying the premises as a sub-tenant and also, any person continuing in possession after the termination of his tenancy whether before or after the commencement of this Act; but shall not include any person against whom any order or decree for eviction has been made.",PDF:Model-Tenancy-Act-English-02_06_2021.pdf
Simplify this clause,(1) Nothing in this Act shall apply to any–– Act not to apply to (a) premises owned or promoted by the Central Government or State certain Government or Union territory Administration or local authority or a premises.,PDF:Model-Tenancy-Act-English-02_06_2021.pdf
Simplify this clause,"Government undertaking or enterprise or a statutory body or Cantonment Board; (b) premises owned by a company, University or organisation given on rent to its employees as part of service contract; (c) premises owned by religious or charitable institutions as may be specified, by notification by the State Government/Union territory Administration; 43 of (d) premises owned by auqaf registered under the Waqf Act, 1995 or 1995 by any trust registered under the public trust law of the State/Union territory for the time being in force; (e) other building or category of buildings specifically exempted in public interest by notification by the State Government/Union territory Administration.",PDF:Model-Tenancy-Act-English-02_06_2021.pdf
Simplify this clause,"(2) Notwithstanding anything contained in sub-section (1), if the owner and tenant of the premises referred to in clause (a) to clause (e) of the said sub-section agrees that the tenancy agreement entered into between such landlord and tenant be regulated under the provisions of this Act, such landlord may inform the Rent Authority of the agreement to do so at the time of information of the tenancy agreement under section 4.",PDF:Model-Tenancy-Act-English-02_06_2021.pdf
Simplify this clause,"f this Act, let or take on rent any premises except by an agreement in writing, which shall be informed to the Rent Authority by the landlord and tenant jointly, in the form specified in the First Schedule within a period of two months from the date of tenancy agreement.",PDF:Model-Tenancy-Act-English-02_06_2021.pdf
Simplify this clause,"(2) Where the landlord and the tenant fail to jointly inform the execution of the tenancy agreement referred to in sub-section (1), the landlord and tenant shall separately inform the execution of tenancy agreement to the Rent Authority within a period of one month from the date of expiry of the period specified in sub-section (1).",PDF:Model-Tenancy-Act-English-02_06_2021.pdf
Simplify this clause,"(3) The Rent Authority shall, within three months from the date of its appointment, put in place a digital platform in the local vernacular language or the language of the State/Union territory for enabling submissions of document in such form and manner as may be prescribed.",PDF:Model-Tenancy-Act-English-02_06_2021.pdf
Simplify this clause,"(4) The Rent Authority shall, after receiving information about the execution of tenancy agreement along with the documents specified in the First Schedule,–– Page 6 of 28",PDF:Model-Tenancy-Act-English-02_06_2021.pdf
Simplify this clause,"(a) provide a unique identification number to the parties; and (b) upload details of the tenancy agreement on its website in local vernacular language or the language of the State/Union territory, within seven working days from the date of receipt of such information, in such manner along with such documents as it may deem fit.",PDF:Model-Tenancy-Act-English-02_06_2021.pdf
Simplify this clause,"(5) The terms of authorisation of the property manager, if any, by the landlord to deal with the tenant shall be such as agreed to by the landlord and tenant in that behalf in the tenancy agreement.",PDF:Model-Tenancy-Act-English-02_06_2021.pdf
Simplify this clause,"(6) The information provided under sub-section (1) and sub-section (2) shall be conclusive proof of the facts relating to tenancy and matters connected therewith, and in the absence of any statement of information, the landlord and the tenant shall not be entitled to any relief under the provisions of this Act.",PDF:Model-Tenancy-Act-English-02_06_2021.pdf
Simplify this clause,(1) Every tenancy entered into after the commencement of this Act Period of shall be valid for a period as agreed upon between the landlord and tenancy.,PDF:Model-Tenancy-Act-English-02_06_2021.pdf
Simplify this clause,"(2) The tenant may request the landlord for renewal or extension of the tenancy, within the period agreed to in the tenancy agreement, and if agreeable to the landlord, may enter into a new tenancy agreement with the landlord on mutually agreed terms and conditions.",PDF:Model-Tenancy-Act-English-02_06_2021.pdf
Simplify this clause,"(3) Where a tenancy for a fixed term ends and has not been renewed or the tenant fails to vacate the premises at the end of such tenancy, then such tenant shall be liable to pay an enhanced rent to the landlord as provided in section 23.",PDF:Model-Tenancy-Act-English-02_06_2021.pdf
Simplify this clause,"Provided that notwithstanding anything contained in this section, if the term of tenancy expires at a time when the locality where the premises let out on rent is situated is affected by any disastrous event of force majeure, then, subject to requisition by the tenant, the landlord shall allow the tenant to continue in possession of the said premises till a period of one month from the date of cessation of such disastrous event on the same terms and conditions of the tenancy agreement already entered into.",PDF:Model-Tenancy-Act-English-02_06_2021.pdf
Simplify this clause,"Explanation.–– For the purposes of this section, “force majeure” means a situation of war, flood, drought, fire, cyclone, earthquake or any other calamity caused by nature affecting the habitation of the tenant in the premises let out on rent.",PDF:Model-Tenancy-Act-English-02_06_2021.pdf
Simplify this clause,"The terms of agreement executed between landlord and tenant, Rights and obligations of shall be binding upon their successors in the event of the death of successor in the landlord or tenant, as the case may be, and in such case, the case of death.",PDF:Model-Tenancy-Act-English-02_06_2021.pdf
Simplify this clause,successors of the deceased landlord or tenant shall have the same Page 7 of 28,PDF:Model-Tenancy-Act-English-02_06_2021.pdf
Simplify this clause,rights and obligations as agreed to in the tenancy agreement for the remaining period of such tenancy.,PDF:Model-Tenancy-Act-English-02_06_2021.pdf
Simplify this clause,"(1) After the commencement of this Act, no tenant shall, except Restriction on sub-letting.",PDF:Model-Tenancy-Act-English-02_06_2021.pdf
Simplify this clause,"by entering into a supplementary agreement to the existing tenancy agreement, (a) sub-let whole or part of the premises held by him as a tenant; (b) transfer or assign his rights in the tenancy agreement or any part thereof.",PDF:Model-Tenancy-Act-English-02_06_2021.pdf
Simplify this clause,"(2) Where the premises is sub-let upon entering into a supplementary agreement to the existing tenancy agreement as referred to in sub- section (1), the landlord and tenant shall jointly inform the Rent Authority about the sub-tenancy within a period of two months from the date of execution of such agreement in the Form specified in the First Schedule.",PDF:Model-Tenancy-Act-English-02_06_2021.pdf
Simplify this clause,The rent payable in respect of a premises shall be the rent agreed Rent payable.,PDF:Model-Tenancy-Act-English-02_06_2021.pdf
Simplify this clause,to between the landlord and the tenant in accordance with the terms of the tenancy agreement.,PDF:Model-Tenancy-Act-English-02_06_2021.pdf
Simplify this clause,(1) The revision of rent between the landlord and the tenant shall be in accordance with the terms of the tenancy agreement.,PDF:Model-Tenancy-Act-English-02_06_2021.pdf
Simplify this clause,"(2) Where, after the commencement of tenancy, the landlord has entered into an agreement in writing with the tenant prior to the commencement of the work and has incurred expenditure for carrying out improvement, addition or structural alteration in the premises occupied by the tenant, which does not include repairs necessary to be carried out under section 15, the landlord may increase the rent of the premises by an amount as agreed to between the landlord and the tenant, and such increase in rent shall become effective from one month after the completion of such work.",PDF:Model-Tenancy-Act-English-02_06_2021.pdf
Simplify this clause,"In case of any dispute between landlord and tenant regarding Rent Authority to determine the revision of rent, the Rent Authority may, on an application made by revised rent in the landlord or tenant, determine the revised rent and other charges case of dispute.",PDF:Model-Tenancy-Act-English-02_06_2021.pdf
Simplify this clause,payable by the tenant and also fix the date from which such revised rent becomes payable.,PDF:Model-Tenancy-Act-English-02_06_2021.pdf
Simplify this clause,"(1) The security deposit to be paid by the tenant in advance shall be such as may be agreed upon between the landlord and the tenant in the tenancy agreement, which shall –– Page 8 of 28",PDF:Model-Tenancy-Act-English-02_06_2021.pdf
Simplify this clause,"(a) not exceed two months rent, in case of residential premises; and (b) not exceed six months rent, in case of non-residential premises.",PDF:Model-Tenancy-Act-English-02_06_2021.pdf
Simplify this clause,"(2) The security deposit shall be refunded to the tenant on the date of taking over vacant possession of the premises from the tenant, after making due deduction of any liability of the tenant.",PDF:Model-Tenancy-Act-English-02_06_2021.pdf
Simplify this clause,"The tenancy agreement shall be signed in duplicate by both the Original tenancy agreement to be landlord and tenant, and one each of such original signed tenancy retained by agreement shall be retained by the landlord and tenant.",PDF:Model-Tenancy-Act-English-02_06_2021.pdf
Simplify this clause,(1) Every tenant shall pay rent and other charges payable within Rent and other such period as agreed to in the tenancy agreement.,PDF:Model-Tenancy-Act-English-02_06_2021.pdf
Simplify this clause,"(2) Every landlord or his property manager shall, on receipt of payment towards rent and other charges payable within the stipulated period as in the tenancy agreement from the tenant, provide forthwith against acknowledgement, a duly signed receipt for the amount received by him: Provided that where the payment of rent or other charges is made by the tenant to the landlord through the electronic mode, the bank acknowledgment thereof shall be conclusive proof of such payment.",PDF:Model-Tenancy-Act-English-02_06_2021.pdf
Simplify this clause,"(1) Where the landlord refuses to accept any rent and other Deposit of rent charges payable or refuses to give a receipt, the rent and other with Rent Authority.",PDF:Model-Tenancy-Act-English-02_06_2021.pdf
Simplify this clause,"charges shall be paid to the landlord by postal money order or any other method, in such manner as may be prescribed, consecutively for two months, and if the landlord refuses to accept the rent and other charges within such period, then the tenant may deposit the same with the Rent Authority in such manner as may be prescribed.",PDF:Model-Tenancy-Act-English-02_06_2021.pdf
Simplify this clause,"(2) Where the tenant is unable to decide to whom the rent is payable during the period of tenancy agreement, the tenant may, in such case, deposit the rent with the Rent Authority in such manner as may be prescribed.",PDF:Model-Tenancy-Act-English-02_06_2021.pdf
Simplify this clause,"(3) Where the rent is deposited under sub-section (1) or sub-section (2), the Rent Authority shall enquire the case as to whom the rent is payable and pass orders as may deem fit on the basis of the facts of the case.",PDF:Model-Tenancy-Act-English-02_06_2021.pdf
Simplify this clause,"(4) The withdrawal of rent and other charges payable, deposited Page 9 of 28",PDF:Model-Tenancy-Act-English-02_06_2021.pdf
Simplify this clause,"under sub-section (1) or sub-section (2), shall not by itself operate as an admission against the landlord or any other claim made by the tenant, if the landlord withdraws it to the extent of rent agreed upon under the tenancy agreement.",PDF:Model-Tenancy-Act-English-02_06_2021.pdf
Simplify this clause,"landlord and the tenant shall keep the premises in as good a condition as at the commencement of the tenancy, except for normal wear and tear, and shall respectively be responsible to repair and maintain the said premises as specified in the Second Schedule or as agreed to in the tenancy agreement.",PDF:Model-Tenancy-Act-English-02_06_2021.pdf
Simplify this clause,"(2) In case of common facilities shared among the tenants or with the landlord, the respective responsibilities of the tenant and landlord to repair and maintain those facilities shall be such as may be specified in the tenancy agreement.",PDF:Model-Tenancy-Act-English-02_06_2021.pdf
Simplify this clause,"(3) If the tenant fails or refuses to carry out the repairs referred to in sub-section (1) or sub-section (2), the landlord may carry out the repairs or remove the additional structure erected by tenant without consent of landlord and deduct the amount incurred for such repairs or removal as the case may be, from the security deposit and the amount so deducted shall be paid by the tenant within a period of one month of issue of notice by the landlord in that regard: Provided that if the cost for such repairs exceed the security deposit, the tenant shall be liable to pay the excess cost including the security deposit so deducted to the landlord within a period of one month of the issue of notice by the landlord in that regard.",PDF:Model-Tenancy-Act-English-02_06_2021.pdf
Simplify this clause,"(4) In case the landlord refuses to carry out the repairs referred to in sub-section (1) or sub-section (2), the tenant may carry out such repairs and deduct the expenditure incurred towards the same from the rent to be paid for the succeeding months: Provided that in no case the deduction from rent in any one month shall exceed fifty per cent of the agreed rent for a month.",PDF:Model-Tenancy-Act-English-02_06_2021.pdf
Simplify this clause,"(5) Where the premises is uninhabitable without the repairs and the landlord refuses to carry out the required repairs, after being called upon by the tenant in writing to do so, the tenant may abandon the premises after giving the landlord fifteen days notice in writing.",PDF:Model-Tenancy-Act-English-02_06_2021.pdf
Simplify this clause,"(6) Where the premises let out on rent becomes uninhabitable for the tenant due to an event of force majeure or the tenant is unable to reside due to occurrence of such event, the landlord shall not charge rent from the tenant until the said premises is restored by the landlord, subject to the provisions of this section, to be inhabitable: Provided that where the rented premises becomes uninhabitable as specified in sub-section (5) or this sub-section and the landlord Page 10 of 28",PDF:Model-Tenancy-Act-English-02_06_2021.pdf
Simplify this clause,"fails to carry out the required repairs to make it inhabitable or the said premises could not be made inhabitable, then, the security deposit and advance rent shall be refunded by the landlord to the tenant within a period of fifteen days of the expiry of the notice period, after making due deduction of liability of the tenant, if any.",PDF:Model-Tenancy-Act-English-02_06_2021.pdf
Simplify this clause,"During the subsistence of tenancy, the tenant shall –– Tenant to look after premises.",PDF:Model-Tenancy-Act-English-02_06_2021.pdf
Simplify this clause,(a) not intentionally or negligently damage the premises or permit such damage; (b) inform in writing the landlord of any damage; (c) take reasonable care of the premises and its contents including fitting and fixtures and keep it reasonably habitable having regard to its condition at the commencement of tenancy and the normal incidence of living.,PDF:Model-Tenancy-Act-English-02_06_2021.pdf
Simplify this clause,"(1) Every landlord or the property manager may enter the Entry into premises let out on rent after serving a notice, in writing or through premises.",PDF:Model-Tenancy-Act-English-02_06_2021.pdf
Simplify this clause,"electronic mode, to the tenant at least twenty four hours before the time of entry under the following circumstances, namely:–– (a) to carry out repairs or replacement or to do or to get work done in the premises; or (b) to carry out an inspection of the premises for the purpose of determining whether the premises are in a habitable state; or (c) for any other reasonable cause for entry specified in the tenancy agreement.",PDF:Model-Tenancy-Act-English-02_06_2021.pdf
Simplify this clause,"(2) The notice referred to in sub-section (1) shall specify the day, time and reason for entry: Provided that no person shall enter the premises before sun rise and after sun set.",PDF:Model-Tenancy-Act-English-02_06_2021.pdf
Simplify this clause,"Provided further that nothing contained in this section shall prevent the landlord from entering into the premises let out on rent without prior notice to the tenant in case of emergent situations like war, flood, fire, cyclone, earthquake or any other natural calamity, which may affect that premises.",PDF:Model-Tenancy-Act-English-02_06_2021.pdf
Simplify this clause,"In case the landlord has engaged a property manager, the Information landlord shall provide the following information to the tenant, as to property namely:–– manager.",PDF:Model-Tenancy-Act-English-02_06_2021.pdf
Simplify this clause,"(a) name of the property manager; (b) proof that such property manager is authorised by the landlord; (c) specific purposes for which the property manager has been authorised by the landlord and the period of such authorisation; and (d) if the property manager is a legal entity, the name of the entity and the person authorised in this behalf by that legal entity who may be contacted in relation to the tenancy agreement.",PDF:Model-Tenancy-Act-English-02_06_2021.pdf
Simplify this clause,"(1) The duties of the property manager shall include the Duties of following, namely:–– property manager (a) to collect rent against receipt; and consequences (b) to do essential repairs on behalf of the landlord; of violation of duties.",PDF:Model-Tenancy-Act-English-02_06_2021.pdf
Simplify this clause,(c) to inspect the premises from time to time; (d) to give notices to tenant for–– (i) proper maintenance of the premises; (ii) delay in payment of rent; (iii) revision of rent; (iv) vacation of premises; (v) renewal of tenancy; (e) help in resolution of disputes among tenants and between landlord and tenant; (f) any other matters relating to tenancy to be acted upon only on the instructions of the landlord.,PDF:Model-Tenancy-Act-English-02_06_2021.pdf
Simplify this clause,"(2) Where the property manager acts, in contravention of the provisions of sub-section (1) or against the instructions of the landlord, the Rent Authority may, on an application made to it by the landlord or tenant in that behalf, remove the property manager or impose such costs on the property manager so as to compensate any loss incurred by the landlord or tenant due to such contravention.",PDF:Model-Tenancy-Act-English-02_06_2021.pdf
Simplify this clause,"(1) No landlord or property manager shall, either by himself or Withholding essential supply through any other person, withhold any essential supply or service in or service.",PDF:Model-Tenancy-Act-English-02_06_2021.pdf
Simplify this clause,"(2) In case of contravention of provisions of sub-section (1) and on application made by the tenant in this behalf, the Rent Authority after examining the matter, may pass an interim order directing the Page 12 of 28",PDF:Model-Tenancy-Act-English-02_06_2021.pdf
Simplify this clause,"restoration of supply of essential services immediately on service of such order upon the landlord or property manager, as the case may be, pending the inquiry referred to in sub-section (3).",PDF:Model-Tenancy-Act-English-02_06_2021.pdf
Simplify this clause,"(3) The Rent Authority shall conduct an enquiry in respect of the application made by the tenant under sub-section (2), and complete the inquiry within one month of filing such application.",PDF:Model-Tenancy-Act-English-02_06_2021.pdf
Simplify this clause,"(4) The Rent Authority may, after giving a reasonable opportunity of being heard, award a compensation not exceeding two months rent to be paid by the person responsible for withholding the essential supply, so as to compensate the loss incurred.",PDF:Model-Tenancy-Act-English-02_06_2021.pdf
Simplify this clause,"(5) The Rent Authority may levy a penalty of a sum not exceeding twice the monthly rent to the tenant, if it finds that the application was frivolous or vexatious.",PDF:Model-Tenancy-Act-English-02_06_2021.pdf
Simplify this clause,"(1) A tenant shall not be evicted during the continuance of Eviction and tenancy agreement unless otherwise agreed to in writing by the recovery of possession of landlord and tenant, except in accordance with the provisions of sub- premises by section (2) or in accordance with the provisions of section 22.",PDF:Model-Tenancy-Act-English-02_06_2021.pdf
Simplify this clause,"(2) The Rent Court may, on an application made to it by the landlord in such manner as may be prescribed, make an order for eviction and recovery of possession of the premises on one or more of the following grounds, namely: - (a) that the tenant does not agree to pay the rent payable under section 8; (b) that the tenant has not paid the arrears of rent and other charges payable in full as specified in sub-section (1) of section 13 for two consecutive months, including interest for delayed payment as may be specified in the tenancy agreement within a period of one month from the date of service of notice of demand for payment of such arrears of rent and other charges payable to 4 of the landlord in the manner provided in sub-section (4) of section 1882 106 of the Transfer of Property Act, 1882; (c) that the tenant has, after the commencement of this Act, parted with the possession of whole or any part of the premises Page 13 of 28",PDF:Model-Tenancy-Act-English-02_06_2021.pdf
Simplify this clause,without obtaining the written consent of the landlord; (d) that the tenant has continued to misuse the premises even after receipt of notice from the landlord to desist from such misuse.,PDF:Model-Tenancy-Act-English-02_06_2021.pdf
Simplify this clause,"Explanation.–– For the purposes of this clause, “misuse of premises” means encroachment of additional space by the tenant or use of premises which causes public nuisance or causes damage to the property or is detrimental to the interest of the landlord or for immoral or illegal purposes; (e) where it is necessary for the landlord to carry out any repair or construction or rebuilding or addition or alteration or demolition in respect of the premises or any part thereof, which is not possible to be carried out without the premises being vacated: Provided that after such repair, construction, rebuilding, addition or alteration, the tenant may be allowed to reoccupy the premises only when it has been mutually agreed to between the landlord and the tenant and a new tenancy agreement has been submitted with the Rent Authority: Provided further that the tenant shall not be allowed to reoccupy the premises–– (i) in the absence of submission of such mutual tenancy agreement with the Rent Authority; and (ii) in cases where the tenant has been evicted under the orders of a Rent Court; (f) that the premises or any part thereof is required by the landlord for carrying out any repairs, construction, rebuilding, additions, alterations or demolition, for change of its use as a consequence of change of land use by the competent authority.",PDF:Model-Tenancy-Act-English-02_06_2021.pdf
Simplify this clause,"Explanation.–– For the purposes of this clause, the expression “competent authority” means the Municipal Corporation or the Municipality or the Development Authority or any other authority, as the case may be, which provides permission on matters relating to repair or redevelopment or demolition of building or permission for change in land use: (g) that the tenant has given written notice to vacate the premises let out on rent and in consequence of that notice the landlord has contracted to sell the said premises or has taken any other step, as a result of which his interests would seriously suffer if he is not put in possession of that premises; (h) that the tenant has carried out any structural change or erected any permanent structure in the premises let out on rent without the written consent of the landlord.",PDF:Model-Tenancy-Act-English-02_06_2021.pdf
Simplify this clause,"(3) No order for eviction of the tenant on account of failure to pay the rent specified in clause (b) of sub-section (2) shall be made, if the tenant makes payment to the landlord or deposits with the Rent Court the arrears of rent and other charges payable, if any, including interest within one month from the date of service of the said demand notice upon him.",PDF:Model-Tenancy-Act-English-02_06_2021.pdf
Simplify this clause,"(4) Where the tenant fails to pay rent consecutively for two months subsequent to the grant of the relief specified in sub-section (3) in any one year, then the tenant shall not be entitled to such relief again.",PDF:Model-Tenancy-Act-English-02_06_2021.pdf
Simplify this clause,"(5) In any proceedings for eviction under clause (e) of sub-section (2), the Rent Court may allow eviction from only a part of the premises, if the landlord agrees for the same.",PDF:Model-Tenancy-Act-English-02_06_2021.pdf
Simplify this clause,"(1) Notwithstanding anything contained in this Act or any other Eviction and law for the time being in force, in case of death of the landlord, where recovery of there is a bonafide requirement of the premises let out on rent by the possession of premises in case legal heirs of the landlord during the period of tenancy, such legal of death of heirs may file an application in this behalf for eviction and recovery of landlord.",PDF:Model-Tenancy-Act-English-02_06_2021.pdf
Simplify this clause,"possession of the said premises before the Rent Court in such form and manner, as may be prescribed.",PDF:Model-Tenancy-Act-English-02_06_2021.pdf
Simplify this clause,"(2) The Rent Court may, on an application made to it under sub- section (1), if it is satisfied that the legal heirs of the deceased landlord are in bonafide requirement of the premises let out on rent, pass necessary orders against the tenant for handing over vacant possession of the said premises to the legal heirs of the deceased landlord.",PDF:Model-Tenancy-Act-English-02_06_2021.pdf
Simplify this clause,Where the tenant fails to vacate the premises let out on rent in Enhancement of rent in case of accordance with the tenancy agreement on the expiration of the refusal by tenant period of tenancy or termination of tenancy by an order or notice to vacate.,PDF:Model-Tenancy-Act-English-02_06_2021.pdf
Simplify this clause,"under the provisions of this Act, such tenant shall be liable to pay the landlord –– (a) twice the monthly rent for the first two months; and (b) four times the monthly rent thereafter till the tenant continues to occupy the said premises.",PDF:Model-Tenancy-Act-English-02_06_2021.pdf
Simplify this clause,"(1) Where a landlord exercises the right of recovery of Refund of advance rent by possession under sub-section (2) of section 21 or under section 22, landlord.",PDF:Model-Tenancy-Act-English-02_06_2021.pdf
Simplify this clause,"and he had received any rent or any other payment in advance from the tenant, he shall before recovery of possession, refund to the tenant such amount after deducting the rent and other charges due to him.",PDF:Model-Tenancy-Act-English-02_06_2021.pdf
Simplify this clause,"(2) If the landlord fails to make any refund, he shall be liable to pay Page 15 of 28",PDF:Model-Tenancy-Act-English-02_06_2021.pdf
Simplify this clause,simple interest to the tenant at such rate as may be prescribed from time to time on the amount which he has omitted or failed to refund.,PDF:Model-Tenancy-Act-English-02_06_2021.pdf
Simplify this clause,In any proceedings for recovery of possession on any ground Payment of rent during eviction other than that referred to in clause (a) or clause (b) of sub-section proceedings.,PDF:Model-Tenancy-Act-English-02_06_2021.pdf
Simplify this clause,"(2) of section 21, where the tenant contests the claim for eviction, the landlord may at any stage of the proceedings apply to the Rent Court to direct the tenant to pay him the rent payable, as under section 8, and the Rent Court may order the tenant to make such payment and all other charges due from the tenant along with penal charges, if any, due to delay in payment, in accordance with the provisions of sub-section (1) of section 14.",PDF:Model-Tenancy-Act-English-02_06_2021.pdf
Simplify this clause,(1) Tenant shall not carry out any structural change or erect any Permission to build additional permanent structure in the premises let out on rent without the structures.,PDF:Model-Tenancy-Act-English-02_06_2021.pdf
Simplify this clause,"(2) Where the landlord proposes to make any improvement in or construct any additional structure on any premises which has been let out to a tenant and the tenant refuses to allow the landlord to make such improvement or construct such additional structure, the landlord may make an application in this behalf to the Rent Court.",PDF:Model-Tenancy-Act-English-02_06_2021.pdf
Simplify this clause,"(3) On an application made by the landlord under sub-section (2), if the Rent Court is satisfied that the landlord is ready and willing to commence the work which is necessary, the Rent Court may permit the landlord to do such work and may make such other order as it may deem fit: Provided that such improvement or additional structure shall not decrease or diminish or deteriorate the accommodation or housing services in the premises which may cause undue hardship to the tenant.",PDF:Model-Tenancy-Act-English-02_06_2021.pdf
Simplify this clause,Provided further that it shall be the responsibility of the tenant to remove any such additional structure built by tenant without consent of landlord.,PDF:Model-Tenancy-Act-English-02_06_2021.pdf
Simplify this clause,"(1) Notwithstanding anything contained in section 21 or section Special provision 22, where any premises let out for rent comprises vacant land, upon regarding vacant which it is permissible under the municipal bye-laws for the time land.",PDF:Model-Tenancy-Act-English-02_06_2021.pdf
Simplify this clause,"being in force to erect any building whether for residence or for any other purpose, and the landlord who intends to erect such building is unable to obtain possession of the same from the tenant on the basis of the tenancy agreement, the landlord or, in case of death of the landlord, his legal heirs, may file an application in this behalf, in such form and manner as may be prescribed, before the Rent Court.",PDF:Model-Tenancy-Act-English-02_06_2021.pdf
Simplify this clause,"(2) The Rent Court may, on receipt of the application referred to in sub-section (1), if it is satisfied that the landlord is or, as the case may be, his legal heirs are ready and willing to commence the work and that the severance of the vacant land from the rest of the premises shall not cause undue hardship to the tenant,–– (a) direct such severance after such enquiry as it may deem fit; (b) place the landlord in possession of the vacant land; (c) determine the rent payable by the tenant in respect of the rest of the premises; and (d) make such other orders as it may deem fit in the circumstances of the case.",PDF:Model-Tenancy-Act-English-02_06_2021.pdf
Simplify this clause,"Notwithstanding anything contained in any other law for the time Vacant possession to being in force, where the interest, of a landlord or in case of death of landlord.",PDF:Model-Tenancy-Act-English-02_06_2021.pdf
Simplify this clause,"the landlord, of his legal heirs in any premises is determined for any reason whatsoever and any order is made by the Rent Court under this Act for the recovery of possession of such premises, such order shall, subject to the provisions of sub-section (3) of section 21, be binding on all occupants who may be in occupation of the premises and vacant possession thereof shall be given by all such occupants to the landlord or to the legal heirs of the landlord.",PDF:Model-Tenancy-Act-English-02_06_2021.pdf
Simplify this clause,"Notwithstanding anything contained in this Act or any other law Provisions regarding notice for the time being in force, a tenant may give up possession of the of giving up premises on giving such written notice as is required under the possession by tenancy agreement and in the absence of any stipulation relating to tenant.",PDF:Model-Tenancy-Act-English-02_06_2021.pdf
Simplify this clause,"such notice, the tenant shall give notice to the landlord of at least one month before giving up possession of the premises.",PDF:Model-Tenancy-Act-English-02_06_2021.pdf
Simplify this clause,"previous approval of the State Government/Union territory Administration, appoint an officer, not below the rank of Deputy Collector, to be the Rent Authority within his jurisdiction.",PDF:Model-Tenancy-Act-English-02_06_2021.pdf
Simplify this clause,The Rent Authority shall have all the powers as are vested in a Power and Page 17 of 28,PDF:Model-Tenancy-Act-English-02_06_2021.pdf
Simplify this clause,Rent Court under this Act in respect of any proceedings initiated procedure of Rent Authority.,PDF:Model-Tenancy-Act-English-02_06_2021.pdf
Simplify this clause,(1) Any person aggrieved by the order of the Rent Authority may Appeals.,PDF:Model-Tenancy-Act-English-02_06_2021.pdf
Simplify this clause,(2) The appeal under sub-section (1) shall be preferred within a period of thirty days from the date of the order of the Rent Authority.,PDF:Model-Tenancy-Act-English-02_06_2021.pdf
Simplify this clause,"The District Collector or District Magistrate shall, with the previous approval of the State Government/ Union territory Rent Court Administration, appoint Additional Collector or Additional District Magistrate or an officer of equivalent rank, to be the Rent Court for the purposes of this Act, within his jurisdiction.",PDF:Model-Tenancy-Act-English-02_06_2021.pdf
Simplify this clause,"The State Government/ Union territory Administration may, in consultation with the jurisdictional High Court, may by notification, Rent Tribunal appoint District Judge or Additional District Judge as Rent Tribunal in each district.",PDF:Model-Tenancy-Act-English-02_06_2021.pdf
Simplify this clause,"(1) Save as provided in this section, nothing contained in the Code of Civil Procedure, 1908 shall apply to the Rent Courts and Procedure to be 5 of followed in Rent Rent Tribunals, which shall be guided by the principles of natural 1908 Court and Rent justice and shall have power to regulate their own procedure in the Tribunal.",PDF:Model-Tenancy-Act-English-02_06_2021.pdf
Simplify this clause,"following manner, namely:–– (a) the landlord or the tenant may file an application or appeal before the Rent Court or, as the case may be, the Rent Tribunal accompanied by affidavit and documents, if any; (b) the Rent Court or, as the case may be, the Rent Tribunal shall then issue notice to the opposite party, accompanied by copies of application or appeal, affidavit and documents; (c) the opposite party shall file a reply accompanied by affidavit and documents, if any, after serving a copy of the same to the applicant; (d) the applicant may file a rejoinder, if any, after serving the copy to the opposite party; Page 18 of 28",PDF:Model-Tenancy-Act-English-02_06_2021.pdf
Simplify this clause,"(e) the Rent Court or, as the case may be, the Rent Tribunal shall fix a date of hearing and may hold such summary inquiry as it deems necessary.",PDF:Model-Tenancy-Act-English-02_06_2021.pdf
Simplify this clause,"(2) The Rent Court or, as the case may be, the Rent Tribunal shall endeavor to dispose the case as expeditiously as possible, not exceeding a period of sixty days from the date of receipt of the application or appeal: Provided that where any such application or, as the case may be, appeal could not be disposed of within the said period of sixty days, the Rent Court or the Rent Tribunal shall record its reasons in writing for not disposing of the application or appeal within that period.",PDF:Model-Tenancy-Act-English-02_06_2021.pdf
Simplify this clause,"(3) In every application or appeal, before the Rent Court or the Rent Tribunal, the evidence of a witness shall be given by affidavit: Provided that the Rent Court or, as the case may be, the Rent Tribunal may, where it appears to it that it is necessary in the interest of justice to call a witness for examination or cross-examination, order attendance of such witness to be present for examination or cross-examination.",PDF:Model-Tenancy-Act-English-02_06_2021.pdf
Simplify this clause,"5 of (4) The provisions of the Code of Civil Procedure, 1908 regarding 1908 service of summons shall be applicable mutatis mutandis for service of notice by the Rent Court or Rent Tribunal.",PDF:Model-Tenancy-Act-English-02_06_2021.pdf
Simplify this clause,"(6) The Rent Authority or Rent Court or the Rent Tribunal as the case may be, shall not allow more than three adjournments at the request of a party throughout the proceedings and in case of reasonable and sufficient cause to do so, it shall record the reasons for the same in writing and order the party requesting adjournment to pay a reasonable cost.",PDF:Model-Tenancy-Act-English-02_06_2021.pdf
Simplify this clause,"(7) Every application under clauses (a), (b), (e), (f) and (g) of sub- section (2) of section 21 or under section 22 shall be decided within ninety days from the date of filing of such application in the Rent Court.",PDF:Model-Tenancy-Act-English-02_06_2021.pdf
Simplify this clause,(8) The Rent Court shall decide every application filed under clause (c) and (d) of sub-section (2) of section 21 within thirty days from the date of filing of such application.,PDF:Model-Tenancy-Act-English-02_06_2021.pdf
Simplify this clause,"(1) The Rent Court and the Rent Tribunal shall, for discharging Powers of Rent their functions under this Act, have the same powers as are vested in Court and Rent 5 of Tribunal.",PDF:Model-Tenancy-Act-English-02_06_2021.pdf
Simplify this clause,"documents; (d) issuing commission for local investigation; (e) receiving evidence on affidavits; (f) dismissing an application or appeal for default or deciding it ex- parte; (g) setting aside any order of dismissal of any application or appeal for default or any other order passed by it ex-parte; (h) execution of its orders and decisions under this Act without reference to any civil court; (i) reviewing its orders and decisions; (j) revision of orders and decisions of Rent Authority and Rent Court and; (k) any other matter, which may be prescribed.",PDF:Model-Tenancy-Act-English-02_06_2021.pdf
Simplify this clause,"(2) Any proceedings before the Rent Court or Rent Tribunal shall be deemed to be a judicial proceeding within the meaning of section 193 and 228, and for the purpose of section 196, of the Indian Penal 45 of 1860.",PDF:Model-Tenancy-Act-English-02_06_2021.pdf
Simplify this clause,"1974 (3) For the purposes of holding any inquiry or discharging any duty under this Act, the Rent Court may,–– (a) after giving not less than twenty-four hours notice in writing, enter and inspect or authorise any officer, subordinate to it, to enter and inspect, any premises at any time between sunrise and sunset; (b) by written order, require any person to produce for its inspection such books or documents relevant to the inquiry, at such time and at such place as may be specified in the order.",PDF:Model-Tenancy-Act-English-02_06_2021.pdf
Simplify this clause,"(4) The Rent Court may, if it thinks fit, appoint one or more persons having special knowledge of the matter under consideration as an assessor or valuer to advise it in the proceeding before it.",PDF:Model-Tenancy-Act-English-02_06_2021.pdf
Simplify this clause,"(5) Any clerical or arithmetical mistake in any order passed by the Rent Court or any other error arising out of any accidental omission may, at any time, be corrected by the Rent Court on an application received by it in this behalf from any of the parties or otherwise.",PDF:Model-Tenancy-Act-English-02_06_2021.pdf
Simplify this clause,"(7) An order made by a Rent Court or an order passed in appeal or revision, or review under this Chapter shall be executable by the Page 20 of 28",PDF:Model-Tenancy-Act-English-02_06_2021.pdf
Simplify this clause,"Rent Court as a decree of a civil court and for this purpose, the Rent Court shall have the powers of a civil court.",PDF:Model-Tenancy-Act-English-02_06_2021.pdf
Simplify this clause,(8) The Rent Court may set aside any order passed ex-parte if the aggrieved party files an application and satisfies it that notice was not duly served or that he was prevented by any sufficient cause from appearing when the case was taken up for hearing.,PDF:Model-Tenancy-Act-English-02_06_2021.pdf
Simplify this clause,"(9) Save as otherwise expressly provided in this Act, every order made by the Rent Court shall, subject to decision in appeal, be final and shall not be called in question in any original suit, application or execution proceedings.",PDF:Model-Tenancy-Act-English-02_06_2021.pdf
Simplify this clause,"(1) Any person aggrieved by an order passed by the Rent Court, Appeal to Rent may prefer an appeal along with a certified copy of such order to the Tribunal.",PDF:Model-Tenancy-Act-English-02_06_2021.pdf
Simplify this clause,"jurisdictional Rent Tribunal within the local limits of which the premises is situated, within a period of thirty days from the date of that order.",PDF:Model-Tenancy-Act-English-02_06_2021.pdf
Simplify this clause,"(2) The Rent Tribunal, upon filing an appeal under sub-section (1) shall serve notice, along with a copy of appeal to the respondent and fix a hearing not later than thirty days from the date of service of notice of appeal on the respondent and the appeal shall be disposed of within a period of sixty days from such date of service.",PDF:Model-Tenancy-Act-English-02_06_2021.pdf
Simplify this clause,"(3) Where the Rent Tribunal considers it necessary in the interest of arriving at a just and proper decision, it may allow documents at any stage of the proceedings in appeal: Provided that no such document shall be allowed more than once during the hearing.",PDF:Model-Tenancy-Act-English-02_06_2021.pdf
Simplify this clause,"(4) The Rent Tribunal may, in its discretion, pass such interlocutory order during the pendency of the appeal, as it may deem fit.",PDF:Model-Tenancy-Act-English-02_06_2021.pdf
Simplify this clause,"(5) While deciding the appeal, the Rent Tribunal may, after recording reasons therefor, confirm, set aside or modify the order passed by a Rent Court.",PDF:Model-Tenancy-Act-English-02_06_2021.pdf
Simplify this clause,"(1) The Rent Court shall, on an application filed by any party, execute an order of a Rent Court or a Rent Tribunal or any other Execution of order made under this Act, in such manner as may be prescribed, order by–– Page 21 of 28",PDF:Model-Tenancy-Act-English-02_06_2021.pdf
Simplify this clause,(a) delivering possession of the premises to the person in whose favour the decision has been made; or (b) attaching one or more bank accounts of the opposite party for the purpose of recovering the amount specified in such order; or (c) appointing any advocate or any other competent person including officers of the Rent Court or local administration or local body for the execution of such order.,PDF:Model-Tenancy-Act-English-02_06_2021.pdf
Simplify this clause,(2) The Rent Court may take the help from the Local Government or local body or the local police for the execution of the final orders: Provided that no applicant shall obtain police help unless he pays such costs as may be decided by the Rent Court.,PDF:Model-Tenancy-Act-English-02_06_2021.pdf
Simplify this clause,"(3) The Rent Court shall conduct the execution proceedings, in relation to its order or an order of a Rent Tribunal or any other order passed under this Act, in a summary manner and dispose of the application for execution made under this section within a period of thirty days from the date of service of notice on opposite party.",PDF:Model-Tenancy-Act-English-02_06_2021.pdf
Simplify this clause,"The State Government/Union territory Administration may, in Officers and consultation with the Rent Authority or Rent Court or Rent Tribunal, other employees determine the nature and categories of officers and other employees of Rent Authority, as it considers necessary and appoint such officers and other Rent Court and Rent Tribunal.",PDF:Model-Tenancy-Act-English-02_06_2021.pdf
Simplify this clause,(2) The jurisdiction of the Rent Court shall be limited to tenancy agreement submitted to it as specified in the First Schedule and shall not extend to the question of title or ownership of premises.,PDF:Model-Tenancy-Act-English-02_06_2021.pdf
Simplify this clause,"1870 respect of applications or appeals to be presented before the Rent Authority or Rent Court or Rent Tribunal, as the case may be.",PDF:Model-Tenancy-Act-English-02_06_2021.pdf
Simplify this clause,"(2) For the purposes of computation of court fees, the application for recovery of possession made to the Rent Court and the memorandum of appeals presented before the Rent Tribunal, shall be deemed to be a suit between the landlord and the tenant.",PDF:Model-Tenancy-Act-English-02_06_2021.pdf
Simplify this clause,(3) The court fees for the application filed before the Rent Authority shall be same as that of an interlocutory application presented in a civil court.,PDF:Model-Tenancy-Act-English-02_06_2021.pdf
Simplify this clause,"Every member of Rent Authority, Rent Court and Rent Tribunal Members, etc., to 45 of appointed under this Act shall be deemed to be a public servant be public 1860 within the meaning of section 21 of the Indian Penal Code.",PDF:Model-Tenancy-Act-English-02_06_2021.pdf
Simplify this clause,"No suit, prosecution or other legal proceeding shall lie against Protection of any person, Rent Authority, Rent Court or Rent Tribunal in respect of action taken in good faith.",PDF:Model-Tenancy-Act-English-02_06_2021.pdf
Simplify this clause,"(2) In particular and without prejudice to the generality of the foregoing power, such rules may provide for all or any of the following matters, namely:–– (a) the form and manner of digital platform to be put in place by the Rent Authority in the local vernacular language or the language of the State/Union territory for enabling submissions of documents under sub- section (3) of section 4; (b) the manner of payment of rent and other charges to the landlord by the tenant by postal money order or any other method and the manner of deposit of rent and other charges with the Rent Authority on refusal by landlord to accept the same under sub-section (1) and the manner of deposit of rent with the Rent Authority under sub-section (2), of section 14; (c) manner of making an application for the recovery of possession of the premises under sub-section (2) of section 21; Page 23 of 28",PDF:Model-Tenancy-Act-English-02_06_2021.pdf
Simplify this clause,"(d) form and manner of making an application for the recovery of possession of the premises under sub- section (1) of section 22; (e) rate of interest payable to the tenant where the landlord fails to make refund under sub-section (2) of section 24; (f) the form and manner of filing application by the landlord before the Rent Court for obtaining possession of the premises let out on rent for erecting building under sub- section (1) of section 27; (g) the form of filing application before Rent Court and appeal before the Rent Tribunal under sub-section (5) of section 35; (h) any other matter to be provided under clause (k) of sub- section (1) of section 36; (i) the manner of execution of an order of a Rent Court or a Rent Tribunal or any other order made under this Act under sub-section (1) of section 38; (j) any other matter which is required to be, or may be, prescribed under the provisions of this Act.",PDF:Model-Tenancy-Act-English-02_06_2021.pdf
Simplify this clause,"(1) The State/Union territory Rent Control Act, which is in force Repeal and immediately before the commencement of this Act, is hereby savings.",PDF:Model-Tenancy-Act-English-02_06_2021.pdf
Simplify this clause,"(2) Notwithstanding such repeal, all cases and other proceedings under the said State/Union territory Rent Control Act pending, at the commencement of this Act, shall be continued and disposed of in accordance with the provisions of the said State/Union territory Rent Control Act, as if that Act had continued to be in force and this Act had not been enacted.",PDF:Model-Tenancy-Act-English-02_06_2021.pdf
Simplify this clause,"THE FIRST SCHEDULE [See section 4(1)] FORM FOR INFORMATION OF TENANCY To, The Rent Authority ___________________ ________________ (Address) 1.",PDF:Model-Tenancy-Act-English-02_06_2021.pdf
Simplify this clause,"Name(s) and address of the tenant, including : _____________________ email and contact details, 4.",PDF:Model-Tenancy-Act-English-02_06_2021.pdf
Simplify this clause,"Description of premises let to the tenant : _____________________ including appurtenant land, if any 6.",PDF:Model-Tenancy-Act-English-02_06_2021.pdf
Simplify this clause,Date from which possession is given to the : _____________________ tenant 7.,PDF:Model-Tenancy-Act-English-02_06_2021.pdf
Simplify this clause,Mobile Number & E-mail id of landlord : ___________________ (if available) 15.,PDF:Model-Tenancy-Act-English-02_06_2021.pdf
Simplify this clause,Mobile Number & E-mail id of : _____________________________ Property Manager (if any) Name and signature of landlord Name and signature of tenant Photograph of Photograph of tenant landlord Enclosed: 1.,PDF:Model-Tenancy-Act-English-02_06_2021.pdf
Simplify this clause,"THE SECOND SCHEDULE [See section 15 (1)] DIVISION OF MAINTENANCE RESPONSIBILITY BETWEEN THE LANDLORD AND THE TENANTS Unless otherwise agreed in the tenancy agreement, the landlord shall be responsible for repairs relating to matters falling under Part A and the tenant shall be responsible for matters falling under Part B.",PDF:Model-Tenancy-Act-English-02_06_2021.pdf
Simplify this clause,Maintenance of gardens and open spaces let out to or used by the tenant.,PDF:Model-Tenancy-Act-English-02_06_2021.pdf
Simplify this clause,"XVIII] 1 THE MAHARASHTRA RENT CONTROL ACT, 1999 [Text as on 7th March 2025] __________ CONTENTS PREAMBLE.",PDF:eng_maharashtra_rent_control_ac.pdf
Simplify this clause,"Power of State Government to issue orders in respect of premises belonging to local authority, etc.",PDF:eng_maharashtra_rent_control_ac.pdf
Simplify this clause,Provisions with regard to standard rent not to apply to certain premises.,PDF:eng_maharashtra_rent_control_ac.pdf
Simplify this clause,"Increase in rent annually and on account of improvement, etc., special addition, etc., and special or heavy repairs.",PDF:eng_maharashtra_rent_control_ac.pdf
Simplify this clause,No ejectment ordinarily to be made if tenant pays or is ready and willing to pay standard rent and permitted increases.,PDF:eng_maharashtra_rent_control_ac.pdf
Simplify this clause,Tenants’ right to give notice to landlord of his intention to occupy tenement in new building.,PDF:eng_maharashtra_rent_control_ac.pdf
Simplify this clause,Landlord to intimate to tenant date of completion and tenant’s right to occupy premises in new building.,PDF:eng_maharashtra_rent_control_ac.pdf
Simplify this clause,"Members of armed forces of the Union, scientists or their successor-in-interest entitled to recover possession of premises required for their occupation.",PDF:eng_maharashtra_rent_control_ac.pdf
Simplify this clause,Landlord entitled to recover possession of premises given on licence on expiry.,PDF:eng_maharashtra_rent_control_ac.pdf
Simplify this clause,In absence of contract tenant not to sub-let or transfer or to give on licence.,PDF:eng_maharashtra_rent_control_ac.pdf
Simplify this clause,State Government or Government allottee to become tenant of premises requisitioned or continued under requisition.,PDF:eng_maharashtra_rent_control_ac.pdf
Simplify this clause,Special provision for making application to Competent Authority by landlord to evict tenant or licensee.,PDF:eng_maharashtra_rent_control_ac.pdf
Simplify this clause,"XVIII OF 20001 [THE MAHARASHTRA RENT CONTROL ACT, 1999.] [This Act received the assent of the President on the 8th March 2000; assent was first published in the Maharashtra Government Gazette, Part-IV, on the 10th March 2000.] An Act to unify, consolidate and amend the law relating to the control of rent and repairs of certain premises and of eviction and for encouraging the construction of new houses by assuring a fair return on the investment by landlords and to provide for the matters connected with the purposes aforesaid.",PDF:eng_maharashtra_rent_control_ac.pdf
Simplify this clause,"WHEREAS it is expedient to unify, consolidate and amend the laws prevailing in the different parts of the State relating to the control of rents and repairs of certain premises and of eviction and for encouraging the construction of new houses by assuring a fair return and to provide for the matters connected with the purposes aforesaid; It is hereby enacted in the Fiftieth Year if the Republic of India as follows :— CHAPTER I PRELIMINARY 1.",PDF:eng_maharashtra_rent_control_ac.pdf
Simplify this clause,"Short title, extent and commencement.— (1) This Act may be called the Maharashtra Rent Control Act, 1999.",PDF:eng_maharashtra_rent_control_ac.pdf
Simplify this clause,"Application.— (1) This Act shall, in the first instance, apply to premises let for the purposes of residence, education, business, trade or storage in the areas specified in Schedule I and Schedule II.",PDF:eng_maharashtra_rent_control_ac.pdf
Simplify this clause,"(2) Notwithstanding anything contained in sub-section (1),it shall also apply in the premises or, as the case may be, houses let out in the areas to which the Bombay Rents, Hotel and Lodging House Rates Control Act, 1947 (Bom.",PDF:eng_maharashtra_rent_control_ac.pdf
Simplify this clause,"LVII of 1947) or the Central Provinces and Berar Letting of Houses and Rent Control Order, 1949 issued under the Central Provinces and Berar Regulation of Letting of Accommodation Act, 1946 (C.",PDF:eng_maharashtra_rent_control_ac.pdf
Simplify this clause,"and Berar Act XI of 1946) and Hyderabad Houses (Rent, Eviction and Lease) Control Act, 1954 (Hyd.",PDF:eng_maharashtra_rent_control_ac.pdf
Simplify this clause,"XX of 1954) were extended and applied before the date of commencement of this Act and such premises or houses continue to be so let on that date in such areas which are specified in Schedule I to this Act, notwithstanding that the area ceases to be of the description therein specified.",PDF:eng_maharashtra_rent_control_ac.pdf
Simplify this clause,(3) It shall also apply to the premises let for the purposes specified in sub-section (1) in such of the cities or towns as specified in Schedule II.,PDF:eng_maharashtra_rent_control_ac.pdf
Simplify this clause,"(4) Notwithstanding anything contained hereinabove, the State Government may, by notification in the Official Gazette, direct that,— (a) this Act shall not apply to any to the areas specified in Schedule I or Schedule II or that it shall not apply to any one or all purposes specified in sub-section (1); (b) this Act shall apply to any premises let for any or all purposes specified in sub-section (1) in the areas other than those specified in Schedule I and Schedule II.",PDF:eng_maharashtra_rent_control_ac.pdf
Simplify this clause,"Exemption.— (1) This Act shall not apply,— (a) to any premises belonging to the Government or a local authority or apply as against the Government to any tenancy, licence or other like relationship created by a grant from or a licence given by the Government in respect of premises requisitioned or taken on lease or on licence by the Government, including any premises taken on behalf of the Government on the basis of 1 For Statement of Objects and Reasons of the L.",PDF:eng_maharashtra_rent_control_ac.pdf
Simplify this clause,"XVIII tenancy or of licence or other or other like relationship by, or in the name of any officer subordinate to the Government authorised in this behalf; but it shall apply in respect of premises let, or given on licence, to the Government or a local authority or taken on behalf of the Government on such basis by, or in the name of such officer; (b) to any premises let or sub-let to banks, or any Public Sector Undertakings or any Corporation established by or under any Central or State Act, or foreign missions, international agencies, multinational companies, and private limited companies and public limited companies having a paid up share capital of rupees one crore or more.",PDF:eng_maharashtra_rent_control_ac.pdf
Simplify this clause,"(2) The State Government may direct that all or any of the provisions of this Act, shall, subject to such conditions and terms, as it may specify, not apply— (i) to premises used for public purpose of a charitable nature or to any class of premises used for such purpose; (ii) to premises held by a public trust for a religious or charitable purpose and let at a nominal or concessional rent; (iii) to premises held by a public trust for a religious or charitable purpose and administered by a local authority; or (iv) to premises belonging to or vested in an university established by any law for the time being force: Provided that, before issuing any direction under this sub-section, the State Government shall ensure that the tenancy rights of the existing tenants are not adversely affected.",PDF:eng_maharashtra_rent_control_ac.pdf
Simplify this clause,"(3) The expression “premises belonging to the Government or a local authority” in sub-section (1) shall, notwithstanding anything contained in the said sub-section or in any judgement, decree or order of a court, not include a building erected on any land held by any person from the Government or a local authority under an agreement, lease, licence or other grant, although having regard to the provisions of such agreement, lease, licence or grant, the building so erected may belong or continue to belong the Government or the local authority, as the case may be, and such person shall be entitled to create a tenancy in respect of such building or a part thereof.",PDF:eng_maharashtra_rent_control_ac.pdf
Simplify this clause,"Power of State Government to issue orders in respect of premises belonging to local authority, etc.— Notwithstanding anything contained in this Act, the State Government may from time to time, by general or special order, direct that the exemption granted to a local authority under sub-section (1) of section 3 shall be subject to such conditions and terms as it may specify either generally or specially in any particular case, as the State Government may in its discretion determine.",PDF:eng_maharashtra_rent_control_ac.pdf
Simplify this clause,"Provisions with regard to standard rent not to apply to certain premises.— Notwithstanding anything contained in this Act, from the commencement of this Act, the provisions relating to standard rent and permitted increases shall not apply to any premises let to or given on licence in a building, whether newly constructed or otherwise where such premises were not let or given on licence for a continuous period of one year: Provided that, nothing in this section shall apply to,— (a) the premises referred to in sections 20 and 21; (b) the premises which are constructed or reconstructed in any housing scheme, undertaken by Government or the Maharashtra Housing and Area Development Authority or by any of its Boards established under section 18 of the Maharashtra Housing Area Development Act, 1976 (Mah.",PDF:eng_maharashtra_rent_control_ac.pdf
Simplify this clause,"Definitions.— In this Act, unless there is anything repugnant to the subject or context,— (1) “Competent Authority” means the competent authority appointed under section 40; (2) “Government allottee”,— (a) In relation to any premises requisitioned or continued under requisition which are allotted the State Government for any non-residential purpose to any Department or office of the State Government or Central Government or any public sector undertaking or corporation owned or controlled fully or partly by the State Government or any Co- operative Society registered under the Maharashtra Co-operative Societies Act, 1960 (Mah.",PDF:eng_maharashtra_rent_control_ac.pdf
Simplify this clause,"XXIV of 1961) or any foreign consulate, by whatever name called, and on the 7th December 1996, being the date of coming into force of the Bombay Rents, Hotel and Lodging House Rates Control, Bombay Rents, Hotel and Lodging House Rates Control, Bombay Land Requisition and Bombay Government Premises (Eviction) (Amendment) Act, 1996 (Mah.",PDF:eng_maharashtra_rent_control_ac.pdf
Simplify this clause,"XVI of 1997) were in their occupation or possession, means the principal officer-in-charge of such office or department or public sector undertaking or corporation or society or corporation or society or consulate; and (b) in relation to any premises requisitioned or continued under requisition which were allotted by the State Government for residential purpose to any person and on the 7th December 1996, being the date of coming into force of the Bombay Rents, Hotel and Lodging House Rates Control, Bombay Land Requisition and Bombay Government Premises (Eviction) (Amendment) Act, 1996 (Mah.",PDF:eng_maharashtra_rent_control_ac.pdf
Simplify this clause,"XVI of 1997); such person or his legal heir was in occupation or possession of such premises for his or such legal heir’s own residence, means such person or legal heir; (3) “Landlord” means any person who is for the time being, receiving, or entitled to receive rent in respect of any premises whether on his own account or on account or on behalf, or for the benefit, of any other person or or as a trustee, guardian, or receiver, for any other person or who would so receive the rent or be entitled to receive the rent if the premises were let to a tenant; and includes any person not being a tenant who from time to time derives title under a landlord, and further includes in respect of his sub-tenant, a tenant who has sub-let any premise; and also includes, in respect of a licensee deemed to be a tenant under the provisions of the Bombay Rents, Hotel and Lodging House Rates Control Act, 1947 (Bom.",PDF:eng_maharashtra_rent_control_ac.pdf
Simplify this clause,"LVII of 1947), the licensor who has given premises on licence and in respect of the State Government, or as the case may be, the Government allottee referred to in sub-clause (b) of clause (2) deemed to be a tenant by section 27 the person who was entitled to receive the rent if the premises were let to a tenant immediately before the 7th December 1996, that is before the coming into force of the Bombay Rents, Hotel and Lodging House Rates Control, Bombay Land Requisition and the Bombay Government Premises (Eviction) (Amendment) Act, 1996 (Mah.",PDF:eng_maharashtra_rent_control_ac.pdf
Simplify this clause,"XVIII (5) “Licensee” in respect of any premises or any part thereof, means the person who is in occupation of the premises or such part, as the case may be, under a subsisting agreement for a licence given for a licence fee or charge; and includes any person in such occupation of any premises or part thereof in a building vesting in or leased to a Co-operative Housing society registered or deemed to be registered under the Maharashtra Co-operative Societies Act, 1960 (Mah.",PDF:eng_maharashtra_rent_control_ac.pdf
Simplify this clause,"XXVIII of 1977), (h) the City and Industrial Development Corporation, (i) the Pimpri and Chinchwad New Township Development Authority; (7) “paying guest” means a person, not being a member of the family, who is given a part of the premises, in which the licensor resides, on licence; (8) “permitted increase” means an increase in rent permitted under the provisions of this Act; (9) “premises” means any building or part of a building let or given on licence separately (other than a farm building) including,— 1 This Act has been repealed by the Bombay Provincial Municipal Corporations (Amendment) and the city of Nagpur Corporation (Repeal) Act, 2011 (Mah.",PDF:eng_maharashtra_rent_control_ac.pdf
Simplify this clause,"XVIII] The Maharashtra Rent Control Act, 1999 9 (i) the gardens, grounds, garages and out-houses, if any, appurtenant to such building or part of a building, (ii) any fitting affixed to such building or part of a building for the more beneficial enjoyment thereof, but does not include a room or other accommodation in a hotel or lodging house; (10) “premises requisitioned or continued under requisition” means the premises requisitioned or continued under requisition under the 1Bombay Land Requisition Act, 1948 (Bom.",PDF:eng_maharashtra_rent_control_ac.pdf
Simplify this clause,"XXXIII of 1948); (11) “prescribed” means prescribed by rules; (12) “repealed Act” or “repealed Acts” means the Act, or Acts referred to in the section 58; (13) “rules” means the rules made under this Act; (14) “standard rent” in relation to any premises means,— (a) where the standard rent is fixed by the Court or, as the case may be, the Controller under the Bombay Rents Restriction Act, 1939 (Bom.",PDF:eng_maharashtra_rent_control_ac.pdf
Simplify this clause,"XVI of 1939), or the Bombay Rents Hotel Rates and Lodging House Rates (Control) Act, 1944 (Bom.",PDF:eng_maharashtra_rent_control_ac.pdf
Simplify this clause,"VII of 1944) or the Bombay Rents, Hotel and Lodging House Rates Control Act, 1947 (Bom.",PDF:eng_maharashtra_rent_control_ac.pdf
Simplify this clause,"LVII of 1947), or the Central Provinces and Berar Letting of Houses and Rent Control Order, 1949 issued under the Central Provinces and Berar Regulation of Letting of Accommodation Act, 1946 (C.",PDF:eng_maharashtra_rent_control_ac.pdf
Simplify this clause,"XI of 1946), or the Hyderabad Houses (Rent, Eviction and Lease) Control Act, 1954 (Hyd.",PDF:eng_maharashtra_rent_control_ac.pdf
Simplify this clause,"XX of 1954), such rent plus an increase of 5 per cent., in the rent so fixed; or (b) where the standard rent or fair rent is not so fixed, then subject to the provisions of sections 6 and 8,— (i) the rent at which the premises were let on the 1st day of October 1987; or (ii) where the premises were not let on the 1st day of October 1987 or the rent at which they were last let before that day, plus increase of 5 per cent.",PDF:eng_maharashtra_rent_control_ac.pdf
Simplify this clause,"in the rent of the premises let before the 1st day of October 1987, or (c) in any of the cases specified in section 8, the rent fixed by the Court; (15) “tenant” means any person by whom or on whose account rent is payable for any premises and includes,— (a) such person,— (i) who is a tenant, or (ii) who is a deemed tenant, or (iii) who is a sub-tenant as permitted under a contract or by the permission or consent of the landlord, or (iv) who has derived title under a tenant, or (v) to whom interest in premises has been assigned or transferred as permitted, by virtue of, under the provisions of, any of the repealed Acts; (b) a person who is deemed to be a tenant under section 25; (c) a person to whom interest in premises has been assigned or transferred as permitted under section 26; (d) in relation to any premises, when the tenant dies, whether the death occurred before or after the commencement of this Act, any member of the tenant’s family, who,— 1 The short title of this Act has been amended as “Maharashtra Land Requisition Act” by Mah.",PDF:eng_maharashtra_rent_control_ac.pdf
Simplify this clause,"XVIII (i) where they are let for residence, is residing, or (ii) where they are let for education, business, trade or storage, is using the premises for any such purpose, with the tenant at the time of his death, or in the absence of such member, any heir of the deceased tenant, as may be decided, in the absence of agreement by, the court.",PDF:eng_maharashtra_rent_control_ac.pdf
Simplify this clause,"Explanation.— The provisions of this clause for transmission of tenancy shall not be restricted to the death of the original tenant, but shall apply even on the death of any subsequent tenant, who becomes tenant under these provisions on the death of the last preceding tenant.",PDF:eng_maharashtra_rent_control_ac.pdf
Simplify this clause,"Court may fix standard rent and permitted increases in certain cases.— (1) Subject to the provisions of section 9 in any of the following cases, the court may, upon an application made to it for the purpose, or in any suit or proceedings, fix the standard rent at such amount as, having regard to the provisions of this Act and the circumstances of the case, the court, deems just,— (a) where the court is satisfied that there is no sufficient evidence to ascertain the rent at which the premises were let in any one of the cases mentioned in paragraphs (i) and (ii) of sub-clause (b) of clause (14) of section 7; or (b) where by reasons of the premises having been let at one time as a whole or in parts and at another time, in parts or as a whole, or for any other reasons; or (c) where any premises have been or are let rent-free or, at a nominal rent; or for some consideration in addition to rent; or (d) where there is any dispute between the landlord and the tenant regarding the amount of standard rent.",PDF:eng_maharashtra_rent_control_ac.pdf
Simplify this clause,"(2) If there is any dispute between the landlord and the tenant regarding the amount of permitted increase, the court may determine such amount.",PDF:eng_maharashtra_rent_control_ac.pdf
Simplify this clause,"(3) If any application for fixing the standard rent or for determining the permitted increase is made by a tenant,— (a) the court shall forthwith specify the amount of rent, or permitted increase which are to be deposited in court by the tenant, and make an order directing the tenant to deposit such amount in court or, at the option of the tenant, make an order to pay to the landlord such amount thereof as the court may specify pending the final decision of the application.",PDF:eng_maharashtra_rent_control_ac.pdf
Simplify this clause,"A copy of the order shall be served upon the landlord; (b) out of any amount deposited in the court under clause (a), the court may make an order for payment of such reasonable sum to the landlord towards payment of the rent or increases due to him as it thinks fit; (c) if the tenant fails to deposit such amount or, as the case may be, to pay such amount thereof to the landlord, his application shall be dismissed.",PDF:eng_maharashtra_rent_control_ac.pdf
Simplify this clause,"(4) (a) Where at any stage of a suit for recovery of rent, whether with or without a claim for possession of the premises, the court is satisfied that the rent is excessive and standard rent should be fixed, the court may, and in any other case, if it appears to the court that it is just and proper to make such an order, the court may make an order directing the tenant to deposit in court forthwith such amount of the rent as the court considers to be reasonable due to the landlord, or at the option of the tenant, an order directing him to pay to the landlord such amount thereof as the court may specify.",PDF:eng_maharashtra_rent_control_ac.pdf
Simplify this clause,"(b) The court may further make an order directing the tenant to deposit in court periodically such amount as it considers proper as interim standard rent, or at the option of the tenant, an order to pay to the landlord, such amount thereof as the court may specify, during the pendency of the suit.",PDF:eng_maharashtra_rent_control_ac.pdf
Simplify this clause,"(c) The court may also direct that if the tenant fails to comply with any order made as aforesaid, within such time as may be allowed by it, he shall not be entitled to appear in or defend the suit except",PDF:eng_maharashtra_rent_control_ac.pdf
Simplify this clause,"XVIII] The Maharashtra Rent Control Act, 1999 11 with leave of the court, which leave may be granted subject to such terms and conditions as the court may specify.",PDF:eng_maharashtra_rent_control_ac.pdf
Simplify this clause,(6) An application under this section may be made jointly by all or any of the tenants interested in respect of the premises situated in the same building.,PDF:eng_maharashtra_rent_control_ac.pdf
Simplify this clause,"No application for standard rent in certain circumstances.— No court shall, upon an application or in any suit or proceedings, fix the standard rent of any premises under section 8, or entertain any plea that the rent or increases are excessive, if the standard rent or the permitted increase in respect of the same premises have been duly fixed by a competent court on the merits of the case, without any fraud or collusion or an error of the fact, and there has been no structural alternations or change in the amenities or in respect of any other factors which are relevant to the fixation of the standard rent, or change in such increases, thereafter in the premises.",PDF:eng_maharashtra_rent_control_ac.pdf
Simplify this clause,"Rent in excess of standard rent illegal.— (1) Save as otherwise provided in section 6, it shall not be lawful to claim or receive on account of rent, for any premises any increases above the standard rent and the permitted increases, unless the landlord was, before the coming into operation of this Act, entitled to recover such increase by virtue of, or under, the provisions of any of the repealed Acts or is entitled to recover such increase under the provisions of this Act.",PDF:eng_maharashtra_rent_control_ac.pdf
Simplify this clause,and special or heavy repairs.— (1) After the commencement of this Act a landlord shall be entitled to make an increase of 4 per cent.,PDF:eng_maharashtra_rent_control_ac.pdf
Simplify this clause,per annum in the rent of the premises let for any of the purpose referred to in sub-section (1) of section 2.,PDF:eng_maharashtra_rent_control_ac.pdf
Simplify this clause,"Explanation.— For the purposes of this sub-section, the period of one year on completion of which rent shall be so increased shall be computed from the date of commencement of this Act.",PDF:eng_maharashtra_rent_control_ac.pdf
Simplify this clause,(2) A landlord shall also be entitled to make such increase in the rent of the premises as may be reasonable for an improvement or structural alterations of the premises which has been made with the consent of the seventy per cent.,PDF:eng_maharashtra_rent_control_ac.pdf
Simplify this clause,"Explanation.— In this sub-section, improvements and alterations do not include the repairs which the landlord is bound to make under sub-section (1) of section 14.",PDF:eng_maharashtra_rent_control_ac.pdf
Simplify this clause,"(3) (a) Notwithstanding anything contained in sub-section (2), but subject to the provisions of clauses (b) and (d), landlord shall further be entitled to make an increase in the rent of premises by an addition to the rent in the manner prescribed of an amount not exceeding fifteen per cent.",PDF:eng_maharashtra_rent_control_ac.pdf
Simplify this clause,per annum of the expenses incurred on account of special additions to premises or special alterations made therein or additional amenities provided for the premises or on account of improvements or structural alterations made under sub-section (2) after the commencement of this Act.,PDF:eng_maharashtra_rent_control_ac.pdf
Simplify this clause,"(b) Before making any increase under clause (a), the landlord shall obtain a certificate from the municipal authority that he was required by it to make or to provide such additions, alterations, improvements or amenities and has completed them in conformity with its requirements.",PDF:eng_maharashtra_rent_control_ac.pdf
Simplify this clause,"(c) If a landlord, when required by a municipal authority to execute the work of any such additions, improvements, alterations or amenities, fails to do so, the tenant or the tenants interested in such work may seek the approval of the municipal authority for executing such work.",PDF:eng_maharashtra_rent_control_ac.pdf
Simplify this clause,"XVIII being granted, the tenants shall be entitled to execute the said work and the expenses incurred for such work shall, for all purposes, be binding on the landlord.",PDF:eng_maharashtra_rent_control_ac.pdf
Simplify this clause,"The tenants shall also be entitled to deduct amount of expenses incurred for such work from the rent which from time to time becomes due by them to the landlord or otherwise recover such amount from him: Provided that, where such work is jointly executed by the tenants the amount to be deducted or recovered by each tenant shall bear the same proportion as the rent payable by him in respect of his premises bears to the total amount of the expenses incurred for such work: Provided further that, the total amount so deducted or recoverable shall not exceed the amount of expenses incurred for such work.",PDF:eng_maharashtra_rent_control_ac.pdf
Simplify this clause,"(d) In respect of any work executed by the tenants under clause (c) and where the total amount of the expenses incurred for such work is deducted or recovered by the tenant or tenants, as the case may be, in accordance with the provisos thereto, the landlord shall be entitled to make the increase permitted under clause (a); and such increase of rent shall be payable from the month following the month in which such total amount is so deducted or recovered.",PDF:eng_maharashtra_rent_control_ac.pdf
Simplify this clause,"(4) (a) The Landlord shall also be further entitled to make, on account of special or structural repairs made by him in accordance with the provisions of this sub-section, a temporary increase in the rent of promises by an addition to the rent, in the manner prescribed at a rate not exceeding twenty-five per cent.",PDF:eng_maharashtra_rent_control_ac.pdf
Simplify this clause,f the standard rent; and the increase of rent shall be payable from the date of completion of the repairs till amount of the expenditure for such repairs is recovered from the tenant.,PDF:eng_maharashtra_rent_control_ac.pdf
Simplify this clause,"(b) Before making any increase under clause (a), the landlord shall obtain, in the prescribed manner and in the prescribed form, a declaration from the prescribed authority or a certificate from an architect from a panel of architects notified by the State Government for the purposes of this Act; asserting that it is necessary to undertake such repairs and specifying the nature and extent of repairs required and the estimated cost therefor, and after such repairs are carried out, the landlord shall also obtain, in the prescribed manner and in the prescribed form, a certificate from such prescribed authority or such architect confirming that the repairs were carried out in accordance with the declaration, or as the case may be the certificate aforesaid and fixing the date of completion of the repairs and the actual expenses therefor.",PDF:eng_maharashtra_rent_control_ac.pdf
Simplify this clause,"(c) The increase in rent under clause (a) shall be recoverable from all tenants occupying premises in the building on the basis of the actual expenses incurred as specified in a certificate from the municipal authority or the architect as aforesaid, and the amount to be recovered from each tenant shall bear the same proportion as the rent payable by him in respect, of his premises bears to the total amount of actual expenses.",PDF:eng_maharashtra_rent_control_ac.pdf
Simplify this clause,"Increase in rent on account of payment of rate, etc.— (1) Where a landlord is required to pay to Government or to any local authority or statutory authority in respect of any premises any fresh rate, cess, charges, tax, land assessment, ground rent of land or any other levy on lands and buildings, he shall, notwithstanding anything contained in any other provisions of this Act but save as otherwise",PDF:eng_maharashtra_rent_control_ac.pdf
Simplify this clause,"XVIII] The Maharashtra Rent Control Act, 1999 13 expressly provided in any other law for the time being in force, be entitled to make an increase in the rent of such premises: Provided that, the increase in rent shall not exceed the amount of any such rate cess, charges, tax, land assessment, ground rent of land or any other levy on lands and buildings, as the case may be.",PDF:eng_maharashtra_rent_control_ac.pdf
Simplify this clause,"(2) Where the rent is inclusive of charges for electricity and water and the landlord is required to pay any increase in these charges in respect of any premises, he shall be entitled to make an increase in the rent of such premises by an amount not exceeding the additional amount payable by him in respect of such premises on account of such increase.",PDF:eng_maharashtra_rent_control_ac.pdf
Simplify this clause,"(3) The amount of the increase in rent recoverable from each tenant under sub-sections (1) and (2) shall bear the same proportion as the rent payable by him in respect of his premises bears to the total amount of any such rate, cess, charges, tax, land assessment, ground rent of land or any other levy on lands and buildings, or increase in electricity or water charges, as the case may be.",PDF:eng_maharashtra_rent_control_ac.pdf
Simplify this clause,Certain increase in rent expected.— Any increase of rent under any of the foregoing provisions of sections 11 and 12 shall not be deemed to be increase for the purpose of section 10.,PDF:eng_maharashtra_rent_control_ac.pdf
Simplify this clause,"Landlords’ duty to keep premises in good repair.— (1) Notwithstanding anything contained in any law for the time being in force and in the absence of an agreement to the contrary by the tenant, every landlord shall be bound to keep the premises in good and tenantable repair.",PDF:eng_maharashtra_rent_control_ac.pdf
Simplify this clause,"(2) If the landlord neglects to make any repairs, which he is bound to make under sub-section (1), within a reasonable time after a notice of fifteen days is served upon him by post or in any other manner by a tenant or jointly by tenants interested in such repairs, such tenant or tenants may themselves make the same and deduct the expenses of such repairs from the rent or otherwise recover them from the landlord.",PDF:eng_maharashtra_rent_control_ac.pdf
Simplify this clause,"Provided that, where the repairs are jointly made by the tenants, the amount to be deducted or recovered with interest by each tenant shall bear the same proportion as the rent payable by him in respect of his premises bears to the total amount of the expenses incurred for such repairs together with simple interest at fifteen per cent.",PDF:eng_maharashtra_rent_control_ac.pdf
Simplify this clause,"per annum on such amount: Provided further that, the amount so deducted or recoverable in any year shall not exceed one- fourth of the rent payable by the tenant of that year.",PDF:eng_maharashtra_rent_control_ac.pdf
Simplify this clause,"(3) For the purpose of calculating the expenses of the repairs made under sub-section (2), the accounts together with the vouchers maintained by the tenants shall be conclusive evidence of such expenditure and shall be binding on the landlord.",PDF:eng_maharashtra_rent_control_ac.pdf
Simplify this clause,"No ejectment ordinarily to be made if tenant pays or its ready and willing to pay standard rent and permitted increases.— (1) A landlord shall not be entitled to the recovery of possession of any premises so long as the tenant pays, or is ready and willing to pay, the amount of the standard rent and permitted increases, if any, and observes and performs the other conditions of the tenancy, in so far as they are consistent with the provisions of this Act.",PDF:eng_maharashtra_rent_control_ac.pdf
Simplify this clause,"(2) No suit for recovery of possession shall be instituted by a landlord against the tenant on the ground of non-payment of the standard rent or permitted increases due, until the expiration of ninety days next after notice in writing of the demand of the standard rent or permitted increases has been served upon the tenant in the manner provided in section 106 of the Transfer of Property Act, 1882 (IV of 1882).",PDF:eng_maharashtra_rent_control_ac.pdf
Simplify this clause,"(3) No decree for eviction shall be passed by the court in any suit for recovery of possession on the ground of arrears of standard rent and permitted increase if, within a period of ninety days from the date of service of the summons of the suit, the tenant pays or tenders in court the standard rent and permitted increases then due together with simple interest on the amount of arrears at fifteen per cent.",PDF:eng_maharashtra_rent_control_ac.pdf
Simplify this clause,per annum; and thereafter continues to pay or tenders in court regularly such standard rent and permitted increases till the suit is finally decided and also pays cost of the suit as directed by the court.,PDF:eng_maharashtra_rent_control_ac.pdf
Simplify this clause,"XVIII (4) Pending the disposal of any suit, the court may, out of any amount paid or tendered by the tenant, pay to the landlord such amount towards the payment of rent or permitted increases due to him as the court thinks fit.",PDF:eng_maharashtra_rent_control_ac.pdf
Simplify this clause,"When landlord may recover possession.— (1) Notwithstanding anything contained in this Act but subject to the provisions of section 25, a landlord shall be entitled to recover possession of any premises if the court is satisfied— (a) that the tenant has committed any act contrary to the provisions of clause (o) of section 108 of the Transfer of Property Act, 1882 (IV of 1882); Explanation.— For the purposes of this clause, replacing of tiles or closing of balcony of the premises shall not be regarded as an act of a causing damage to the building or destructive or permanently injurious thereto; or (b) that the tenant has, without the landlord’s consent given in writing, erected on the premises any permanent structure; Explanation.— For the purposes of this clause, the expression “permanent structure” does not include the carrying out of any work with the permission, wherever necessary, of the municipal authority, for providing a wooden partition, standing cooking platform in kitchen, door, lattice work of opening of a window necessary for ventilation, a false ceiling, installation of air- conditioner, an exhaust outlet or a smoke chimney; or (c) that the tenant, his agent, servant, persons inducted by tenant or claiming under the tenant or, any person residing with the tenant has been guilty of conduct which is a nuisance or annoyance to the adjoining or neighbouring occupier, or has been convicted of using the premises or allowing the premises to be used for immoral or illegal purposes or that the tenant has in respect of the premises been convicted of an offence of contravention of any of the provisions of clause (a) of sub-section (1) of section 394 or of section 394A of the Mumbai Municipal Corporation Act (Bom.",PDF:eng_maharashtra_rent_control_ac.pdf
Simplify this clause,"XL of 1965); or (d) that the tenant has given notice to quit and in consequence of that notice, the landlord has contracted to sell or let the premises or has taken any other steps as a result of which he would, in the opinion of the court, be seriously prejudiced, if he could not obtain possession of the premises; or (e) that the tenant has— (i) on or after the 1st day February 1973, in the areas to which the Bombay Rents, Hotel and Lodging House Rates Control Act, 1947 (Bom.",PDF:eng_maharashtra_rent_control_ac.pdf
Simplify this clause,"LVII of 1947) applied; or (ii) on or after the commencement of this Act, in the Vidarbha and Marathwada areas of the State, unlawfully sub-let or given on licence the whole or part of the premises or assigned or transferred in any other manner his interest therein; or (f) that the premises were let to the tenant for use as a residence by reason of his being in the service or employment of the landlord, and that the tenant has ceased, whether before or after the commencement of this Act, to be in such service or employment; or 1 The short title of the Act has been amended as “The Maharashtra Municipal Corporations Act” by Mah.",PDF:eng_maharashtra_rent_control_ac.pdf
Simplify this clause,"XVIII] The Maharashtra Rent Control Act, 1999 15 (g) that the premises are reasonably and bona fide required by the landlord for occupation by himself or by any person for whose benefit the premises are held or where the landlord is a trustee of a public charitable trust that the premises are required for occupation for the purposes of the trust; or (h) that the premises are reasonably and bona fide required by the landlord for carrying out repairs which cannot be carried out without the premises being vacated; or (i) that the premises are reasonably and bona fide required by the landlord for the immediate purpose of demolishing them and such demolition is to be made for the purpose of erecting new building on the premises sought to be demolished; or.",PDF:eng_maharashtra_rent_control_ac.pdf
Simplify this clause,"(j) that the premises let consist a tenement or tenements on the terrace of a building such tenement or tenements being only in part of the total area of the terrace, and that the premises or any part thereof are required by the landlord for the purpose of the demolition thereof and erection or raising of a floor or floors on such terrace; Explanation.— For the purpose of this clause, if the premises let include the terrace or part thereof, or garages, servants quarters or out-houses (which are not on the terrace), or all or any one of more of them, this clause shall nevertheless apply; or (k) that the premises are required for the immediate purpose of demolition ordered by any municipal authority or other competent authority; or (l) that where the premises are land in the nature of garden or grounds appurtenant to a building or part of a building or part of a building, such land is required by the landlord for the erection of a new building which a municipal authority has approved or permitted him to build thereon; or (m) that the rent charged by the tenant for the premises or any part thereof which are sub-let is in excess of the standard rent and permitted increases in respect of such premises or part or that the tenant has received any fine, premium, other like sum of consideration in respect of such premises or part; or (n) that the premises have not been used, without reasonable cause for the purpose for which they were let for for a continuous period of six months immediately preceding the date of the suit.",PDF:eng_maharashtra_rent_control_ac.pdf
Simplify this clause,"(2) No decree for eviction shall be passed on the ground, specified in clause (g) of sub-section (1), if court is satisfied that, having regard to all the circumstances of the case including the question whether other reasonable accommodation is available for the landlord or the tenant, greater hardship would be caused by passing the decree than by refusing to pass it.",PDF:eng_maharashtra_rent_control_ac.pdf
Simplify this clause,"Where the court is satisfied that no hardship would be caused either to the tenant or to the landlord by passing the decree in respect of such part of the premises, the court shall the decree in respect of such part only.",PDF:eng_maharashtra_rent_control_ac.pdf
Simplify this clause,Explanation.— For the purposes of clause (g) of sub-section (1) the expression “landlord” shall not include a rent-farmer or rent-collector or estate-manager.,PDF:eng_maharashtra_rent_control_ac.pdf
Simplify this clause,"(3) A landlord shall not be entitled to recover possession of any premises under the provisions of clause (g) of sub-section (1) if the premises are let to the Central Government in a cantonment area and such premises, are being used for residence by members of the armed forces of the Union, or their families.",PDF:eng_maharashtra_rent_control_ac.pdf
Simplify this clause,(4) The court may pass the decree on the ground specified in clause (h) or (i) of sub-section (1) only in respect of a part of the premises which in its opinion it is necessary to vacate for carrying out the work of repair or erection.,PDF:eng_maharashtra_rent_control_ac.pdf
Simplify this clause,"(5) Notwithstanding anything contained in any other law for the time being in force, an assignment of a decree for eviction obtained on the grounds specified in clauses (g), (h), (i) and (j) of sub-section (1) shall be unlawful.",PDF:eng_maharashtra_rent_control_ac.pdf
Simplify this clause,"(6) No decree for eviction shall be passed on the ground specified in clauses (i) or (j) of sub-section (1), unless the Court is satisfied,—",PDF:eng_maharashtra_rent_control_ac.pdf
Simplify this clause,"XVIII (a) that the necessary funds for the purpose of the erection of new building or for erecting or raising of a new floor or floors on the terrace are available with the Landlord; (b) that the plans and estimates for the new building or new floor or floors have been properly prepared; (c) that the new building or new floor or floors to be erected by the landlord shall, subject to the provisions of any rules, by-laws or regulations made by municipal authority contain residential tenements not less than the number of existing tenements which are sought to be demolished; (d) that the landlord has given an undertaking,— (i) that the plans and estimates, for the new building or new floor or floors to be erected by the landlord include premises for each tenant with carpet area equivalent to the area of the premises in his occupation in the building sought to be demolished subject to a variation of five per cent.",PDF:eng_maharashtra_rent_control_ac.pdf
Simplify this clause,"in area; (ii) that the premises specified in sub-clause (i) will be offered to the concerned tenant or tenants in the re-erected building or, as the case may be on the floor to floors; (iii) that where the carpet area of the premises in the new building or on the new floor or floors is more than the carpet area specified in sub-clause (i) the landlord shall, without prejudice to the liability of the landlord under sub-clause (i), obtain the consent, in writing, of the tenant or tenants concerned to accept the premises with larger area; and on the tenant or tenants declining to give such consent the landlord shall be entitled to put the additional floor area of any permissible use; (iv) that the work of demolishing the premises shall be commenced by the landlord not later than one month, and shall be completed not later than three months, from the date he recovers possession of the entire premises; (v) that the work of erection of the new building or new floor or floors shall be completed by the landlord not later than fifteen months from the said date: Provided that, where the court is satisfied that the work of demolishing the premises could not be commenced or completed, or the work of erection of the new building or, as the case may be the new floor or floors could not be completed, within time, for reasons beyond the control of the landlord, the court may, by order, for reasons to be recorded, extend the period by such further periods, not exceeding three months at a time as may, from the time to time, be specified by it, so however that the extended period shall not exceed twelve months in the aggregate.",PDF:eng_maharashtra_rent_control_ac.pdf
Simplify this clause,"(7) Where the possession of premises is recovered on the ground specified under clause (g), (h), (i) or (j) of sub-section (1) and the premises and transferred by the landlord, or by operation of law before the tenant or tenants are placed in occupation, then such transfer shall be subject to the rights and interests of such tenants.",PDF:eng_maharashtra_rent_control_ac.pdf
Simplify this clause,"(8) For the purposes of clause (m) of sub-section (1), the standard rent or permitted increase in respect of the part sub-let shall be the amounts bearing such proportion to the standard rent or permitted increases in respect of the premises as may be reasonable having regard to the extent of the part sub-let and other relevant considerations.",PDF:eng_maharashtra_rent_control_ac.pdf
Simplify this clause,"(9) Notwithstanding anything contained in this Act, where the premises let to any person include— (i) the terrace or part thereof; or (ii) any one or more of the following structures that is to say, tower-room, sitting-out-rooms, ornamental structures, architectural features, landings, attics on the terrace of a building, or one or more rooms of whatsoever description on, such terrace (such room or rooms being in the aggregate of an area not more than one-sixth of the total area of the terrace); or (iii) the terrace or part thereof and any such structure,",PDF:eng_maharashtra_rent_control_ac.pdf
Simplify this clause,"XVIII] The Maharashtra Rent Control Act, 1999 17 and the court is satisfied that the terrace or structure or terrace including structure as aforesaid, are required by the landlord for the purpose of demolition and erection or raising of a floor or floors on such terrace, the landlord shall be entitled to recover possession of the terrace including such tower-rooms, sitting-out-rooms, ornamental structures, architectural features, landings, attics or rooms, the court may make such reduction, if any, in the rent as it may deem just.",PDF:eng_maharashtra_rent_control_ac.pdf
Simplify this clause,"(10) A suit for eviction on the grounds specified in clause (h), (i), (j) or (k) of sub-section (1) may be filed by the landlord jointly against all the tenants occupying the premises sought to be demolished.",PDF:eng_maharashtra_rent_control_ac.pdf
Simplify this clause,"Recovery of possession for repairs and re-entry.— (1) The court shall, when passing a decree on the ground specified in clause (h) of sub-section (1) of section 16, ascertain from the tenant whether he elects to be placed in occupation of the premises or part thereof from which he is to be evicted and if the tenant so elects, shall record the fact of the election, in the decree and specify in the decree the date on or before which he shall deliver possession so as to enable the landlord to commence the work of repairs.",PDF:eng_maharashtra_rent_control_ac.pdf
Simplify this clause,"(2) If the tenant delivers possession on or before the date specified in the decree, the landlord shall, two months before the date on which the work of repairs is likely to be completed, give notice to the tenant of the date on which the said work shall be completed.",PDF:eng_maharashtra_rent_control_ac.pdf
Simplify this clause,Within thirty days from the date of receipt of such notice the tenant shall intimate to the landlord his acceptance of the accommodation offered and deposit with the landlord rent for one month.,PDF:eng_maharashtra_rent_control_ac.pdf
Simplify this clause,"If the tenant gives such intimation and makes the deposit, the landlord shall, on completion of the work of repairs, place the tenant in occupation of the premises or part thereof on the terms and conditions existing on the date of the passing of the decree for eviction.",PDF:eng_maharashtra_rent_control_ac.pdf
Simplify this clause,"If the tenant fails to give to such intimation and to make the deposit, the tenant’s right to occupy the premises shall terminate.",PDF:eng_maharashtra_rent_control_ac.pdf
Simplify this clause,"(3) If, after the tenant has delivered possession on or before the date specified in the decree, the landlord fails to commence the work of repairs within one month of the specified date or fails to complete the work within a reasonable time or having completed the work fails to place the tenant in occupation of the premises in accordance with sub-section (2), the court may, on the application of the tenant made within one year of the specified date, order the landlord to place him in occupation of the premises or part thereof on the terms and conditions existing on the date of passing of the decree of eviction and on such order being made, the landlord and any person who may be in occupation shall give vacant possession to the tenant of the premises or part thereof.",PDF:eng_maharashtra_rent_control_ac.pdf
Simplify this clause,"(4) Any landlord who, when the tenant has vacated by the date specified in the decree, without reasonable excuse fails to commence the work of repairs and any landlord or other person in occupation of the premises who fails to comply with the order made by the court under sub-section (3), shall, on conviction, be punishable with imprisonment for a term which may extend to three months or with fine which may extend to one thousand rupees or with both.",PDF:eng_maharashtra_rent_control_ac.pdf
Simplify this clause,"Recovery of possession for occupation etc., and re-entry.— (1) Where a decree for eviction has been passed by the court on the ground specified in clause (g) of sub-section (1) of section 16 and the premises are not occupied within a period of one month from the date the landlord recovers possession or the premises are re-let within one year of the said date to any person other than the original tenant, the court may, on the application of the original tenant made within thirteen months from such date, order the landlord to place him in occupation of the premises, on the terms and conditions existing on the date of passing of the decree for eviction and, on such order being made, the landlord and any person who any may be in occupation of the premises shall give vacant possession to the original tenant.",PDF:eng_maharashtra_rent_control_ac.pdf
Simplify this clause,"(2) Any landlord who recovers possession on the ground specified in clause (g) of sub-section (1) of section 16 and keeps the premises unoccupied without reasonable excuse and any landlord or other person in occupation of the premises who fails to comply with the order of the court under sub-section (1) shall, on conviction, be punishable with imprisonment for a term which may extend to three months or with fine which may extend to five thousand rupees or with both.",PDF:eng_maharashtra_rent_control_ac.pdf
Simplify this clause,"Recovery of possession for demolishing building.— (1) Where a decree for eviction has been passed by the court on the ground specified in clause (i) or (j) of sub-section (1) of section 16, and the work of demolishing the premises has not been commenced by the landlord within the period",PDF:eng_maharashtra_rent_control_ac.pdf
Simplify this clause,"XVIII specified in sub-clause (iv) of clause (d) of sub-section (6) of the said section, the tenant may give the landlord a notice of his intention to occupy the premises from which he has been evicted and if the landlord does not forthwith deliver to him the vacant possession of the premises on the same terms and conditions on which he occupied them immediately before the eviction, the tenant may make an application to the court within six weeks from the date on which he delivered vacant possession of the premises to the landlord.",PDF:eng_maharashtra_rent_control_ac.pdf
Simplify this clause,"(2) If the court is satisfied that the landlord has not substantially commenced the work of demolishing the premises within the period of one month in accordance with his undertaking, the court shall order the landlord to deliver to the tenant vacant possession of the premises on the terms and conditions on which he occupied them immediately before the eviction.",PDF:eng_maharashtra_rent_control_ac.pdf
Simplify this clause,"On such order being made, the landlord shall forthwith deliver vacant possession of the premises to the tenant.",PDF:eng_maharashtra_rent_control_ac.pdf
Simplify this clause,"(3) Any landlord who recovers possession on the ground specified in clause (i) or (j) of sub-section (1) of section 16, and fails to carry out any undertaking referred to in sub-clause (i), (ii), (iii), (iv) or (v) of clause (d) of sub-section (6) of the said section without any reasonable excuse or fails to comply with the order of the court under sub-section (1) shall, without prejudice to his liability in execution to the order under sub-section (2), on conviction, be punishable with imprisonment for a term which may extend to thirty days or with fine which may extend to five thousand rupees or with both.",PDF:eng_maharashtra_rent_control_ac.pdf
Simplify this clause,"Tenants’ right to give notice to landlord of his intention to occupy tenement in new building.— Where a decree for eviction has been passed by the court on the ground specified in clause (i) of sub-section (1) of section 16 and the work of demolishing the premises and of the erection of new building has been commenced by the landlord, the tenant may, without prejudice to the provisions of sub-clause (ii) and (iii) of clause (d) of sub-section (6) of section 16 within six months from the date on which he delivered vacant possession of the premises to the landlord, give notice to the landlord of his intention to occupy a tenement in the new building on its completion on the following conditions, namely:— (a) that he shall pay to the landlord the standard rent in respect of the tenement: Provided that, in respect of a residential tenement, the tenant concerned shall not be required to pay rent in relation to the area at more than double the rate at which he paid rent for his former premises immediately before his eviction under the decree, unless the landlord obtains an order of the court fixing the standard rent in respect of the tenement at higher rate; (b) that his occupation of the tenement shall, save as provided in condition (a), be on the same terms and conditions on which he occupied the premises immediately before the eviction.",PDF:eng_maharashtra_rent_control_ac.pdf
Simplify this clause,"Landlord to intimate to tenant date of completion and tenant’s right to occupy premises in new building.— (1) The landlord shall, not less than three months before the date on which the erection of the new building or, completion as the case may be, new floor or floors is likely to be completed, intimate to the tenant, the date on which the said erection shall be completed.",PDF:eng_maharashtra_rent_control_ac.pdf
Simplify this clause,"On the said date, the tenant shall be entitled to occupy the premises assigned to him by the landlord.",PDF:eng_maharashtra_rent_control_ac.pdf
Simplify this clause,"(2) (a) If the tenant fails to occupy the premises within a period of one month from the date on which he is entitled to occupy it under sub-section (1), the tenant’s right to occupy the said premises under the said sub-section shall terminate; and the landlord shall be entitled to recover from the tenant a sum equal to three times the amount of the monthly standard rent in respect of the premises.",PDF:eng_maharashtra_rent_control_ac.pdf
Simplify this clause,"(b) If the landlord fails, without reasonable excuse, to comply with the provisions of sub-section (1) or to place the tenant in occupation of the premises he shall, without prejudice to his liability to place the tenant in vacant possession of the premises on conviction, be punishable with imprisonment for a term which may extend to three months or with fine which may extend to five thousand rupees or with both.",PDF:eng_maharashtra_rent_control_ac.pdf
Simplify this clause,"Recovery of possession in case of tenancy created during service period.— (1) Where any landlord intends to let any premises or any part thereof belonging to him, to his employee, such",PDF:eng_maharashtra_rent_control_ac.pdf
Simplify this clause,"XVIII] The Maharashtra Rent Control Act, 1999 19 landlord and the employee may enter into an agreement in writing to create a service tenancy in respect of the said premises or an agreement in writing to create a service tenancy in respect of the said premises or any part thereof; and notwithstanding anything contained in this Act, the tenancy so created shall remain in force during the period of service or employment of the tenant with the landlord.",PDF:eng_maharashtra_rent_control_ac.pdf
Simplify this clause,"(2) After the creation of the service tenancy under sub-section (1), if the tenant ceases to be in the service or employment of the said landlord either by retirement, resignation, termination of service, death or for any other reason, the tenant or any other person residing with him or claiming under him fails to vacate such premises or any part thereof immediately, then, notwithstanding anything contained in this Act or in any other law for the time being in force, the Competent Authority shall, if it is satisfied, on an application made to it in this behalf by such landlord within thirty days, make an order that the tenant or any such person as aforesaid shall place the landlord in vacant possession of such premises or part thereof; and on their refusal or failure to do so the Competent Authority may proceed to take action under section 45: Provided that, the Competent Authority may entertain an application under this sub-section after the expiry of the said period, if it is satisfied that the applicant was prevented by sufficient cause from making the application in time: Provided further that, where the tenant is a workman or an employee whose services are terminated and a dispute in respect of such termination is pending before a tribunal, court or any other competent authority, the order for a eviction shall not be passed until such tribunal, court or authority, under the relevant law, finally upholds the order of such termination.",PDF:eng_maharashtra_rent_control_ac.pdf
Simplify this clause,"Explanation.— For the purposes of this section, the expression “landlord” shall not include, in respect of sub-tenant, a tenant who has sub-let any premises, or in respect of a deemed tenant, a tenant at whose instance the deemed tenant has come in occupation of any premises.",PDF:eng_maharashtra_rent_control_ac.pdf
Simplify this clause,"Members of armed forces of the Union, scientists or their successor-in-interest entitled to recover possession of premises required for their occupation.— (1) Notwithstanding anything to the contrary contained in this Act or any contract,— (A) a landlord, who,— (i) is a member of armed forces of the Union, or was such a member and has retired as such (which term shall include premature retirement), or (ii) holds a scientific post in the Department of Atomic Energy of the Central Government or in any of its aided institution (hereinafter in this section referred to as “a scientist”), or was such a scientist and has retired as such (which term shall include premature retirement), and one year has not elapsed since his retirement on the date of making of the application, or (iii) is an employee of the Government of India, Government of any State or Union Territory, Public Sector Undertaking of the Government of India or of any State Government (hereinafter referred to as (“a Government servant”), and has retired as such (which term shall include premature retirement) and one year has not elapsed since his retirement on the date of the application, shall be entitled to recover from his tenant the possession of any premises owned by him on the ground that such premises are bona fide required by him for occupation by himself or by any member of his family, by making an application for the purpose of recovery of possession of the premises, to the Competent Authority; and the Competent Authority shall make an order of eviction on that ground if— (a) in the case of landlord who is a member of the armed forces of the Union, he produces a certificate signed by the authorised officer to the effect that,—",PDF:eng_maharashtra_rent_control_ac.pdf
Simplify this clause,"XVIII (i) he is a member of the armed forces of the Union, or that he was such a member and has retired as such, and (ii) he does not possess any other premises suitable for residence in the local area where the premises are situated; or (b) in the case of a landlord who is scientist, he produces a certificate signed by an officer of the Department of Atomic Energy of, or above, of the rank of Deputy Secretary to Government to the effect that,— (i) he is presently holding a scientific post in the Department of Atomic Energy or in any of its aided institutions specified in the certificate or he was holding such post and has now retired with effect from the date specified in the certificate; and (ii) he does not possess any other suitable residence (excluding any residential accommodation provided by Government) in the local area where the premises are situated; or (c) in the case of a Government servant, he produces a certificate signed by the Head Department or the Head of the office, or the Chief Executive of the Public Sector Undertaking, by whatever designation called, to the effect that,— (i) he is presently holding the post in that Department, office or Public Sector Undertaking or he was holding such post and has now retired with effect from the date specified in the certificate; and (ii) he does not possesses any other suitable residence (excluding any residential accommodation provided by Government or Public Sector Undertaking) in the local area where the premises are situated; (B) a successor-in-interest who becomes the landlord of the premises owned by any landlord referred to in clause (A), as a result of death of such a landlord while in service or where he is a member of the armed forces of the Union, within five years of his retirement, or where he is scientist, or a Government servant, within one year of his retirement, shall be entitled to recover possession of such premises on the ground that such premises are bona fide required for occupation by the successor-in-interest himself or by any member of the family of the deceased landlord, by making an application for the purpose of recovery of possession of the premises, to the Competent Authority; and the Competent Authority shall make an order of eviction on that ground if,— (a) in the case of the successor-in-interest of a member of the armed forces of the Union, he produces a certificate signed by the authorised officer to the effect that,— (i) a successor-in-interest is a widow or any other member of the family of the deceased member of the armed forces of the Union, who died while in service on the date specified in the certificate (or of a member of the armed forces of the Union who has retired and who died within five years of his retirement on the date specified in the certificate); and (ii) such a successor-in-interest does not possess any other premises suitable for residence in the local area where such premises are situated; or (b) in the case of a successor-in-interest of a scientist, he produces a certificate signed by an officer of the Department of Atomic Energy of, or above, the rank of Deputy Secretary to Government, to the effect that,— (i) the successor-in-interest is a widow or any other member of the family of the deceased scientist who died while in service on the date specified in the certificate (or of a scientist who has retired and who died within one year of his retirement on the date specified in the certificate);",PDF:eng_maharashtra_rent_control_ac.pdf
Simplify this clause,"XVIII] The Maharashtra Rent Control Act, 1999 21 (ii) such successor-in-interest does not possess any other suitable residence (excluding any residential accommodation provided by Government) in the local area where such premises situated; or (c) in the case of a successor-in-interest of a Government servant, he produces a certificate signed by the head of his Department, Head of the office, or the Chief Executive, by whatever designation called, of the Public Sector Undertaking, to the effect that,— (i) the successor-in-interest is a widow or any other member of the family of the deceased Government servant, who died while in service on the date specified in the certificate) (or of a Government servant who has retired and who died within one year of his retirement on the date specified in the certificate); and (ii) such successor-in-interest does not possess any other suitable residence (excluding any residential accommodation provided by Government or the Public Sector Undertaking) in the local area where such premises are situated.",PDF:eng_maharashtra_rent_control_ac.pdf
Simplify this clause,"Explanation.— For the purposes of this section,— (1) “authorised officer”, in relation to a member of the armed forces of the Union, means the commanding officer or head of services, including,— (i) in the case of an officer retired from the Army, the Area Commander, (ii) in the case of an officer retired from the Navy, the Flag Officer Command-in-Chief Naval Command, and (iii) in the case of an officer retired from the Air Force, the Station Commander; (2) “member of the family” means any of the following members of the family of a member of the armed forces of the Union, or a scientist, or a Government servant, as the case may be, who is ordinarily residing with him and who is dependent on him and where member of the armed forces of the Union or a scientist or a Government servant has retired or died, any member of his family who is so residing or dependent at the time of his retirement, or as the case may be, death, namely :— spouse, father, mother, son, daughter, grand-son, grand-daughter, son’s wife, grand- son’s wife, widow of predeceased son or grandson; (3) “successor-in-interest” means,— (i) if the deceased landlord has a spouse living at the time of his death, spouse, and (ii) in any other case, any other member of his family.",PDF:eng_maharashtra_rent_control_ac.pdf
Simplify this clause,"Landlord entitled to recover possession of premises given on licence on expiry.— (1) Notwithstanding anything contained in this Act, a licensee, in possession or occupation of premises given to him on license for residence shall deliver possession of such premises to the landlord on expiry of the period of licence; and on the failure of the licensee to so deliver the possession of the licensed premises, a landlord shall be entitled to recover possession of such premises from a licensee, on the expiry of the period of licence, by making an application to the Competent Authority, and the Competent Authority, on being satisfied that the period of licence has expired, shall pass an order for eviction of a licensee.",PDF:eng_maharashtra_rent_control_ac.pdf
Simplify this clause,(2) Any licensee who does not deliver possession of the premises to the landlord on expiry of the period of licence and continues to be in possession of the licensed premises till he is dispossessed by the Competent Authority shall be liable to pay damages at double the rate of the licence fee or charge of the premises fixed under the agreement of licence.,PDF:eng_maharashtra_rent_control_ac.pdf
Simplify this clause,"Explanation.— For the purposes of this section,— (a) the expression “landlord” includes a successor-in-interest who becomes the landlord of the premises as a result of death of such landlord; but does not include a tenant or a sub-tenant who has given premises on license; (b) an agreement of licence in writing shall be conclusive evidence of the fact stated therein.",PDF:eng_maharashtra_rent_control_ac.pdf
Simplify this clause,"Certain Sub-tenants to become tenants on determination of tenancy.— When the interest of a tenant of any premises is determined for any reason, any sub-tenant to whom the premises or any part thereof have been lawfully sub-let and such sub-tenancy is subsisting on the date of commencement of this Act or where sub-tenancy is permitted by a contract between the landlord and the tenant, such sub-tenant shall, subject to the provisions of this Act, be deemed to become the tenant of his landlord on the same terms and conditions as he would have held from the tenant if the tenancy had continued.",PDF:eng_maharashtra_rent_control_ac.pdf
Simplify this clause,"In absence of contract tenant not to sub-let or transfer or give on licence.— Notwithstanding anything contained in any law for the time being in force but subject to any contract to the contrary it shall not be lawful for tenant to sub-let or give on licence the whole or any part of the premises let to him, or to assign or transfer in any other manner his interest therein: Provided that, the State Government may by notification in the Official Gazette, permit in any area the transfer of interest in premises held under such leases or class of leases any premises or class of premises other than those let for business, trade or storage to such extent as may be specified in the notification.",PDF:eng_maharashtra_rent_control_ac.pdf
Simplify this clause,"State Government or Government allottee to become tenant of premises requisitioned or continued under requisition.— (1) On the 7th December 1996, that is the date of coming into force of Bombay Rents, Hotel and Lodging House Rates Control, Bombay Land Requisition and Bombay Government Premises (Eviction) (Amendment) Act, 1996 (Mah.",PDF:eng_maharashtra_rent_control_ac.pdf
Simplify this clause,"XVI of 1997) (hereinafter in this section referred to as “the said date”),— (a) the State Government, in respect of the premises requisitioned or continued under requisition and allotted to a Government allottee referred to in sub-clause (a) of clause (2) of section 7; and (b) the Government allottee, in respect of the premises requisitioned or continued under requisition and allotted to him as referred to in sub-clause (b) of clause (2) of section shall, notwithstanding anything contained in this Act, or in the Bombay Land Requisition Act, 1948 (Bom.",PDF:eng_maharashtra_rent_control_ac.pdf
Simplify this clause,"XVIII] The Maharashtra Rent Control Act, 1999 23 any judgement, decree or order of any court passed on or after the 11th June 1996, or in any order of eviction issued by the Competent Authority, or by the Appellate Authority, under the Bombay Land Requisition Act, 1948 (Bom.",PDF:eng_maharashtra_rent_control_ac.pdf
Simplify this clause,"XXXIII of 1948), be deemed to have become, for the purposes of this Act, the tenant of the landlord; and such premises shall be deemed to have been let by the landlord to the State Government or, as the case may be, to such Government allottee, on payment of rent and permitted increases equal to the amount of compensation payable in respect of the premises immediately before the said date.",PDF:eng_maharashtra_rent_control_ac.pdf
Simplify this clause,"(2) Save as otherwise provided in this section or any other provisions of this Act, nothing in this section shall affect,— (a) the rights of the landlord including his right to recover possession of the premises from such tenant on any of the grounds mentioned in section 16 or in any other section; (b) the right of the landlord or such tenant to apply to the court for the fixation of standard rent and permitted increases under this Act, by reason only of the fact that the amount of the rent and permitted increases, if any, to be paid by such tenant to the landlord is determined under sub-section (1); (c) the operation and the application of the other relevant provisions of this Act in respect of such tenancy.",PDF:eng_maharashtra_rent_control_ac.pdf
Simplify this clause,"Inspection of premises.— The landlord shall be entitled to inspect the premises let or given on licence, at a reasonable time after giving prior notice to the tenant, licensee or occupier.",PDF:eng_maharashtra_rent_control_ac.pdf
Simplify this clause,"Landlord not to cut-off or withhold essential supply or service.— (1) No landlord, either himself or through any person acting or purporting to act on his behalf, shall, without just or sufficient cause, cut-off or withhold any essential supply or service enjoyed by the tenant in respect of the premises let to him.",PDF:eng_maharashtra_rent_control_ac.pdf
Simplify this clause,"(2) A tenant in occupation of the premises may, if the landlord has contravened the provisions of sub-section (1), make an application to the court for a direction to restore such supply or service.",PDF:eng_maharashtra_rent_control_ac.pdf
Simplify this clause,"(3) Having regard to the circumstances of a particular case the court may, if it is satisfied that it is necessary to make an interim order, make such order directing the landlord to restore the essential supply or service before the date specified in such order, before giving notice to the landlord of the enquiry to be made in the application under sub-section (3) or during the pendency of such enquiry.",PDF:eng_maharashtra_rent_control_ac.pdf
Simplify this clause,"On the failure of the landlord to comply with such interim order of the court, the landlord shall be liable to the same penalty as is provided for in sub-section (4).",PDF:eng_maharashtra_rent_control_ac.pdf
Simplify this clause,"(4) If the court on inquiry finds that the tenant has been in enjoyment of the essential supply or service and that it was cut-off or withheld by the landlord without just or sufficient cause, the court shall make an order directing the landlord to restore such supply or service before a date to be specified in the order.",PDF:eng_maharashtra_rent_control_ac.pdf
Simplify this clause,"Any landlord who fails to restore the supply or service before the date so specified, shall, for each day during which the default continues thereafter, be liable upon further directions by the court, to that effect, to fine which may extend to one hundred rupees.",PDF:eng_maharashtra_rent_control_ac.pdf
Simplify this clause,"(5) Any landlord, who contravences, the provisions of sub-section (1), shall, on conviction, be punishable with imprisonment for a term which may extend to three months or with fine which may extend to one thousand rupees or with both.",PDF:eng_maharashtra_rent_control_ac.pdf
Simplify this clause,(6) An application under this section may be made jointly by all or any of the tenants of the premises situated in the same building.,PDF:eng_maharashtra_rent_control_ac.pdf
Simplify this clause,"Explanation.— In this section,— (a) essential supply or service includes supply of water, electricity, lights in passages and on stair-cases, lifts and conservancy or sanitary service; (b) withholding any essential supply or service shall include acts or ommissions attributable to the landlord on account of which the essential supply or service is cut-off by the municipal authority or any other competent authority.",PDF:eng_maharashtra_rent_control_ac.pdf
Simplify this clause,"XVIII (7) Without prejudice to the provisions of sub-sections (1) to (6) or any other law for the time being in force, where the tenant,— (a) who has been in enjoyment of any essential supply or service and the landlord has withheld the same, or (b) who desires to have, at his own cost, any other essential supply or service for the premises in his occupation, the tenant may apply to the Municipal or any other authority authorised in this behalf, for the permission or for supply of the essential service and it shall be lawful for that authority to grant permission for, supply of such essential supply or service applied for without insisting on production of a ‘No Objection Certificate’ from the landlord by such tenant.",PDF:eng_maharashtra_rent_control_ac.pdf
Simplify this clause,"Conversion of residential into commercial premises prohibited.— (1) A landlord shall not use or permit to be used for a commercial purpose any premises which, on the date of the commencement of this Act, were used for a residential purpose.",PDF:eng_maharashtra_rent_control_ac.pdf
Simplify this clause,"(2) Any landlord who contravenes the provisions of sub-section (1) shall, on conviction, be punishable with imprisonment for a term which may extend to six months or with fine which may extend to ten thousand rupees or with both.",PDF:eng_maharashtra_rent_control_ac.pdf
Simplify this clause,Giving receipt for any amount received compulsory.— (1) Every landlord shall give a written receipt for any amount at the time when such amount is received by him in respect of any premises in such form and in such manner as may be prescribed.,PDF:eng_maharashtra_rent_control_ac.pdf
Simplify this clause,"(2) Every landlord shall, without charging any consideration, issue the rent receipt in respect of the premises let out to the deceased tenant in the name of the family member referred to in sub-clause (d) of clause (15) of section 7.",PDF:eng_maharashtra_rent_control_ac.pdf
Simplify this clause,"(3) Any landlord or person who fails to give a written receipt for any amount received by him in respect of any premises shall, on conviction, be punishable with fine which may extend to one hundred rupees for each day of default.",PDF:eng_maharashtra_rent_control_ac.pdf
Simplify this clause,"Recovery of rent according to British Calendar.— (1) Notwithstanding anything contained in any law for the time being in force or any contract, custom of local usage to the contrary, rent payable by the month or year or portion year shall be recovered according to the British Calendar.",PDF:eng_maharashtra_rent_control_ac.pdf
Simplify this clause,(2) The State Government may prescribe the manner in which rent recoverable according to any other calendar before the coming into operation of this Act shall be calculated and charged in terms of the British Calendar.,PDF:eng_maharashtra_rent_control_ac.pdf
Simplify this clause,"Jurisdiction of courts.— (1) Notwithstanding anything contained in any law for the time being in force, but subject to the provisions of Chapter VIII, and notwithstanding that by reason of the amount of the claim, or for any other reason, the suit or proceeding would not, but for this provision, be within its jurisdiction,— (a) in Brihan Mumbai, the Court of Small Causes, Mumbai, (b) in any area for which a Court of a Small Causes is established under the Provincial Small Causes Courts Act, 1887 (IX of 1887), such court, and (c) elsewhere, the court of the Civil Judge (Junior Division) having jurisdiction in the area in which the premises are situate or, if there is no such Civil Judge, the court of the Civil Judge (Senior Division) having ordinary jurisdiction, shall have jurisdiction to entertain and try any suit of proceeding between a landlord and a tenant relating to the recovery of rent or possession of any premises and to decide any application made under this Act (other than the application which are to be decided by the State Government or an officer authorised by it or the Competent",PDF:eng_maharashtra_rent_control_ac.pdf
Simplify this clause,"XVIII] The Maharashtra Rent Control Act, 1999 25 Authority) and subject to the provisions of sub-section (2), no other court shall have jurisdiction to entertain any such suit, proceeding, or application or to deal with such claim or question.",PDF:eng_maharashtra_rent_control_ac.pdf
Simplify this clause,"Appeal.— (1) Notwithstanding anything contained in any law for the time being in force, an appeal shall lie— (a) in Brihan Mumbai from a decree or order made by the Court of Small Causes, Mumbai exercising jurisdiction under section 33, to a bench of two judges of the said Court which shall not include the Judge who made such decree or order; (b) elsewhere, from a decree or order made by a Judge of the Court of Small Causes established under the Provincial Small Causes Courts Act, 1887 (IX of 1887), or by the Court of the Civil Judge deemed to be the Court of Small Causes under clause (c) of sub-section (2) of section 33 or by a Civil Judge exercising such jurisdiction, to the District Court: Provided that no such appeal shall lie from,— (a) a decree or order made in any suit or proceeding in respect of which no appeal lies under the Code of Civil Procedure, 1908 (V of 1908); (b) a decree or order made in any suit or proceeding (other than a suit or proceeding relating to possession) in which the plaintiff seeks to recover rent in respect of any premises and amount or value of the subject matter of which does not exceed— (i) where such suit or proceeding is instituted in Brihan Mumbai, Rs.",PDF:eng_maharashtra_rent_control_ac.pdf
Simplify this clause,"10,000; and (ii) where such suit or proceeding is instituted elsewhere, the amount upto which the Judge or Court specified in clause (b) is invested with jurisdiction of a Court of Small Causes, under any law for the time being in force; (c) an order made upon on an application for fixing the standard rent or for determining the permitted increases in respect of any premises except in a suit or proceeding in which an appeal lies; (d) an order made upon an application by a tenant for a direction to restore any essential supply or service in respect of the premises let to him.",PDF:eng_maharashtra_rent_control_ac.pdf
Simplify this clause,"Saving of suit involving tittle.— Nothing contained in sections 33 and 34 shall be deemed to bar a party to a suit, proceeding or appeal mentioned therein in which a question of title to premises arises and is determined from using in a competent court to establish, his title to such premises.",PDF:eng_maharashtra_rent_control_ac.pdf
Simplify this clause,"Definition of landlord for the purpose of Chapter VIII.— For the purposes this Chapter, landlord means a landlord who is,— (a) a person who has created a service tenancy in respect of his premises or a part thereof in favour of his employee under section 22; (b) a member of the armed forces of the Union or a scientist or a Government servant or a successor-in-interest, referred to in section 23; or",PDF:eng_maharashtra_rent_control_ac.pdf
Simplify this clause,"XVIII] The Maharashtra Rent Control Act, 1999 27 (c) a person who has given premises on licence for residence or a successor-in-interest referred to in section 24.",PDF:eng_maharashtra_rent_control_ac.pdf
Simplify this clause,"Special provision for making application to Competent Authority by landlord to evict tenant or licensee.— Notwithstanding anything contained in this Act or any other Law for the time being in force or any contract to the contrary or any judgement or decree or order of any court, but subject to the provisions of section 22 or 23 or 24, as the case may be, a landlord may submit an application to the Competent Authority, signed and verified in a manner provided in rules 14 and 15 of Order VI of the First Schedule to the Code of Civil Procedure, 1908 (V of 1908), as if it were a plaint, to the Competent Authority having jurisdiction in the area in which the premises are situated, for the purpose of recovery of possession of the premises from the tenant or licensee, as the case may be.",PDF:eng_maharashtra_rent_control_ac.pdf
Simplify this clause,Special procedure for disposal of applications.— (1) Every application by a landlord under this Chapter for the recovery of possession shall be accompanied by such fees as may be prescribed.,PDF:eng_maharashtra_rent_control_ac.pdf
Simplify this clause,"(3) (a) The Competent Authority shall, in addition to, and simultaneously with, the issue of summons for service on the tenant or licensee, as the case may be, also direct the summons to be served by registered post, acknowledgement due, addressed to the tenant or the licensee or agent empowered by such tenant or licensee to accept the service at the place where the tenant or licensee or such agent actually and voluntarily resides or carries in business or personally works for gain.",PDF:eng_maharashtra_rent_control_ac.pdf
Simplify this clause,"(b) When an acknowledgement purporting to be signed by the tenant or licensee or their agent is received by the Competent Authority or the registered article containing the summons is received back with an endorsement purporting to have been made by a postal employee to the effect that the tenant or licensee or their agent had refused to take delivery of the registered article, the Competent Authority may proceed to hear and decide the application as if there has been a valid service of summons.",PDF:eng_maharashtra_rent_control_ac.pdf
Simplify this clause,"(4) (a) The tenant or licensee on whom the summons is duly served in the ordinary way or by registered post in the manner laid down in sub-section (3) shall not contest the prayer for eviction from the premises, unless within thirty days of the service of summons on him as aforesaid, he files an affidavit stating grounds on which he seeks to contest the application for eviction and obtains leave from the Competent Authority as hereinafter provided, and in default of his appearance in pursuance of the summons or his obtaining such leave, the statement made by the landlord in the application for eviction shall be deemed to be admitted by the tenant or the licensee, as the case may be, and the applicant shall be entitled to an order for eviction on the ground aforesaid.",PDF:eng_maharashtra_rent_control_ac.pdf
Simplify this clause,"(b) The Competent Authority shall give to the tenant or licensee leave to contest the application if the affidavit filed by the tenant or licensee discloses such facts as would disentitle the landlord from obtaining an order for the recovery of possession of the premises on the ground specified in section 22, 23 or 24.",PDF:eng_maharashtra_rent_control_ac.pdf
Simplify this clause,"(c) Where leave is granted to the tenant or licensee to contest the application the Competent Authority shall commence the hearing of the application as early as practicable and shall, as far as possible, proceed with the hearing from day to day, and decide the same, as far as may be, within six months of the order granting of such leave to contest the application.",PDF:eng_maharashtra_rent_control_ac.pdf
Simplify this clause,Order of Competent Authority to be non-appealable and revision by State Government.— (1) No appeal shall lie against an order for the recovery of possession of any premises made by the Competent Authority in accordance with the procedure specified in section 43.,PDF:eng_maharashtra_rent_control_ac.pdf
Simplify this clause,"Effect of refusal or failure to comply with order of eviction.— If any person refuses or fails to comply with the order of eviction made under section 43 within thirty days of the date on which it has become final, the Competent Authority or any other officer duly authorised by the Competent Authority in this behalf, may evict that person from, and take possession of, the premises and deliver the same to the landlord and for that purpose, use such force as may be necessary.",PDF:eng_maharashtra_rent_control_ac.pdf
Simplify this clause,"Pending Suits and proceedings in courts.— (1) Subject to sub-section (2), all suits and proceedings filed by landlords, being the landlords referred to in clause (a) or (b) or (c) of section 41 for eviction of tenant on the grounds specified in section 22 or 23 or 24 and pending on the date of commencement of this Act, unless the landlord withdraws the same in relation to relief of recovery of possession of the premises claimed therein, be heard, proceeded with and disposed of by the Court in which such suit or proceeding is pending as if this Act had not been passed.",PDF:eng_maharashtra_rent_control_ac.pdf
Simplify this clause,"(2) Any such landlord seeking to evict the tenant on the grounds specified in section 22 or 23 or 24 may, if he has already proceeded against the tenant in a suit or in a proceeding in the court and withdraws the suit or proceeding in relation to the claim made therein with leave of court proceed against the tenant in accordance with the provisions of this Chapter.",PDF:eng_maharashtra_rent_control_ac.pdf
Simplify this clause,"(2) Any such landlord who keeps such premises unoccupied or re-lets the same as aforesaid and any such landlord or other person in occupation of the premises who fails to comply with order of the Competent Authority under sub-section (1), shall, on conviction, be punishable with imprisonment for a term which may extend to three months or with fine or with both.”.",PDF:eng_maharashtra_rent_control_ac.pdf
Simplify this clause,(2) Nothing in section 20 shall apply to a landlord referred to in clause (c) of section 41.,PDF:eng_maharashtra_rent_control_ac.pdf
Simplify this clause,"Tenancy agreement to be compulsorily registered.— (1) Notwithstanding anything contained in this Act or any other law for the time being in force, any agreement for leave and licence or letting of any premises, entered into between the landlord and the tenant or the licensee, as the case may be, after the commencement of this Act, shall be in writing and shall be registered under the Registration Act, 1908 (XVI of 1908).",PDF:eng_maharashtra_rent_control_ac.pdf
Simplify this clause,"(2) The responsibility of getting such agreement registered shall be on the landlord and in the absence of the written registered agreement, the contention of the tenant about the terms and conditions, subject to which a premises have been given to him by the landlord on leave and licence or have been let to him, shall prevail, unless proved otherwise.",PDF:eng_maharashtra_rent_control_ac.pdf
Simplify this clause,"(3) Any landlord who contravenes the provisions of this section shall, on conviction, be punished with imprisonment which may extend to three months or with fine not exceeding rupees five thousand or with both.",PDF:eng_maharashtra_rent_control_ac.pdf
Simplify this clause,"Right of tenant and landlord to receive lawful charges.— Notwithstanding anything contained in this Act, it shall be lawful for,— (i) the tenant or any person acting or purporting to act on behalf of the tenant to claim or receive any sum or any consideration, as a condition of the relinquishment, transfer or assignment of his tenancy of any premises; (ii) the landlord or any person acting or purporting to act on behalf of the landlord to receive any fine, premium or other like sum or deposit or any consideration in respect of the grant, or renewal of a lease of any premises, or for giving his consent to the transfer of a lease to any other person.",PDF:eng_maharashtra_rent_control_ac.pdf
Simplify this clause,"(2) In particular, and without prejudice to the generality of the foregoing provisions, such rules may provide for,— (a) the manner in which addition to the rent shall be made under sub-section (2) or clause (a) of sub-section (3) of section 11;",PDF:eng_maharashtra_rent_control_ac.pdf
Simplify this clause,"XVIII (b) the authority from which a declaration, and the manner and the form in which declaration or a certificate from a notified architect asserting that it is necessary to undertake repairs and the extent thereof and estimated cost thereof, to be obtained by the landlord, and the manner and the form in which, a certificate from such authority or such architect confirming that the repairs were carried out in accordance with the declaration, or as the case may be, the certificate aforesaid, and fixing the date of completion of the repairs and the actual expenses thereof, to be obtained by the landlord under clause (b) of sub-section (5) of section 11; (c) the form and the manner in which a receipt is to be given under sub-section (1) of section 31; (d) the manner in which rent recoverable according to any calendar other than the British calendar before the commencement of this Act shall be calculated and charged in terms of the British calendar under sub-section (2) of section 32.",PDF:eng_maharashtra_rent_control_ac.pdf
Simplify this clause,"Repeal and saving.— (1) On the commencement of this Act, the following laws, that is to say,— (a) the Bombay Rents, Hotel and Lodging House Rates Control Act, 1947 (Bom.",PDF:eng_maharashtra_rent_control_ac.pdf
Simplify this clause,"and Berar Act XI of 1946) including the Central Provinces and Berar Letting of Houses and Rent Control Order, 1949; and (c) the Hyderabad Houses (Rent, Eviction and Lease) Control Act, 1954 (Hyd.",PDF:eng_maharashtra_rent_control_ac.pdf
Simplify this clause,"XVIII] The Maharashtra Rent Control Act, 1999 31 (d) all prosecutions instituted under the provisions of any of the repealed Acts shall be effective and disposed of in accordance with the law.",PDF:eng_maharashtra_rent_control_ac.pdf
Simplify this clause,"Removal of difficulty.— If any difficulty arises in giving effect to the provisions of this Act unifying, consolidating and amending the laws relating to the control of rent and eviction and other connected matters in the repealed Acts, and as are contained in this Act, the State Government may, as occasion arises, by order do anything which appears to it to be necessary for the purpose of removing the difficulty: Provided that, no such order shall be made after the expiry of the period of two years from the date of commencement of this Act.",PDF:eng_maharashtra_rent_control_ac.pdf
Simplify this clause,"XVIII SCHEDULE I [See section 2 (2)] [Areas to which the Bombay Rents, Hotel and Lodging House Rates Control Act, 1947 (Bom.",PDF:eng_maharashtra_rent_control_ac.pdf
Simplify this clause,"XX of 1954) were extended before the commencement of the Maharashtra Rent Control Act, 1999 (Mah.",PDF:eng_maharashtra_rent_control_ac.pdf
Simplify this clause,"XVIII] The Maharashtra Rent Control Act, 1999 33 (1) (2) 22 Wada.",PDF:eng_maharashtra_rent_control_ac.pdf
Simplify this clause,"XVIII] The Maharashtra Rent Control Act, 1999 35 (1) (2) 22 Devlad, Bhanvaj, Rahatvad, Vihari.",PDF:eng_maharashtra_rent_control_ac.pdf
Simplify this clause,"XVIII] The Maharashtra Rent Control Act, 1999 37 (1) (2) 9 Sawada Municipal Council.",PDF:eng_maharashtra_rent_control_ac.pdf
Simplify this clause,"XVIII] The Maharashtra Rent Control Act, 1999 39 (1) (2) 2 Ichalkaranji Municipal Council.",PDF:eng_maharashtra_rent_control_ac.pdf
Simplify this clause,"XVIII] The Maharashtra Rent Control Act, 1999 41 (1) (2) Nagpur District — 1 Nagpur Municipal Corporation.",PDF:eng_maharashtra_rent_control_ac.pdf
Simplify this clause,"XVIII] The Maharashtra Rent Control Act, 1999 43 SCHEDULE II [See section 2 (3)] (Area to which the Maharashtra Rent Control Act, 1999 applies) Serial Name of Population of Name of the district in the area which the No.",PDF:eng_maharashtra_rent_control_ac.pdf
Simplify this clause,XVIII SCHEDULE III [See section 43 (2)] Form of summons in a case where recovery of possession of premises is prayed of under Chapter XI.,PDF:eng_maharashtra_rent_control_ac.pdf
Simplify this clause,"WHEREAS Shri…………………………………......filed an application (a copy of which is annexed) for your eviction from (here insert the particulars of the premises) on the ground specified in section 23/24 of the Maharashtra Rent Control Act, 1999.",PDF:eng_maharashtra_rent_control_ac.pdf
Simplify this clause,"within fifteen days of the service hereof and to obtain the leave of the Competent Authority to contest the application for eviction on the ground aforesaid, in default whereof, the applicant will be entitled at any time after the expiry of the said period of fifteen days to obtain an order for your eviction from the said premises.",PDF:eng_maharashtra_rent_control_ac.pdf
Simplify this clause,A rent or lease agreement is an agreement that lays down pre-discussed terms and conditions under which a property is to be rented or leased between a tenant and landlord.,PDF:docum.pdf
Simplify this clause,A lease agreement is essentially an agreement for leasing of an immovable property for up to 11 months.,PDF:docum.pdf
Simplify this clause,A rent agreement can be an agreement of more than a year.,PDF:docum.pdf
Simplify this clause,"All important clauses stating the terms, conditions and promises between both the parties must be included in a lease or rent agreement.",PDF:docum.pdf
Simplify this clause,Why is Lease Deed (for a term of years) Rent Agreement required?,PDF:docum.pdf
Simplify this clause,A lease or rent agreement is an essential document that evidences the leasing or renting of an immovable property.,PDF:docum.pdf
Simplify this clause,"All terms relating to such lease/rent including the time period for such lease and the purpose for which the property must be used, among other terms, must form a part of a rent agreement.",PDF:docum.pdf
Simplify this clause,A lease or rent agreement must be drafted in an error free manner in order to protect the interests of both the parties.,PDF:docum.pdf
Simplify this clause,"In case a dispute arises between the parties, this document would serve as a collaborative evidence of renting or the property and the conditions upon which it was rented.",PDF:docum.pdf
Simplify this clause,What should a Lease Deed (for a term of years) Rent Agreement cover?,PDF:docum.pdf
Simplify this clause,Draft of Deed of Lease (for a Term of Years) Rent Agreement This Deed of Lease is made at .....,PDF:docum.pdf
Simplify this clause,WHEREAS the Lessor is absolutely seized and possessed of or otherwise well and sufficiently entitled to the land and premises described in the Schedule hereunder written.,PDF:docum.pdf
Simplify this clause,AND WHEREAS the Lessor has agreed to grant to the Lessee a lease in respect of the said land and premises for a term of ....,PDF:docum.pdf
Simplify this clause,"In pursuance of the said agreement and in consideration of the rent hereby reserved and of the terms and conditions, convenants and agreements herein contained and on the part of the Lessee to be observed and performed the Lessor doth hereby demise unto the Lessee all that the said land and premises situated at.............…………..and described in the Schedule hereunder written (hereinafter for the brevity's sake referred to as 'the demised premises') to hold the demised premises unto the Lessee (and his heirs, executors, administrators and assigns) for a term of .......",PDF:docum.pdf
Simplify this clause,"years commencing from the 1st day of ...……….., 20___, but subject to the earlier determination of this demise as hereinafter provided and yielding and paying therefor during the said term the monthly ground rent of Rs ........",PDF:docum.pdf
Simplify this clause,The first of such monthly ground rent shall be paid on the ___ day of .......,PDF:docum.pdf
Simplify this clause,and the subsequent rent to be paid on or before the ___ day of every succeeding month regularly.,PDF:docum.pdf
Simplify this clause,To pay the ground rent hereby reserved on the days and in the manner aforesaid clear of all deductions.,PDF:docum.pdf
Simplify this clause,The first of such monthly rent as hereinbefore provided shall be paid on the....,PDF:docum.pdf
Simplify this clause,day of every succeeding month regularly and If the-ground rent is not paid on the due dates the Lessee shall pay interest thereon at the rate of .......,PDF:docum.pdf
Simplify this clause,"% per annum from the due date till payment, though the payment of Interest shall not entitle the Lessee to make default in payment of rent on due dates.",PDF:docum.pdf
Simplify this clause,"the time being standing on the demised land and payable either by the owners, occupiers or tenants thereof and to keep the Lessor and his estate and effects Indemnified against all such payment.",PDF:docum.pdf
Simplify this clause,"To keep the buildings and structures on the demised premises ,in good and tenantable repairs in the same way as the Lessor is liable to do under the law provided that if the Lessee so desires he shall have power to demolish any existing building or structure without being accountable to the Lessor for the building material of such building and structure and the Lessee shall have also power to construct any new buildings in their place.",PDF:docum.pdf
Simplify this clause,The Lessee shall be at liberty to carry out any additions or alterations to the buildings or structures at present existing on the demised premises or to put up any additional structures or buildings on the demised premises In accordance with the plans approved by the authorities at any time or from time to time during the subsistence of the term hereby created.,PDF:docum.pdf
Simplify this clause,To use or permit to be used the buildings and structures to be constructed on the demised premises for any and all lawful purposes as may be permitted by the authorities from time to time.,PDF:docum.pdf
Simplify this clause,the Lessor now has in himself good right full power and absolute authority to demise unto the Lessee the demised premises and the buildings and structures standing thereon In the manner herein appearing………..,PDF:docum.pdf
Simplify this clause,"that on the Lessee paying the said monthly ground rent on the due dates thereof and in the manner herein provided and observing and performing the covenants,conditions, and stipulations herein contained and on his part to be observed and performed shall and may peaceably and quietly hold, possess and enjoy the demised premises together with the buildings and structures standing thereon during the term hereby created without any eviction, interruption, disturbance, claim and demand whatsoever by the Lessor or any person or persons lawfully or equitably claiming by, from, under or in trust for him.",PDF:docum.pdf
Simplify this clause,It is hereby agreed and declared that these presents are granted on the express condition that if the said monthly ground rent or any part thereof payable in the manner hereinbefore mentioned shall be an arrears for the space of ......,PDF:docum.pdf
Simplify this clause,"months after the same shall have become due and payable on any of the said days wherein the same ought to be paid as aforesaid whether the same shall or shall not be legally demanded or If any of the covenants and stipulations herein contained and on the part of the Lessee to be observed and performed shall not be so observed and performed by the Lessee or If the Lessee shall raise an objection to the amount of the monthly ground rent hereby fixed for any reason whatsoever then and in such event it shall be lawful for the Lessor or any person or persons duly authorised by him in that behalf at any time hereafter to enter into and upon the land and premises and the buildings and structures constructed or to he constructed thereon or any part or parts thereof in the name of the whole and the same to have, possess and enjoy and thereupon this demise shall absolutely",PDF:docum.pdf
Simplify this clause,"determine but without prejudice to the right of action of the Lessor in respect of any breach of any of the covenants by the Lessee herein contained PROVIDED ALWAYS that, no re-entry shall be made under the foregoing power for breach of the covenants and stipulations herein contained and on the part of the Lessee to be observed and performed (save and except the covenant for payment of rent) unless and until the Lessor shall have given to the Lessee a notice in writing specifying the covenants and conditions or stipulations which require to be complied with or carried out and the Lessee shall have failed to comply with or carry out the same within .....",PDF:docum.pdf
Simplify this clause,"The Lessee shall not be entitled, without obtaining In writing the permission of the Lessor, to assign mortgage, sublet (except to the extent of creating monthly tenancies) or otherwise part with possession of the demised premises or any of them or any part thereof and the buildings and structure standing thereon though such permission shall not be unreasonably withheld.",PDF:docum.pdf
Simplify this clause,Documents Required for Lease Deed (for a term of years) Rent Agreement There are no specific documents required for the drafting and execution of an agreement for rent/lease.,PDF:docum.pdf
Simplify this clause,Documents evidencing the landlord's clear title of the property in question should also be examined.,PDF:docum.pdf
Simplify this clause,Procedure for Lease Deed (for a term of years) Rent Agreement No set procedure is applicable in the making of a rent/lease agreement.,PDF:docum.pdf
Simplify this clause,The agreement for rent/lease must be printed on stamp paper/e-stamp paper of proper value,PDF:docum.pdf
Simplify this clause,"If the rent period is of more than 11 months, the agreement is mandatorily required to be registered according to state laws.",PDF:docum.pdf
Simplify this clause,"Legal Considerations for Lease Deed (for a term of years) Rent Agreement A rent or lease agreement is required to be printed on stamp paper of correct value, as per laws in different States.",PDF:docum.pdf
Simplify this clause,"If the lease agreement is up to 11 months, it does not mandatorily need registration.",PDF:docum.pdf
Simplify this clause,"However, a rent agreement more than 11 months is required to be registered.",PDF:docum.pdf
Simplify this clause,How can a lawyer help to draft Lease Deed (for a term of years) Rent Agreement?,PDF:docum.pdf
Simplify this clause,One of the first and the most important steps that you must undertake is to hire a good documentation lawyer as he/she is aware of the nitty gritty of the legal procedures and necessary requirements involved in drafting of rent/lease agreements.,PDF:docum.pdf
Simplify this clause,"Even if you have received a rent/lease agreement from the other party, it is the best step to hire a lawyer to proofread / vet the agreement before signing, in order to ensure that the terms and conditions stated in agreement are not against your interests or that it is not a one-sided agreement.",PDF:docum.pdf
Simplify this clause,and their respective sons and grandsons are living separate at different Towns/Cities and earning in their own way independently and have their respective properties 4.,PDF:docum.pdf
Simplify this clause,The Settlers have therefore proposed to dedicate the said house and premises to the said Deity and to continue to worship the same and with these objects they have decided to create a private Trust of the said property.,PDF:docum.pdf
Simplify this clause,NOW this Deed witnesseth that pursuant to the said desire of the settlers and in the premises aforesaid the settlers do and each of them doth hereby grant and transfer the said house with the land appurtenant thereto situate at...........,PDF:docum.pdf
Simplify this clause,"and more particularly described in the Schedule hereunder written and all the rights liberties, privileges and easements appurtenant to the said house and the land and all the estate right, title and interest of the settlers in or to the said property hereby granted unto the Trustees and also transfer the Fund of Rs............",PDF:docum.pdf
Simplify this clause,The Trustees shall not make any substantial changes in the house or additions thereto except with the consent of all the major members of the different branches of the said family for the time being.,PDF:docum.pdf
Simplify this clause,"It is a Legal document wherein all rights and responsibilities, along with filiation, from the biological parent or parents is transferred to adopted parents.",PDF:docum.pdf
Simplify this clause,"Apart from this, the will of the adoptive parents to adopt the child should be stated in clear words.",PDF:docum.pdf
Simplify this clause,"The fact of transfer of legal rights and liabilities of the adopted child to the adoptive parents is also to be stated, along with the duty of maintenance of the child by the adoptive parents.",PDF:docum.pdf
Simplify this clause,adoptive parents and natural parents- as the case may be) and the witnesses.,PDF:docum.pdf
Simplify this clause,"It is expressly agreed by and between the parties hereto of the first three parts that they shall not claim any rights under the said will, save as hereinabove provided and they shall release and indemnity the executor from and against all actions, proceedings, claims and demands in respect of the assent and transfers hereinbefore agreed to be made.",PDF:docum.pdf
Simplify this clause,"A legal notice for partition is required in most scenarios, but more so when one or more than one member of joint undivided property sells, gifts, mortgages, leases out or dispose of such property in any way without written consent of other co-owners.",PDF:docum.pdf
Simplify this clause,"AGREEMENT made at..........this ____ day of _______ 20____ BETWEEN ------------------ situated at ----------------- (hereinafter referred to as ""the Centre"") of the One Part AND -------------- a Company incorporated under _______________________ and having its corporate / registered office at ____________________________a Company hereinafter called ""the Client"") (which expression should include its successors and assigns) of the Other Part; AND WHEREAS the Centre is a member of ________________ Society, having its registered address at____________ and hereinafter referred to as the ""said Society"" and is in possession, use and occupation of the premises _________________, hereinafter referred to as the ""said Premises"".",PDF:docum.pdf
Simplify this clause,AND WHEREAS the Centre is carrying on the business of providing office services in the name and style of ------------------- at the said premises --------------------------------- and for that purpose has made arrangements to render office facilities and services to persons who require such facilities for their business temporarily and on contract; AND WHEREAS the client is carrying on the business of ______________ and is desirous of availing certain office facilities to enable it to more conveniently carry on it's said business.,PDF:docum.pdf
Simplify this clause,"The Centre hereby agrees to grant to the Client certain office facilities in the said premises as set out herein to more conveniently carry on its said business in the name and style of --------- --------------- and as incidental to such office services the Centre has permitted the Client to use until otherwise decided, a portion of the said premises and also to make available other ancillary office facilities, amenities, conveniences and services therein.",PDF:docum.pdf
Simplify this clause,"to occupy and use a portion of the Business Centre at the said premises for itself, its bonafide employees and visitors, for the purpose of carrying on the client's said business ii.",PDF:docum.pdf
Simplify this clause,not to allow or permit any outsiders to use the premises or any part thereof.,PDF:docum.pdf
Simplify this clause,h.Not to do or suffer to be done anything in or around the said premises which is or is likely to cause prejudice to the rights and entitlements of the Centre as the member of the Society.,PDF:docum.pdf
Simplify this clause,"Not to make any structural or other alterations, modifications or additions in the said premises, except with the prior written consent of the Centre which shall not be unreasonably withheld.",PDF:docum.pdf
Simplify this clause,"Not to alter or change the original colour on the outer or inner wall of the said premises, except with the written consent of the Centre.",PDF:docum.pdf
Simplify this clause,"The Client shall also be liable to pay for the telephone rentals and the telephone calls made by the Client, electricity consumed by the Client and also other services specifically utilised by the Client on actual.",PDF:docum.pdf
Simplify this clause,These bills shall be paid by the Client within a week and in any event before demanding refund of the security deposit amount deposited by the Client with the Centre.,PDF:docum.pdf
Simplify this clause,"No tenancy, leave and license or any other protected rights whatsoever permitting the Client or its employees to come upon and use the said premises or any part thereof is created or intended or sought to be created by these presents and the parties hereto shall not plead any oral variation to the provisions thereof.",PDF:docum.pdf
Simplify this clause,The Client shall be allowed to display its name board outside the premises at the place allotted by the Centre.,PDF:docum.pdf
Simplify this clause,"from the date of receipt of the bill, the arrangement herein shall not be extended and thereupon on expiry of the two weeks, the Centre shall be entitled to prevent access to the Client and its employees in to the said premises and every part thereof and allow the Client one day's time to remove its belongings.",PDF:docum.pdf
Simplify this clause,"In the event of the Client refusing or neglecting to remove its belonging from the said premises, the Centre shall be entitled to open the premises or any part thereof allotted to the said Client using the original key in their possession and in the presence of witness remove the articles and things therein after making a list thereof.",PDF:docum.pdf
Simplify this clause,"Theft, loss, damage or destruction of any property of the Client or any person living in or visiting the said premises or in the said building from any cause whatsoever.",PDF:docum.pdf
Simplify this clause,For any personal or other injury caused to the person for the time being in the said premises on any account.,PDF:docum.pdf
Simplify this clause,As security for the due performance of the provisions hereof the Client shall deposit with Centre an interest free security deposit of a sum of Rs.-----/- (Rupees --- ).,PDF:docum.pdf
Simplify this clause,"The said interest free security deposit, after deducting there from the amount of arrear or other dues if any from the Client shall be refunded by Centre to the Client without interest on the arrangement herein coming to an end, howsoever and when so ever, and upon the Client removing itself and all its belongings and things from the said premises.",PDF:docum.pdf
Simplify this clause,"The Centre shall be at liberty to terminate this Agreement or any renewal thereof by giving the Client three months notice in writing stating therein its desire to do so and on the expiry of such notice, and on the client removing itself, it's employees and belongings from the said premises and otherwise performing it's obligation under this agreement the Centre shall refund to the Client the interest free security deposit amount as contained in clause 6.",PDF:docum.pdf
Simplify this clause,"Upon the termination of this Agreement or sooner determination and upon the failure of the Client to remove itself, its employees and its belongings from the said premises.",PDF:docum.pdf
Simplify this clause,The Client shall be liable and hereby agrees to pay to the Centre liquidated damages of Rs._____________ (Rupees __________only) and compensation and/or manse profits of Rs.__________ (Rupees____________) per day for the wrongful and unauthorised use of the said premises and the facilities provided therein.,PDF:docum.pdf
Simplify this clause,The Centre shall be entitled without prejudice to its other rights to forfeit the security deposit in the event of any breach on the part of the client.,PDF:docum.pdf
Simplify this clause,"It is further agreed and declared between the parties hereto that the permission hereby granted by the Centre to the Client to use a portion of the said premises is incidental to the availing of office facilities, amenities and services provided by the Business Centre to the Client and the Client shall not be entitled to avail other facilities separately as the arrangement is composite, impartibly and indivisible.",PDF:docum.pdf
Simplify this clause,The Equity shares of Equity International Ltd are listed at _______ Stock Exchange and the current market price of shares is agreed to be Rs.,PDF:docum.pdf
Simplify this clause,"Legal notice for refund of money can be filed for anyone from a dealer to an employee, tenant, friend, company, bank, etc.",PDF:docum.pdf
Simplify this clause,"7- That my client requested you several times through telephonic message and by sending personal messenger to your office for release of the said outstanding payment, but you have always been dilly delaying the same on one pretext or the other and so far have not paid even a single paisa out of the said outstanding undisputed amount.",PDF:docum.pdf
Simplify this clause,The goods so manufactured with the said trade mark applied to them will be supplied and delivered by the Licensee to the Licensor at the latter s business premises at _______ at his own costs of transport.,PDF:docum.pdf
Simplify this clause,The Licensor shall have the right to reject any goods supplied if they are not as per specifications or quality which are made known to the Licensee and in the event of such rejection the Licensee shall take back the rejected goods from the Licensor's premises at his own costs and until such removal they will be at the risk of the Licensee.,PDF:docum.pdf
Simplify this clause,The Licensor will also have the right to enter upon the premises of the Licensee where the goods are manufactured and to take inspection of the goods manufactured.,PDF:docum.pdf
Simplify this clause,The goods so manufactured with the said trade mark applied to them will be supplied and delivered by the Licensee to the Licensor at the latter s business premises at _______ at his own,PDF:legaldoc.pdf
Simplify this clause,"By doing this, it is possible to keep the records current and guarantee that",PDF:legaldoc.pdf
Simplify this clause,Consult: Top Property Lawyers in India Talk to a Lawyer Mutation Process in Different States of India A.,PDF:legaldoc.pdf
Simplify this clause,Property Registration: Key Differences The concept of mutation and property registration looks closely related but the key difference between them is- Mutation- It is a process used by the revenue division or local governments to guarantee that the current ownership status of a property is appropriately reflected in the official records.,PDF:legaldoc.pdf
Simplify this clause,"This section covers the donee's rights to make changes to the property, enjoy the land peacefully, and receive rents or other types of income from the bestowed property.",PDF:legaldoc.pdf
Simplify this clause,"The applicant may need to add certain documents like certificates relating to the value of the property depending on the different state, etc.",PDF:legaldoc.pdf
Simplify this clause,"By protecting their unique products or processes, companies can differentiate themselves from competitors, attract customers, and capture market share, ultimately leading to business growth.",PDF:legaldoc.pdf
Simplify this clause,IPR Facilitate Expanding into New Markets Intellectual property rights facilitate market expansion by providing legal protection in different jurisdictions.,PDF:legaldoc.pdf
Simplify this clause,"DECEPTION OF CONFUSION AS TO TRADE ORIGIN: Even though a person looking at the mark may not think that is the same as the one with a different brand in his mind, the similarity may make him believe that the two are connected in some way.",PDF:legaldoc.pdf
