instruction,input,output,section,source
Simplify the following tenancy law provision.,Eviction and recovery of possession of premises in case of death of landlord.,Eviction and recovery of possession of premises in case of death of landlord.,Unknown,Model-Tenancy-Act-English-02_06_2021.pdf
Provide a short summary of this legal provision.,Eviction and recovery of possession of premises in case of death of landlord.,Eviction and recovery of possession of premises in case of death of landlord.,Unknown,Model-Tenancy-Act-English-02_06_2021.pdf
Identify the legal topic of the following clause.,Eviction and recovery of possession of premises in case of death of landlord.,tenancy law,Unknown,Model-Tenancy-Act-English-02_06_2021.pdf
Simplify the following tenancy law provision.,"Officers and other employees of Rent Authority, Rent Court and Rent Tribunal.","Officers and other employees of Rent Authority, Rent Court and Rent Tribunal.",Unknown,Model-Tenancy-Act-English-02_06_2021.pdf
Provide a short summary of this legal provision.,"Officers and other employees of Rent Authority, Rent Court and Rent Tribunal.","Officers and other employees of Rent Authority, Rent Court and Rent Tribunal.",Unknown,Model-Tenancy-Act-English-02_06_2021.pdf
Identify the legal topic of the following clause.,"Officers and other employees of Rent Authority, Rent Court and Rent Tribunal.",tenancy law,Unknown,Model-Tenancy-Act-English-02_06_2021.pdf
Explain the following tenancy law clause in simple terms.,"THE MODEL TENANCY ACT, 2021 An Act to establish Rent Authority to regulate renting of premises and to protect the interests of landlords and tenants and to provide speedy adjudication mechanism for resolution of disputes and matters connected therewith or incidental thereto.","THE MODEL TENANCY ACT, 2021 An Act to establish Rent Authority to regulate renting of premises and to protect the interests of landlords and tenants and to provide speedy adjudication mechanism for resolution of disputes and matters connected therewith or incidental thereto.",Unknown,Model-Tenancy-Act-English-02_06_2021.pdf
Summarize the following tenancy law clause.,"THE MODEL TENANCY ACT, 2021 An Act to establish Rent Authority to regulate renting of premises and to protect the interests of landlords and tenants and to provide speedy adjudication mechanism for resolution of disputes and matters connected therewith or incidental thereto.","THE MODEL TENANCY ACT, 2021 An Act to establish Rent Authority to regulate renting of premises and to protect the interests of landlords and tenants and to provide speedy adjudication mechanism for resolution of disputes and matters connected therewith or incidental thereto.",Unknown,Model-Tenancy-Act-English-02_06_2021.pdf
Identify the legal topic of the following clause.,"THE MODEL TENANCY ACT, 2021 An Act to establish Rent Authority to regulate renting of premises and to protect the interests of landlords and tenants and to provide speedy adjudication mechanism for resolution of disputes and matters connected therewith or incidental thereto.",tenancy law,Unknown,Model-Tenancy-Act-English-02_06_2021.pdf
Interpret this legal clause related to tenancy law.,"and (ii) a trustee or guardian or receiver receiving rent for any premises or is entitled to so receive, on account of or on behalf of or for the benefit of, any other person such as minor or person of unsound mind who cannot enter into a contract;","and (ii) a trustee or guardian or receiver receiving rent for any premises or is entitled to so receive, on account of or on behalf of or for the benefit of, any other person such as minor or person of unsound mind who cannot enter into a contract;",Unknown,Model-Tenancy-Act-English-02_06_2021.pdf
Provide a short summary of this legal provision.,"and (ii) a trustee or guardian or receiver receiving rent for any premises or is entitled to so receive, on account of or on behalf of or for the benefit of, any other person such as minor or person of unsound mind who cannot enter into a contract;","and (ii) a trustee or guardian or receiver receiving rent for any premises or is entitled to so receive, on account of or on behalf of or for the benefit of, any other person such as minor or person of unsound mind who cannot enter into a contract;",Unknown,Model-Tenancy-Act-English-02_06_2021.pdf
Identify the legal topic of the following clause.,"and (ii) a trustee or guardian or receiver receiving rent for any premises or is entitled to so receive, on account of or on behalf of or for the benefit of, any other person such as minor or person of unsound mind who cannot enter into a contract;",tenancy law,Unknown,Model-Tenancy-Act-English-02_06_2021.pdf
Interpret this legal clause related to tenancy law.,but shall not include any person against whom any order or decree for eviction has been made.,but shall not include any person against whom any order or decree for eviction has been made.,Unknown,Model-Tenancy-Act-English-02_06_2021.pdf
Summarize the following tenancy law clause.,but shall not include any person against whom any order or decree for eviction has been made.,but shall not include any person against whom any order or decree for eviction has been made.,Unknown,Model-Tenancy-Act-English-02_06_2021.pdf
Identify the legal topic of the following clause.,but shall not include any person against whom any order or decree for eviction has been made.,tenancy law,Unknown,Model-Tenancy-Act-English-02_06_2021.pdf
Explain the following tenancy law clause in simple terms.,"43 of (d) premises owned by auqaf registered under the Waqf Act, 1995 or 1995 by any trust registered under the public trust law of the State/Union territory for the time being in force;","43 of (d) premises owned by auqaf registered under the Waqf Act, 1995 or 1995 by any trust registered under the public trust law of the State/Union territory for the time being in force;",Unknown,Model-Tenancy-Act-English-02_06_2021.pdf
Provide a short summary of this legal provision.,"43 of (d) premises owned by auqaf registered under the Waqf Act, 1995 or 1995 by any trust registered under the public trust law of the State/Union territory for the time being in force;","43 of (d) premises owned by auqaf registered under the Waqf Act, 1995 or 1995 by any trust registered under the public trust law of the State/Union territory for the time being in force;",Unknown,Model-Tenancy-Act-English-02_06_2021.pdf
Identify the legal topic of the following clause.,"43 of (d) premises owned by auqaf registered under the Waqf Act, 1995 or 1995 by any trust registered under the public trust law of the State/Union territory for the time being in force;",tenancy law,Unknown,Model-Tenancy-Act-English-02_06_2021.pdf
Simplify the following tenancy law provision.,"of this Act, let or take on rent any premises except by an agreement in writing, which shall be informed to the Rent Authority by the landlord and tenant jointly, in the form specified in the First Schedule within a period of two months from the date of tenancy agreement.","of this Act, let or take on rent any premises except by an agreement in writing, which shall be informed to the Rent Authority by the landlord and tenant jointly, in the form specified in the First Schedule within a period of two months from the date of tenancy agreement.",Unknown,Model-Tenancy-Act-English-02_06_2021.pdf
Summarize the following tenancy law clause.,"of this Act, let or take on rent any premises except by an agreement in writing, which shall be informed to the Rent Authority by the landlord and tenant jointly, in the form specified in the First Schedule within a period of two months from the date of tenancy agreement.","of this Act, let or take on rent any premises except by an agreement in writing, which shall be informed to the Rent Authority by the landlord and tenant jointly, in the form specified in the First Schedule within a period of two months from the date of tenancy agreement.",Unknown,Model-Tenancy-Act-English-02_06_2021.pdf
Identify the legal topic of the following clause.,"of this Act, let or take on rent any premises except by an agreement in writing, which shall be informed to the Rent Authority by the landlord and tenant jointly, in the form specified in the First Schedule within a period of two months from the date of tenancy agreement.",tenancy law,Unknown,Model-Tenancy-Act-English-02_06_2021.pdf
Explain the following tenancy law clause in simple terms.,"and (b) upload details of the tenancy agreement on its website in local vernacular language or the language of the State/Union territory, within seven working days from the date of receipt of such information, in such manner along with such documents as it may deem fit.","and (b) upload details of the tenancy agreement on its website in local vernacular language or the language of the State/Union territory, within seven working days from the date of receipt of such information, in such manner along with such documents as it may deem fit.",Unknown,Model-Tenancy-Act-English-02_06_2021.pdf
Provide a short summary of this legal provision.,"and (b) upload details of the tenancy agreement on its website in local vernacular language or the language of the State/Union territory, within seven working days from the date of receipt of such information, in such manner along with such documents as it may deem fit.","and (b) upload details of the tenancy agreement on its website in local vernacular language or the language of the State/Union territory, within seven working days from the date of receipt of such information, in such manner along with such documents as it may deem fit.",Unknown,Model-Tenancy-Act-English-02_06_2021.pdf
Identify the legal topic of the following clause.,"and (b) upload details of the tenancy agreement on its website in local vernacular language or the language of the State/Union territory, within seven working days from the date of receipt of such information, in such manner along with such documents as it may deem fit.",tenancy law,Unknown,Model-Tenancy-Act-English-02_06_2021.pdf
Interpret this legal clause related to tenancy law.,"Provided that notwithstanding anything contained in this section, if the term of tenancy expires at a time when the locality where the premises let out on rent is situated is affected by any disastrous event of force majeure, then, subject to requisition by the tenant, the landlord shall allow the tenant to continue in possession of the said premises till a period of one month from the date of cessation of such disastrous event on the same terms and conditions of the tenancy agreement already entered into.","Provided that notwithstanding anything contained in this section, if the term of tenancy expires at a time when the locality where the premises let out on rent is situated is affected by any disastrous event of force majeure, then, subject to requisition by the tenant, the landlord shall allow the tenant to continue in possession of the said premises till a period of one month from the date of cessation of such disastrous event on the same terms and conditions of the tenancy agreement already entered into.",Unknown,Model-Tenancy-Act-English-02_06_2021.pdf
Summarize the following tenancy law clause.,"Provided that notwithstanding anything contained in this section, if the term of tenancy expires at a time when the locality where the premises let out on rent is situated is affected by any disastrous event of force majeure, then, subject to requisition by the tenant, the landlord shall allow the tenant to continue in possession of the said premises till a period of one month from the date of cessation of such disastrous event on the same terms and conditions of the tenancy agreement already entered into.","Provided that notwithstanding anything contained in this section, if the term of tenancy expires at a time when the locality where the premises let out on rent is situated is affected by any disastrous event of force majeure, then, subject to requisition by the tenant, the landlord shall allow the tenant to continue in possession of the said premises till a period of one month from the date of cessation of such disastrous event on the same terms and conditions of the tenancy agreement already entered into.",Unknown,Model-Tenancy-Act-English-02_06_2021.pdf
Identify the legal topic of the following clause.,"Provided that notwithstanding anything contained in this section, if the term of tenancy expires at a time when the locality where the premises let out on rent is situated is affected by any disastrous event of force majeure, then, subject to requisition by the tenant, the landlord shall allow the tenant to continue in possession of the said premises till a period of one month from the date of cessation of such disastrous event on the same terms and conditions of the tenancy agreement already entered into.",tenancy law,Unknown,Model-Tenancy-Act-English-02_06_2021.pdf
Explain the following tenancy law clause in simple terms.,"Explanation.–– For the purposes of this section, “force majeure” means a situation of war, flood, drought, fire, cyclone, earthquake or any other calamity caused by nature affecting the habitation of the tenant in the premises let out on rent.","Explanation.–– For the purposes of this section, “force majeure” means a situation of war, flood, drought, fire, cyclone, earthquake or any other calamity caused by nature affecting the habitation of the tenant in the premises let out on rent.",Unknown,Model-Tenancy-Act-English-02_06_2021.pdf
Provide a short summary of this legal provision.,"Explanation.–– For the purposes of this section, “force majeure” means a situation of war, flood, drought, fire, cyclone, earthquake or any other calamity caused by nature affecting the habitation of the tenant in the premises let out on rent.","Explanation.–– For the purposes of this section, “force majeure” means a situation of war, flood, drought, fire, cyclone, earthquake or any other calamity caused by nature affecting the habitation of the tenant in the premises let out on rent.",Unknown,Model-Tenancy-Act-English-02_06_2021.pdf
Identify the legal topic of the following clause.,"Explanation.–– For the purposes of this section, “force majeure” means a situation of war, flood, drought, fire, cyclone, earthquake or any other calamity caused by nature affecting the habitation of the tenant in the premises let out on rent.",tenancy law,Unknown,Model-Tenancy-Act-English-02_06_2021.pdf
Explain the following tenancy law clause in simple terms.,"The terms of agreement executed between landlord and tenant, Rights and obligations of shall be binding upon their successors in the event of the death of successor in the landlord or tenant, as the case may be, and in such case, the case of death.","The terms of agreement executed between landlord and tenant, Rights and obligations of shall be binding upon their successors in the event of the death of successor in the landlord or tenant, as the case may be, and in such case, the case of death.",Unknown,Model-Tenancy-Act-English-02_06_2021.pdf
Summarize the following tenancy law clause.,"The terms of agreement executed between landlord and tenant, Rights and obligations of shall be binding upon their successors in the event of the death of successor in the landlord or tenant, as the case may be, and in such case, the case of death.","The terms of agreement executed between landlord and tenant, Rights and obligations of shall be binding upon their successors in the event of the death of successor in the landlord or tenant, as the case may be, and in such case, the case of death.",Unknown,Model-Tenancy-Act-English-02_06_2021.pdf
Identify the legal topic of the following clause.,"The terms of agreement executed between landlord and tenant, Rights and obligations of shall be binding upon their successors in the event of the death of successor in the landlord or tenant, as the case may be, and in such case, the case of death.",tenancy law,Unknown,Model-Tenancy-Act-English-02_06_2021.pdf
Interpret this legal clause related to tenancy law.,successors of the deceased landlord or tenant shall have the same Page 7 of 28,successors of the deceased landlord or tenant shall have the same Page 7 of 28,Unknown,Model-Tenancy-Act-English-02_06_2021.pdf
Provide a short summary of this legal provision.,successors of the deceased landlord or tenant shall have the same Page 7 of 28,successors of the deceased landlord or tenant shall have the same Page 7 of 28,Unknown,Model-Tenancy-Act-English-02_06_2021.pdf
Identify the legal topic of the following clause.,successors of the deceased landlord or tenant shall have the same Page 7 of 28,tenancy law,Unknown,Model-Tenancy-Act-English-02_06_2021.pdf
Simplify the following tenancy law provision.,rights and obligations as agreed to in the tenancy agreement for the remaining period of such tenancy.,rights and obligations as agreed to in the tenancy agreement for the remaining period of such tenancy.,Unknown,Model-Tenancy-Act-English-02_06_2021.pdf
Provide a short summary of this legal provision.,rights and obligations as agreed to in the tenancy agreement for the remaining period of such tenancy.,rights and obligations as agreed to in the tenancy agreement for the remaining period of such tenancy.,Unknown,Model-Tenancy-Act-English-02_06_2021.pdf
Identify the legal topic of the following clause.,rights and obligations as agreed to in the tenancy agreement for the remaining period of such tenancy.,tenancy law,Unknown,Model-Tenancy-Act-English-02_06_2021.pdf
Interpret this legal clause related to tenancy law.,"by entering into a supplementary agreement to the existing tenancy agreement, (a) sub-let whole or part of the premises held by him as a tenant;","by entering into a supplementary agreement to the existing tenancy agreement, (a) sub-let whole or part of the premises held by him as a tenant;",Unknown,Model-Tenancy-Act-English-02_06_2021.pdf
Summarize the following tenancy law clause.,"by entering into a supplementary agreement to the existing tenancy agreement, (a) sub-let whole or part of the premises held by him as a tenant;","by entering into a supplementary agreement to the existing tenancy agreement, (a) sub-let whole or part of the premises held by him as a tenant;",Unknown,Model-Tenancy-Act-English-02_06_2021.pdf
Identify the legal topic of the following clause.,"by entering into a supplementary agreement to the existing tenancy agreement, (a) sub-let whole or part of the premises held by him as a tenant;",tenancy law,Unknown,Model-Tenancy-Act-English-02_06_2021.pdf
Interpret this legal clause related to tenancy law.,The rent payable in respect of a premises shall be the rent agreed Rent payable.,The rent payable in respect of a premises shall be the rent agreed Rent payable.,Unknown,Model-Tenancy-Act-English-02_06_2021.pdf
Summarize the following tenancy law clause.,The rent payable in respect of a premises shall be the rent agreed Rent payable.,The rent payable in respect of a premises shall be the rent agreed Rent payable.,Unknown,Model-Tenancy-Act-English-02_06_2021.pdf
Identify the legal topic of the following clause.,The rent payable in respect of a premises shall be the rent agreed Rent payable.,tenancy law,Unknown,Model-Tenancy-Act-English-02_06_2021.pdf
Simplify the following tenancy law provision.,to between the landlord and the tenant in accordance with the terms of the tenancy agreement.,to between the landlord and the tenant in accordance with the terms of the tenancy agreement.,Unknown,Model-Tenancy-Act-English-02_06_2021.pdf
Summarize the following tenancy law clause.,to between the landlord and the tenant in accordance with the terms of the tenancy agreement.,to between the landlord and the tenant in accordance with the terms of the tenancy agreement.,Unknown,Model-Tenancy-Act-English-02_06_2021.pdf
Identify the legal topic of the following clause.,to between the landlord and the tenant in accordance with the terms of the tenancy agreement.,tenancy law,Unknown,Model-Tenancy-Act-English-02_06_2021.pdf
Explain the following tenancy law clause in simple terms.,"In case of any dispute between landlord and tenant regarding Rent Authority to determine the revision of rent, the Rent Authority may, on an application made by revised rent in the landlord or tenant, determine the revised rent and other charges case of dispute.","In case of any dispute between landlord and tenant regarding Rent Authority to determine the revision of rent, the Rent Authority may, on an application made by revised rent in the landlord or tenant, determine the revised rent and other charges case of dispute.",Unknown,Model-Tenancy-Act-English-02_06_2021.pdf
Provide a short summary of this legal provision.,"In case of any dispute between landlord and tenant regarding Rent Authority to determine the revision of rent, the Rent Authority may, on an application made by revised rent in the landlord or tenant, determine the revised rent and other charges case of dispute.","In case of any dispute between landlord and tenant regarding Rent Authority to determine the revision of rent, the Rent Authority may, on an application made by revised rent in the landlord or tenant, determine the revised rent and other charges case of dispute.",Unknown,Model-Tenancy-Act-English-02_06_2021.pdf
Identify the legal topic of the following clause.,"In case of any dispute between landlord and tenant regarding Rent Authority to determine the revision of rent, the Rent Authority may, on an application made by revised rent in the landlord or tenant, determine the revised rent and other charges case of dispute.",tenancy law,Unknown,Model-Tenancy-Act-English-02_06_2021.pdf
Simplify the following tenancy law provision.,payable by the tenant and also fix the date from which such revised rent becomes payable.,payable by the tenant and also fix the date from which such revised rent becomes payable.,Unknown,Model-Tenancy-Act-English-02_06_2021.pdf
Summarize the following tenancy law clause.,payable by the tenant and also fix the date from which such revised rent becomes payable.,payable by the tenant and also fix the date from which such revised rent becomes payable.,Unknown,Model-Tenancy-Act-English-02_06_2021.pdf
Identify the legal topic of the following clause.,payable by the tenant and also fix the date from which such revised rent becomes payable.,tenancy law,Unknown,Model-Tenancy-Act-English-02_06_2021.pdf
Explain the following tenancy law clause in simple terms.,"and (b) not exceed six months rent, in case of non-residential premises.","and (b) not exceed six months rent, in case of non-residential premises.",Unknown,Model-Tenancy-Act-English-02_06_2021.pdf
Summarize the following tenancy law clause.,"and (b) not exceed six months rent, in case of non-residential premises.","and (b) not exceed six months rent, in case of non-residential premises.",Unknown,Model-Tenancy-Act-English-02_06_2021.pdf
Identify the legal topic of the following clause.,"and (b) not exceed six months rent, in case of non-residential premises.",tenancy law,Unknown,Model-Tenancy-Act-English-02_06_2021.pdf
Simplify the following tenancy law provision.,"The tenancy agreement shall be signed in duplicate by both the Original tenancy agreement to be landlord and tenant, and one each of such original signed tenancy retained by agreement shall be retained by the landlord and tenant.","The tenancy agreement shall be signed in duplicate by both the Original tenancy agreement to be landlord and tenant, and one each of such original signed tenancy retained by agreement shall be retained by the landlord and tenant.",Unknown,Model-Tenancy-Act-English-02_06_2021.pdf
Summarize the following tenancy law clause.,"The tenancy agreement shall be signed in duplicate by both the Original tenancy agreement to be landlord and tenant, and one each of such original signed tenancy retained by agreement shall be retained by the landlord and tenant.","The tenancy agreement shall be signed in duplicate by both the Original tenancy agreement to be landlord and tenant, and one each of such original signed tenancy retained by agreement shall be retained by the landlord and tenant.",Unknown,Model-Tenancy-Act-English-02_06_2021.pdf
Identify the legal topic of the following clause.,"The tenancy agreement shall be signed in duplicate by both the Original tenancy agreement to be landlord and tenant, and one each of such original signed tenancy retained by agreement shall be retained by the landlord and tenant.",tenancy law,Unknown,Model-Tenancy-Act-English-02_06_2021.pdf
Simplify the following tenancy law provision.,"charges shall be paid to the landlord by postal money order or any other method, in such manner as may be prescribed, consecutively for two months, and if the landlord refuses to accept the rent and other charges within such period, then the tenant may deposit the same with the Rent Authority in such manner as may be prescribed.","charges shall be paid to the landlord by postal money order or any other method, in such manner as may be prescribed, consecutively for two months, and if the landlord refuses to accept the rent and other charges within such period, then the tenant may deposit the same with the Rent Authority in such manner as may be prescribed.",Unknown,Model-Tenancy-Act-English-02_06_2021.pdf
Provide a short summary of this legal provision.,"charges shall be paid to the landlord by postal money order or any other method, in such manner as may be prescribed, consecutively for two months, and if the landlord refuses to accept the rent and other charges within such period, then the tenant may deposit the same with the Rent Authority in such manner as may be prescribed.","charges shall be paid to the landlord by postal money order or any other method, in such manner as may be prescribed, consecutively for two months, and if the landlord refuses to accept the rent and other charges within such period, then the tenant may deposit the same with the Rent Authority in such manner as may be prescribed.",Unknown,Model-Tenancy-Act-English-02_06_2021.pdf
Identify the legal topic of the following clause.,"charges shall be paid to the landlord by postal money order or any other method, in such manner as may be prescribed, consecutively for two months, and if the landlord refuses to accept the rent and other charges within such period, then the tenant may deposit the same with the Rent Authority in such manner as may be prescribed.",tenancy law,Unknown,Model-Tenancy-Act-English-02_06_2021.pdf
Interpret this legal clause related to tenancy law.,"under sub-section (1) or sub-section (2), shall not by itself operate as an admission against the landlord or any other claim made by the tenant, if the landlord withdraws it to the extent of rent agreed upon under the tenancy agreement.","under sub-section (1) or sub-section (2), shall not by itself operate as an admission against the landlord or any other claim made by the tenant, if the landlord withdraws it to the extent of rent agreed upon under the tenancy agreement.",Unknown,Model-Tenancy-Act-English-02_06_2021.pdf
Summarize the following tenancy law clause.,"under sub-section (1) or sub-section (2), shall not by itself operate as an admission against the landlord or any other claim made by the tenant, if the landlord withdraws it to the extent of rent agreed upon under the tenancy agreement.","under sub-section (1) or sub-section (2), shall not by itself operate as an admission against the landlord or any other claim made by the tenant, if the landlord withdraws it to the extent of rent agreed upon under the tenancy agreement.",Unknown,Model-Tenancy-Act-English-02_06_2021.pdf
Identify the legal topic of the following clause.,"under sub-section (1) or sub-section (2), shall not by itself operate as an admission against the landlord or any other claim made by the tenant, if the landlord withdraws it to the extent of rent agreed upon under the tenancy agreement.",tenancy law,Unknown,Model-Tenancy-Act-English-02_06_2021.pdf
Interpret this legal clause related to tenancy law.,"landlord and the tenant shall keep the premises in as good a condition as at the commencement of the tenancy, except for normal wear and tear, and shall respectively be responsible to repair and maintain the said premises as specified in the Second Schedule or as agreed to in the tenancy agreement.","landlord and the tenant shall keep the premises in as good a condition as at the commencement of the tenancy, except for normal wear and tear, and shall respectively be responsible to repair and maintain the said premises as specified in the Second Schedule or as agreed to in the tenancy agreement.",Unknown,Model-Tenancy-Act-English-02_06_2021.pdf
Provide a short summary of this legal provision.,"landlord and the tenant shall keep the premises in as good a condition as at the commencement of the tenancy, except for normal wear and tear, and shall respectively be responsible to repair and maintain the said premises as specified in the Second Schedule or as agreed to in the tenancy agreement.","landlord and the tenant shall keep the premises in as good a condition as at the commencement of the tenancy, except for normal wear and tear, and shall respectively be responsible to repair and maintain the said premises as specified in the Second Schedule or as agreed to in the tenancy agreement.",Unknown,Model-Tenancy-Act-English-02_06_2021.pdf
Identify the legal topic of the following clause.,"landlord and the tenant shall keep the premises in as good a condition as at the commencement of the tenancy, except for normal wear and tear, and shall respectively be responsible to repair and maintain the said premises as specified in the Second Schedule or as agreed to in the tenancy agreement.",tenancy law,Unknown,Model-Tenancy-Act-English-02_06_2021.pdf
Interpret this legal clause related to tenancy law.,"fails to carry out the required repairs to make it inhabitable or the said premises could not be made inhabitable, then, the security deposit and advance rent shall be refunded by the landlord to the tenant within a period of fifteen days of the expiry of the notice period, after making due deduction of liability of the tenant, if any.","fails to carry out the required repairs to make it inhabitable or the said premises could not be made inhabitable, then, the security deposit and advance rent shall be refunded by the landlord to the tenant within a period of fifteen days of the expiry of the notice period, after making due deduction of liability of the tenant, if any.",Unknown,Model-Tenancy-Act-English-02_06_2021.pdf
Provide a short summary of this legal provision.,"fails to carry out the required repairs to make it inhabitable or the said premises could not be made inhabitable, then, the security deposit and advance rent shall be refunded by the landlord to the tenant within a period of fifteen days of the expiry of the notice period, after making due deduction of liability of the tenant, if any.","fails to carry out the required repairs to make it inhabitable or the said premises could not be made inhabitable, then, the security deposit and advance rent shall be refunded by the landlord to the tenant within a period of fifteen days of the expiry of the notice period, after making due deduction of liability of the tenant, if any.",Unknown,Model-Tenancy-Act-English-02_06_2021.pdf
Identify the legal topic of the following clause.,"fails to carry out the required repairs to make it inhabitable or the said premises could not be made inhabitable, then, the security deposit and advance rent shall be refunded by the landlord to the tenant within a period of fifteen days of the expiry of the notice period, after making due deduction of liability of the tenant, if any.",tenancy law,Unknown,Model-Tenancy-Act-English-02_06_2021.pdf
Interpret this legal clause related to tenancy law.,"During the subsistence of tenancy, the tenant shall –– Tenant to look after premises.","During the subsistence of tenancy, the tenant shall –– Tenant to look after premises.",Unknown,Model-Tenancy-Act-English-02_06_2021.pdf
Provide a short summary of this legal provision.,"During the subsistence of tenancy, the tenant shall –– Tenant to look after premises.","During the subsistence of tenancy, the tenant shall –– Tenant to look after premises.",Unknown,Model-Tenancy-Act-English-02_06_2021.pdf
Identify the legal topic of the following clause.,"During the subsistence of tenancy, the tenant shall –– Tenant to look after premises.",tenancy law,Unknown,Model-Tenancy-Act-English-02_06_2021.pdf
Explain the following tenancy law clause in simple terms.,"electronic mode, to the tenant at least twenty four hours before the time of entry under the following circumstances, namely:–– (a) to carry out repairs or replacement or to do or to get work done in the premises;","electronic mode, to the tenant at least twenty four hours before the time of entry under the following circumstances, namely:–– (a) to carry out repairs or replacement or to do or to get work done in the premises;",Unknown,Model-Tenancy-Act-English-02_06_2021.pdf
Provide a short summary of this legal provision.,"electronic mode, to the tenant at least twenty four hours before the time of entry under the following circumstances, namely:–– (a) to carry out repairs or replacement or to do or to get work done in the premises;","electronic mode, to the tenant at least twenty four hours before the time of entry under the following circumstances, namely:–– (a) to carry out repairs or replacement or to do or to get work done in the premises;",Unknown,Model-Tenancy-Act-English-02_06_2021.pdf
Identify the legal topic of the following clause.,"electronic mode, to the tenant at least twenty four hours before the time of entry under the following circumstances, namely:–– (a) to carry out repairs or replacement or to do or to get work done in the premises;",tenancy law,Unknown,Model-Tenancy-Act-English-02_06_2021.pdf
Simplify the following tenancy law provision.,or (b) to carry out an inspection of the premises for the purpose of determining whether the premises are in a habitable state;,or (b) to carry out an inspection of the premises for the purpose of determining whether the premises are in a habitable state;,Unknown,Model-Tenancy-Act-English-02_06_2021.pdf
Summarize the following tenancy law clause.,or (b) to carry out an inspection of the premises for the purpose of determining whether the premises are in a habitable state;,or (b) to carry out an inspection of the premises for the purpose of determining whether the premises are in a habitable state;,Unknown,Model-Tenancy-Act-English-02_06_2021.pdf
Identify the legal topic of the following clause.,or (b) to carry out an inspection of the premises for the purpose of determining whether the premises are in a habitable state;,tenancy law,Unknown,Model-Tenancy-Act-English-02_06_2021.pdf
Explain the following tenancy law clause in simple terms.,or (c) for any other reasonable cause for entry specified in the tenancy agreement.,or (c) for any other reasonable cause for entry specified in the tenancy agreement.,Unknown,Model-Tenancy-Act-English-02_06_2021.pdf
Summarize the following tenancy law clause.,or (c) for any other reasonable cause for entry specified in the tenancy agreement.,or (c) for any other reasonable cause for entry specified in the tenancy agreement.,Unknown,Model-Tenancy-Act-English-02_06_2021.pdf
Identify the legal topic of the following clause.,or (c) for any other reasonable cause for entry specified in the tenancy agreement.,tenancy law,Unknown,Model-Tenancy-Act-English-02_06_2021.pdf
Interpret this legal clause related to tenancy law.,"Provided further that nothing contained in this section shall prevent the landlord from entering into the premises let out on rent without prior notice to the tenant in case of emergent situations like war, flood, fire, cyclone, earthquake or any other natural calamity, which may affect that premises.","Provided further that nothing contained in this section shall prevent the landlord from entering into the premises let out on rent without prior notice to the tenant in case of emergent situations like war, flood, fire, cyclone, earthquake or any other natural calamity, which may affect that premises.",Unknown,Model-Tenancy-Act-English-02_06_2021.pdf
Summarize the following tenancy law clause.,"Provided further that nothing contained in this section shall prevent the landlord from entering into the premises let out on rent without prior notice to the tenant in case of emergent situations like war, flood, fire, cyclone, earthquake or any other natural calamity, which may affect that premises.","Provided further that nothing contained in this section shall prevent the landlord from entering into the premises let out on rent without prior notice to the tenant in case of emergent situations like war, flood, fire, cyclone, earthquake or any other natural calamity, which may affect that premises.",Unknown,Model-Tenancy-Act-English-02_06_2021.pdf
Identify the legal topic of the following clause.,"Provided further that nothing contained in this section shall prevent the landlord from entering into the premises let out on rent without prior notice to the tenant in case of emergent situations like war, flood, fire, cyclone, earthquake or any other natural calamity, which may affect that premises.",tenancy law,Unknown,Model-Tenancy-Act-English-02_06_2021.pdf
Explain the following tenancy law clause in simple terms.,"In case the landlord has engaged a property manager, the Information landlord shall provide the following information to the tenant, as to property namely:–– manager.","In case the landlord has engaged a property manager, the Information landlord shall provide the following information to the tenant, as to property namely:–– manager.",Unknown,Model-Tenancy-Act-English-02_06_2021.pdf
Provide a short summary of this legal provision.,"In case the landlord has engaged a property manager, the Information landlord shall provide the following information to the tenant, as to property namely:–– manager.","In case the landlord has engaged a property manager, the Information landlord shall provide the following information to the tenant, as to property namely:–– manager.",Unknown,Model-Tenancy-Act-English-02_06_2021.pdf
Identify the legal topic of the following clause.,"In case the landlord has engaged a property manager, the Information landlord shall provide the following information to the tenant, as to property namely:–– manager.",tenancy law,Unknown,Model-Tenancy-Act-English-02_06_2021.pdf
Interpret this legal clause related to tenancy law.,"and (d) if the property manager is a legal entity, the name of the entity and the person authorised in this behalf by that legal entity who may be contacted in relation to the tenancy agreement.","and (d) if the property manager is a legal entity, the name of the entity and the person authorised in this behalf by that legal entity who may be contacted in relation to the tenancy agreement.",Unknown,Model-Tenancy-Act-English-02_06_2021.pdf
Summarize the following tenancy law clause.,"and (d) if the property manager is a legal entity, the name of the entity and the person authorised in this behalf by that legal entity who may be contacted in relation to the tenancy agreement.","and (d) if the property manager is a legal entity, the name of the entity and the person authorised in this behalf by that legal entity who may be contacted in relation to the tenancy agreement.",Unknown,Model-Tenancy-Act-English-02_06_2021.pdf
Identify the legal topic of the following clause.,"and (d) if the property manager is a legal entity, the name of the entity and the person authorised in this behalf by that legal entity who may be contacted in relation to the tenancy agreement.",tenancy law,Unknown,Model-Tenancy-Act-English-02_06_2021.pdf
Simplify the following tenancy law provision.,and consequences (b) to do essential repairs on behalf of the landlord;,and consequences (b) to do essential repairs on behalf of the landlord;,Unknown,Model-Tenancy-Act-English-02_06_2021.pdf
Summarize the following tenancy law clause.,and consequences (b) to do essential repairs on behalf of the landlord;,and consequences (b) to do essential repairs on behalf of the landlord;,Unknown,Model-Tenancy-Act-English-02_06_2021.pdf
Identify the legal topic of the following clause.,and consequences (b) to do essential repairs on behalf of the landlord;,tenancy law,Unknown,Model-Tenancy-Act-English-02_06_2021.pdf
Explain the following tenancy law clause in simple terms.,"restoration of supply of essential services immediately on service of such order upon the landlord or property manager, as the case may be, pending the inquiry referred to in sub-section (3).","restoration of supply of essential services immediately on service of such order upon the landlord or property manager, as the case may be, pending the inquiry referred to in sub-section (3).",Unknown,Model-Tenancy-Act-English-02_06_2021.pdf
Summarize the following tenancy law clause.,"restoration of supply of essential services immediately on service of such order upon the landlord or property manager, as the case may be, pending the inquiry referred to in sub-section (3).","restoration of supply of essential services immediately on service of such order upon the landlord or property manager, as the case may be, pending the inquiry referred to in sub-section (3).",Unknown,Model-Tenancy-Act-English-02_06_2021.pdf
Identify the legal topic of the following clause.,"restoration of supply of essential services immediately on service of such order upon the landlord or property manager, as the case may be, pending the inquiry referred to in sub-section (3).",tenancy law,Unknown,Model-Tenancy-Act-English-02_06_2021.pdf
Simplify the following tenancy law provision.,"Explanation.–– For the purposes of this clause, “misuse of premises” means encroachment of additional space by the tenant or use of premises which causes public nuisance or causes damage to the property or is detrimental to the interest of the landlord or for immoral or illegal purposes;","Explanation.–– For the purposes of this clause, “misuse of premises” means encroachment of additional space by the tenant or use of premises which causes public nuisance or causes damage to the property or is detrimental to the interest of the landlord or for immoral or illegal purposes;",Unknown,Model-Tenancy-Act-English-02_06_2021.pdf
Provide a short summary of this legal provision.,"Explanation.–– For the purposes of this clause, “misuse of premises” means encroachment of additional space by the tenant or use of premises which causes public nuisance or causes damage to the property or is detrimental to the interest of the landlord or for immoral or illegal purposes;","Explanation.–– For the purposes of this clause, “misuse of premises” means encroachment of additional space by the tenant or use of premises which causes public nuisance or causes damage to the property or is detrimental to the interest of the landlord or for immoral or illegal purposes;",Unknown,Model-Tenancy-Act-English-02_06_2021.pdf
Identify the legal topic of the following clause.,"Explanation.–– For the purposes of this clause, “misuse of premises” means encroachment of additional space by the tenant or use of premises which causes public nuisance or causes damage to the property or is detrimental to the interest of the landlord or for immoral or illegal purposes;",tenancy law,Unknown,Model-Tenancy-Act-English-02_06_2021.pdf
Explain the following tenancy law clause in simple terms.,and (ii) in cases where the tenant has been evicted under the orders of a Rent Court;,and (ii) in cases where the tenant has been evicted under the orders of a Rent Court;,Unknown,Model-Tenancy-Act-English-02_06_2021.pdf
Summarize the following tenancy law clause.,and (ii) in cases where the tenant has been evicted under the orders of a Rent Court;,and (ii) in cases where the tenant has been evicted under the orders of a Rent Court;,Unknown,Model-Tenancy-Act-English-02_06_2021.pdf
Identify the legal topic of the following clause.,and (ii) in cases where the tenant has been evicted under the orders of a Rent Court;,tenancy law,Unknown,Model-Tenancy-Act-English-02_06_2021.pdf
Explain the following tenancy law clause in simple terms.,"Explanation.–– For the purposes of this clause, the expression “competent authority” means the Municipal Corporation or the Municipality or the Development Authority or any other authority, as the case may be, which provides permission on matters relating to repair or redevelopment or demolition of building or permission for change in land use: (g) that the tenant has given written notice to vacate the premises let out on rent and in consequence of that notice the landlord has contracted to sell the said premises or has taken any other step, as a result of which his interests would seriously suffer if he is not put in possession of that premises;","Explanation.–– For the purposes of this clause, the expression “competent authority” means the Municipal Corporation or the Municipality or the Development Authority or any other authority, as the case may be, which provides permission on matters relating to repair or redevelopment or demolition of building or permission for change in land use: (g) that the tenant has given written notice to vacate the premises let out on rent and in consequence of that notice the landlord has contracted to sell the said premises or has taken any other step, as a result of which his interests would seriously suffer if he is not put in possession of that premises;",Unknown,Model-Tenancy-Act-English-02_06_2021.pdf
Summarize the following tenancy law clause.,"Explanation.–– For the purposes of this clause, the expression “competent authority” means the Municipal Corporation or the Municipality or the Development Authority or any other authority, as the case may be, which provides permission on matters relating to repair or redevelopment or demolition of building or permission for change in land use: (g) that the tenant has given written notice to vacate the premises let out on rent and in consequence of that notice the landlord has contracted to sell the said premises or has taken any other step, as a result of which his interests would seriously suffer if he is not put in possession of that premises;","Explanation.–– For the purposes of this clause, the expression “competent authority” means the Municipal Corporation or the Municipality or the Development Authority or any other authority, as the case may be, which provides permission on matters relating to repair or redevelopment or demolition of building or permission for change in land use: (g) that the tenant has given written notice to vacate the premises let out on rent and in consequence of that notice the landlord has contracted to sell the said premises or has taken any other step, as a result of which his interests would seriously suffer if he is not put in possession of that premises;",Unknown,Model-Tenancy-Act-English-02_06_2021.pdf
Identify the legal topic of the following clause.,"Explanation.–– For the purposes of this clause, the expression “competent authority” means the Municipal Corporation or the Municipality or the Development Authority or any other authority, as the case may be, which provides permission on matters relating to repair or redevelopment or demolition of building or permission for change in land use: (g) that the tenant has given written notice to vacate the premises let out on rent and in consequence of that notice the landlord has contracted to sell the said premises or has taken any other step, as a result of which his interests would seriously suffer if he is not put in possession of that premises;",tenancy law,Unknown,Model-Tenancy-Act-English-02_06_2021.pdf
Simplify the following tenancy law provision.,"possession of the said premises before the Rent Court in such form and manner, as may be prescribed.","possession of the said premises before the Rent Court in such form and manner, as may be prescribed.",Unknown,Model-Tenancy-Act-English-02_06_2021.pdf
Summarize the following tenancy law clause.,"possession of the said premises before the Rent Court in such form and manner, as may be prescribed.","possession of the said premises before the Rent Court in such form and manner, as may be prescribed.",Unknown,Model-Tenancy-Act-English-02_06_2021.pdf
Identify the legal topic of the following clause.,"possession of the said premises before the Rent Court in such form and manner, as may be prescribed.",tenancy law,Unknown,Model-Tenancy-Act-English-02_06_2021.pdf
Explain the following tenancy law clause in simple terms.,Where the tenant fails to vacate the premises let out on rent in Enhancement of rent in case of accordance with the tenancy agreement on the expiration of the refusal by tenant period of tenancy or termination of tenancy by an order or notice to vacate.,Where the tenant fails to vacate the premises let out on rent in Enhancement of rent in case of accordance with the tenancy agreement on the expiration of the refusal by tenant period of tenancy or termination of tenancy by an order or notice to vacate.,Unknown,Model-Tenancy-Act-English-02_06_2021.pdf
Provide a short summary of this legal provision.,Where the tenant fails to vacate the premises let out on rent in Enhancement of rent in case of accordance with the tenancy agreement on the expiration of the refusal by tenant period of tenancy or termination of tenancy by an order or notice to vacate.,Where the tenant fails to vacate the premises let out on rent in Enhancement of rent in case of accordance with the tenancy agreement on the expiration of the refusal by tenant period of tenancy or termination of tenancy by an order or notice to vacate.,Unknown,Model-Tenancy-Act-English-02_06_2021.pdf
Identify the legal topic of the following clause.,Where the tenant fails to vacate the premises let out on rent in Enhancement of rent in case of accordance with the tenancy agreement on the expiration of the refusal by tenant period of tenancy or termination of tenancy by an order or notice to vacate.,tenancy law,Unknown,Model-Tenancy-Act-English-02_06_2021.pdf
Simplify the following tenancy law provision.,"under the provisions of this Act, such tenant shall be liable to pay the landlord –– (a) twice the monthly rent for the first two months;","under the provisions of this Act, such tenant shall be liable to pay the landlord –– (a) twice the monthly rent for the first two months;",Unknown,Model-Tenancy-Act-English-02_06_2021.pdf
Summarize the following tenancy law clause.,"under the provisions of this Act, such tenant shall be liable to pay the landlord –– (a) twice the monthly rent for the first two months;","under the provisions of this Act, such tenant shall be liable to pay the landlord –– (a) twice the monthly rent for the first two months;",Unknown,Model-Tenancy-Act-English-02_06_2021.pdf
Identify the legal topic of the following clause.,"under the provisions of this Act, such tenant shall be liable to pay the landlord –– (a) twice the monthly rent for the first two months;",tenancy law,Unknown,Model-Tenancy-Act-English-02_06_2021.pdf
Explain the following tenancy law clause in simple terms.,and (b) four times the monthly rent thereafter till the tenant continues to occupy the said premises.,and (b) four times the monthly rent thereafter till the tenant continues to occupy the said premises.,Unknown,Model-Tenancy-Act-English-02_06_2021.pdf
Summarize the following tenancy law clause.,and (b) four times the monthly rent thereafter till the tenant continues to occupy the said premises.,and (b) four times the monthly rent thereafter till the tenant continues to occupy the said premises.,Unknown,Model-Tenancy-Act-English-02_06_2021.pdf
Identify the legal topic of the following clause.,and (b) four times the monthly rent thereafter till the tenant continues to occupy the said premises.,tenancy law,Unknown,Model-Tenancy-Act-English-02_06_2021.pdf
Explain the following tenancy law clause in simple terms.,"and he had received any rent or any other payment in advance from the tenant, he shall before recovery of possession, refund to the tenant such amount after deducting the rent and other charges due to him.","and he had received any rent or any other payment in advance from the tenant, he shall before recovery of possession, refund to the tenant such amount after deducting the rent and other charges due to him.",Unknown,Model-Tenancy-Act-English-02_06_2021.pdf
Summarize the following tenancy law clause.,"and he had received any rent or any other payment in advance from the tenant, he shall before recovery of possession, refund to the tenant such amount after deducting the rent and other charges due to him.","and he had received any rent or any other payment in advance from the tenant, he shall before recovery of possession, refund to the tenant such amount after deducting the rent and other charges due to him.",Unknown,Model-Tenancy-Act-English-02_06_2021.pdf
Identify the legal topic of the following clause.,"and he had received any rent or any other payment in advance from the tenant, he shall before recovery of possession, refund to the tenant such amount after deducting the rent and other charges due to him.",tenancy law,Unknown,Model-Tenancy-Act-English-02_06_2021.pdf
Explain the following tenancy law clause in simple terms.,simple interest to the tenant at such rate as may be prescribed from time to time on the amount which he has omitted or failed to refund.,simple interest to the tenant at such rate as may be prescribed from time to time on the amount which he has omitted or failed to refund.,Unknown,Model-Tenancy-Act-English-02_06_2021.pdf
Provide a short summary of this legal provision.,simple interest to the tenant at such rate as may be prescribed from time to time on the amount which he has omitted or failed to refund.,simple interest to the tenant at such rate as may be prescribed from time to time on the amount which he has omitted or failed to refund.,Unknown,Model-Tenancy-Act-English-02_06_2021.pdf
Identify the legal topic of the following clause.,simple interest to the tenant at such rate as may be prescribed from time to time on the amount which he has omitted or failed to refund.,tenancy law,Unknown,Model-Tenancy-Act-English-02_06_2021.pdf
Interpret this legal clause related to tenancy law.,In any proceedings for recovery of possession on any ground Payment of rent during eviction other than that referred to in clause (a) or clause (b) of sub-section proceedings.,In any proceedings for recovery of possession on any ground Payment of rent during eviction other than that referred to in clause (a) or clause (b) of sub-section proceedings.,Unknown,Model-Tenancy-Act-English-02_06_2021.pdf
Summarize the following tenancy law clause.,In any proceedings for recovery of possession on any ground Payment of rent during eviction other than that referred to in clause (a) or clause (b) of sub-section proceedings.,In any proceedings for recovery of possession on any ground Payment of rent during eviction other than that referred to in clause (a) or clause (b) of sub-section proceedings.,Unknown,Model-Tenancy-Act-English-02_06_2021.pdf
Identify the legal topic of the following clause.,In any proceedings for recovery of possession on any ground Payment of rent during eviction other than that referred to in clause (a) or clause (b) of sub-section proceedings.,tenancy law,Unknown,Model-Tenancy-Act-English-02_06_2021.pdf
Simplify the following tenancy law provision.,Provided further that it shall be the responsibility of the tenant to remove any such additional structure built by tenant without consent of landlord.,Provided further that it shall be the responsibility of the tenant to remove any such additional structure built by tenant without consent of landlord.,Unknown,Model-Tenancy-Act-English-02_06_2021.pdf
Provide a short summary of this legal provision.,Provided further that it shall be the responsibility of the tenant to remove any such additional structure built by tenant without consent of landlord.,Provided further that it shall be the responsibility of the tenant to remove any such additional structure built by tenant without consent of landlord.,Unknown,Model-Tenancy-Act-English-02_06_2021.pdf
Identify the legal topic of the following clause.,Provided further that it shall be the responsibility of the tenant to remove any such additional structure built by tenant without consent of landlord.,tenancy law,Unknown,Model-Tenancy-Act-English-02_06_2021.pdf
Explain the following tenancy law clause in simple terms.,"being in force to erect any building whether for residence or for any other purpose, and the landlord who intends to erect such building is unable to obtain possession of the same from the tenant on the basis of the tenancy agreement, the landlord or, in case of death of the landlord, his legal heirs, may file an application in this behalf, in such form and manner as may be prescribed, before the Rent Court.","being in force to erect any building whether for residence or for any other purpose, and the landlord who intends to erect such building is unable to obtain possession of the same from the tenant on the basis of the tenancy agreement, the landlord or, in case of death of the landlord, his legal heirs, may file an application in this behalf, in such form and manner as may be prescribed, before the Rent Court.",Unknown,Model-Tenancy-Act-English-02_06_2021.pdf
Summarize the following tenancy law clause.,"being in force to erect any building whether for residence or for any other purpose, and the landlord who intends to erect such building is unable to obtain possession of the same from the tenant on the basis of the tenancy agreement, the landlord or, in case of death of the landlord, his legal heirs, may file an application in this behalf, in such form and manner as may be prescribed, before the Rent Court.","being in force to erect any building whether for residence or for any other purpose, and the landlord who intends to erect such building is unable to obtain possession of the same from the tenant on the basis of the tenancy agreement, the landlord or, in case of death of the landlord, his legal heirs, may file an application in this behalf, in such form and manner as may be prescribed, before the Rent Court.",Unknown,Model-Tenancy-Act-English-02_06_2021.pdf
Identify the legal topic of the following clause.,"being in force to erect any building whether for residence or for any other purpose, and the landlord who intends to erect such building is unable to obtain possession of the same from the tenant on the basis of the tenancy agreement, the landlord or, in case of death of the landlord, his legal heirs, may file an application in this behalf, in such form and manner as may be prescribed, before the Rent Court.",tenancy law,Unknown,Model-Tenancy-Act-English-02_06_2021.pdf
Simplify the following tenancy law provision.,"Notwithstanding anything contained in any other law for the time Vacant possession to being in force, where the interest, of a landlord or in case of death of landlord.","Notwithstanding anything contained in any other law for the time Vacant possession to being in force, where the interest, of a landlord or in case of death of landlord.",Unknown,Model-Tenancy-Act-English-02_06_2021.pdf
Provide a short summary of this legal provision.,"Notwithstanding anything contained in any other law for the time Vacant possession to being in force, where the interest, of a landlord or in case of death of landlord.","Notwithstanding anything contained in any other law for the time Vacant possession to being in force, where the interest, of a landlord or in case of death of landlord.",Unknown,Model-Tenancy-Act-English-02_06_2021.pdf
Identify the legal topic of the following clause.,"Notwithstanding anything contained in any other law for the time Vacant possession to being in force, where the interest, of a landlord or in case of death of landlord.",tenancy law,Unknown,Model-Tenancy-Act-English-02_06_2021.pdf
Explain the following tenancy law clause in simple terms.,"the landlord, of his legal heirs in any premises is determined for any reason whatsoever and any order is made by the Rent Court under this Act for the recovery of possession of such premises, such order shall, subject to the provisions of sub-section (3) of section 21, be binding on all occupants who may be in occupation of the premises and vacant possession thereof shall be given by all such occupants to the landlord or to the legal heirs of the landlord.","the landlord, of his legal heirs in any premises is determined for any reason whatsoever and any order is made by the Rent Court under this Act for the recovery of possession of such premises, such order shall, subject to the provisions of sub-section (3) of section 21, be binding on all occupants who may be in occupation of the premises and vacant possession thereof shall be given by all such occupants to the landlord or to the legal heirs of the landlord.",Unknown,Model-Tenancy-Act-English-02_06_2021.pdf
Provide a short summary of this legal provision.,"the landlord, of his legal heirs in any premises is determined for any reason whatsoever and any order is made by the Rent Court under this Act for the recovery of possession of such premises, such order shall, subject to the provisions of sub-section (3) of section 21, be binding on all occupants who may be in occupation of the premises and vacant possession thereof shall be given by all such occupants to the landlord or to the legal heirs of the landlord.","the landlord, of his legal heirs in any premises is determined for any reason whatsoever and any order is made by the Rent Court under this Act for the recovery of possession of such premises, such order shall, subject to the provisions of sub-section (3) of section 21, be binding on all occupants who may be in occupation of the premises and vacant possession thereof shall be given by all such occupants to the landlord or to the legal heirs of the landlord.",Unknown,Model-Tenancy-Act-English-02_06_2021.pdf
Identify the legal topic of the following clause.,"the landlord, of his legal heirs in any premises is determined for any reason whatsoever and any order is made by the Rent Court under this Act for the recovery of possession of such premises, such order shall, subject to the provisions of sub-section (3) of section 21, be binding on all occupants who may be in occupation of the premises and vacant possession thereof shall be given by all such occupants to the landlord or to the legal heirs of the landlord.",tenancy law,Unknown,Model-Tenancy-Act-English-02_06_2021.pdf
Interpret this legal clause related to tenancy law.,"Notwithstanding anything contained in this Act or any other law Provisions regarding notice for the time being in force, a tenant may give up possession of the of giving up premises on giving such written notice as is required under the possession by tenancy agreement and in the absence of any stipulation relating to tenant.","Notwithstanding anything contained in this Act or any other law Provisions regarding notice for the time being in force, a tenant may give up possession of the of giving up premises on giving such written notice as is required under the possession by tenancy agreement and in the absence of any stipulation relating to tenant.",Unknown,Model-Tenancy-Act-English-02_06_2021.pdf
Provide a short summary of this legal provision.,"Notwithstanding anything contained in this Act or any other law Provisions regarding notice for the time being in force, a tenant may give up possession of the of giving up premises on giving such written notice as is required under the possession by tenancy agreement and in the absence of any stipulation relating to tenant.","Notwithstanding anything contained in this Act or any other law Provisions regarding notice for the time being in force, a tenant may give up possession of the of giving up premises on giving such written notice as is required under the possession by tenancy agreement and in the absence of any stipulation relating to tenant.",Unknown,Model-Tenancy-Act-English-02_06_2021.pdf
Identify the legal topic of the following clause.,"Notwithstanding anything contained in this Act or any other law Provisions regarding notice for the time being in force, a tenant may give up possession of the of giving up premises on giving such written notice as is required under the possession by tenancy agreement and in the absence of any stipulation relating to tenant.",tenancy law,Unknown,Model-Tenancy-Act-English-02_06_2021.pdf
Explain the following tenancy law clause in simple terms.,"such notice, the tenant shall give notice to the landlord of at least one month before giving up possession of the premises.","such notice, the tenant shall give notice to the landlord of at least one month before giving up possession of the premises.",Unknown,Model-Tenancy-Act-English-02_06_2021.pdf
Summarize the following tenancy law clause.,"such notice, the tenant shall give notice to the landlord of at least one month before giving up possession of the premises.","such notice, the tenant shall give notice to the landlord of at least one month before giving up possession of the premises.",Unknown,Model-Tenancy-Act-English-02_06_2021.pdf
Identify the legal topic of the following clause.,"such notice, the tenant shall give notice to the landlord of at least one month before giving up possession of the premises.",tenancy law,Unknown,Model-Tenancy-Act-English-02_06_2021.pdf
Explain the following tenancy law clause in simple terms.,"previous approval of the State Government/Union territory Administration, appoint an officer, not below the rank of Deputy Collector, to be the Rent Authority within his jurisdiction.","previous approval of the State Government/Union territory Administration, appoint an officer, not below the rank of Deputy Collector, to be the Rent Authority within his jurisdiction.",Unknown,Model-Tenancy-Act-English-02_06_2021.pdf
Summarize the following tenancy law clause.,"previous approval of the State Government/Union territory Administration, appoint an officer, not below the rank of Deputy Collector, to be the Rent Authority within his jurisdiction.","previous approval of the State Government/Union territory Administration, appoint an officer, not below the rank of Deputy Collector, to be the Rent Authority within his jurisdiction.",Unknown,Model-Tenancy-Act-English-02_06_2021.pdf
Identify the legal topic of the following clause.,"previous approval of the State Government/Union territory Administration, appoint an officer, not below the rank of Deputy Collector, to be the Rent Authority within his jurisdiction.",tenancy law,Unknown,Model-Tenancy-Act-English-02_06_2021.pdf
Simplify the following tenancy law provision.,The Rent Authority shall have all the powers as are vested in a Power and Page 17 of 28,The Rent Authority shall have all the powers as are vested in a Power and Page 17 of 28,Unknown,Model-Tenancy-Act-English-02_06_2021.pdf
Summarize the following tenancy law clause.,The Rent Authority shall have all the powers as are vested in a Power and Page 17 of 28,The Rent Authority shall have all the powers as are vested in a Power and Page 17 of 28,Unknown,Model-Tenancy-Act-English-02_06_2021.pdf
Identify the legal topic of the following clause.,The Rent Authority shall have all the powers as are vested in a Power and Page 17 of 28,tenancy law,Unknown,Model-Tenancy-Act-English-02_06_2021.pdf
Interpret this legal clause related to tenancy law.,Rent Court under this Act in respect of any proceedings initiated procedure of Rent Authority.,Rent Court under this Act in respect of any proceedings initiated procedure of Rent Authority.,Unknown,Model-Tenancy-Act-English-02_06_2021.pdf
Provide a short summary of this legal provision.,Rent Court under this Act in respect of any proceedings initiated procedure of Rent Authority.,Rent Court under this Act in respect of any proceedings initiated procedure of Rent Authority.,Unknown,Model-Tenancy-Act-English-02_06_2021.pdf
Identify the legal topic of the following clause.,Rent Court under this Act in respect of any proceedings initiated procedure of Rent Authority.,tenancy law,Unknown,Model-Tenancy-Act-English-02_06_2021.pdf
Simplify the following tenancy law provision.,"The District Collector or District Magistrate shall, with the previous approval of the State Government/ Union territory Rent Court Administration, appoint Additional Collector or Additional District Magistrate or an officer of equivalent rank, to be the Rent Court for the purposes of this Act, within his jurisdiction.","The District Collector or District Magistrate shall, with the previous approval of the State Government/ Union territory Rent Court Administration, appoint Additional Collector or Additional District Magistrate or an officer of equivalent rank, to be the Rent Court for the purposes of this Act, within his jurisdiction.",Unknown,Model-Tenancy-Act-English-02_06_2021.pdf
Summarize the following tenancy law clause.,"The District Collector or District Magistrate shall, with the previous approval of the State Government/ Union territory Rent Court Administration, appoint Additional Collector or Additional District Magistrate or an officer of equivalent rank, to be the Rent Court for the purposes of this Act, within his jurisdiction.","The District Collector or District Magistrate shall, with the previous approval of the State Government/ Union territory Rent Court Administration, appoint Additional Collector or Additional District Magistrate or an officer of equivalent rank, to be the Rent Court for the purposes of this Act, within his jurisdiction.",Unknown,Model-Tenancy-Act-English-02_06_2021.pdf
Identify the legal topic of the following clause.,"The District Collector or District Magistrate shall, with the previous approval of the State Government/ Union territory Rent Court Administration, appoint Additional Collector or Additional District Magistrate or an officer of equivalent rank, to be the Rent Court for the purposes of this Act, within his jurisdiction.",tenancy law,Unknown,Model-Tenancy-Act-English-02_06_2021.pdf
Interpret this legal clause related to tenancy law.,"The State Government/ Union territory Administration may, in consultation with the jurisdictional High Court, may by notification, Rent Tribunal appoint District Judge or Additional District Judge as Rent Tribunal in each district.","The State Government/ Union territory Administration may, in consultation with the jurisdictional High Court, may by notification, Rent Tribunal appoint District Judge or Additional District Judge as Rent Tribunal in each district.",Unknown,Model-Tenancy-Act-English-02_06_2021.pdf
Summarize the following tenancy law clause.,"The State Government/ Union territory Administration may, in consultation with the jurisdictional High Court, may by notification, Rent Tribunal appoint District Judge or Additional District Judge as Rent Tribunal in each district.","The State Government/ Union territory Administration may, in consultation with the jurisdictional High Court, may by notification, Rent Tribunal appoint District Judge or Additional District Judge as Rent Tribunal in each district.",Unknown,Model-Tenancy-Act-English-02_06_2021.pdf
Identify the legal topic of the following clause.,"The State Government/ Union territory Administration may, in consultation with the jurisdictional High Court, may by notification, Rent Tribunal appoint District Judge or Additional District Judge as Rent Tribunal in each district.",tenancy law,Unknown,Model-Tenancy-Act-English-02_06_2021.pdf
Interpret this legal clause related to tenancy law.,"following manner, namely:–– (a) the landlord or the tenant may file an application or appeal before the Rent Court or, as the case may be, the Rent Tribunal accompanied by affidavit and documents, if any;","following manner, namely:–– (a) the landlord or the tenant may file an application or appeal before the Rent Court or, as the case may be, the Rent Tribunal accompanied by affidavit and documents, if any;",Unknown,Model-Tenancy-Act-English-02_06_2021.pdf
Summarize the following tenancy law clause.,"following manner, namely:–– (a) the landlord or the tenant may file an application or appeal before the Rent Court or, as the case may be, the Rent Tribunal accompanied by affidavit and documents, if any;","following manner, namely:–– (a) the landlord or the tenant may file an application or appeal before the Rent Court or, as the case may be, the Rent Tribunal accompanied by affidavit and documents, if any;",Unknown,Model-Tenancy-Act-English-02_06_2021.pdf
Identify the legal topic of the following clause.,"following manner, namely:–– (a) the landlord or the tenant may file an application or appeal before the Rent Court or, as the case may be, the Rent Tribunal accompanied by affidavit and documents, if any;",tenancy law,Unknown,Model-Tenancy-Act-English-02_06_2021.pdf
Simplify the following tenancy law provision.,"5 of (4) The provisions of the Code of Civil Procedure, 1908 regarding 1908 service of summons shall be applicable mutatis mutandis for service of notice by the Rent Court or Rent Tribunal.","5 of (4) The provisions of the Code of Civil Procedure, 1908 regarding 1908 service of summons shall be applicable mutatis mutandis for service of notice by the Rent Court or Rent Tribunal.",Unknown,Model-Tenancy-Act-English-02_06_2021.pdf
Summarize the following tenancy law clause.,"5 of (4) The provisions of the Code of Civil Procedure, 1908 regarding 1908 service of summons shall be applicable mutatis mutandis for service of notice by the Rent Court or Rent Tribunal.","5 of (4) The provisions of the Code of Civil Procedure, 1908 regarding 1908 service of summons shall be applicable mutatis mutandis for service of notice by the Rent Court or Rent Tribunal.",Unknown,Model-Tenancy-Act-English-02_06_2021.pdf
Identify the legal topic of the following clause.,"5 of (4) The provisions of the Code of Civil Procedure, 1908 regarding 1908 service of summons shall be applicable mutatis mutandis for service of notice by the Rent Court or Rent Tribunal.",tenancy law,Unknown,Model-Tenancy-Act-English-02_06_2021.pdf
Interpret this legal clause related to tenancy law.,"1974 (3) For the purposes of holding any inquiry or discharging any duty under this Act, the Rent Court may,–– (a) after giving not less than twenty-four hours notice in writing, enter and inspect or authorise any officer, subordinate to it, to enter and inspect, any premises at any time between sunrise and sunset;","1974 (3) For the purposes of holding any inquiry or discharging any duty under this Act, the Rent Court may,–– (a) after giving not less than twenty-four hours notice in writing, enter and inspect or authorise any officer, subordinate to it, to enter and inspect, any premises at any time between sunrise and sunset;",Unknown,Model-Tenancy-Act-English-02_06_2021.pdf
Provide a short summary of this legal provision.,"1974 (3) For the purposes of holding any inquiry or discharging any duty under this Act, the Rent Court may,–– (a) after giving not less than twenty-four hours notice in writing, enter and inspect or authorise any officer, subordinate to it, to enter and inspect, any premises at any time between sunrise and sunset;","1974 (3) For the purposes of holding any inquiry or discharging any duty under this Act, the Rent Court may,–– (a) after giving not less than twenty-four hours notice in writing, enter and inspect or authorise any officer, subordinate to it, to enter and inspect, any premises at any time between sunrise and sunset;",Unknown,Model-Tenancy-Act-English-02_06_2021.pdf
Identify the legal topic of the following clause.,"1974 (3) For the purposes of holding any inquiry or discharging any duty under this Act, the Rent Court may,–– (a) after giving not less than twenty-four hours notice in writing, enter and inspect or authorise any officer, subordinate to it, to enter and inspect, any premises at any time between sunrise and sunset;",tenancy law,Unknown,Model-Tenancy-Act-English-02_06_2021.pdf
Simplify the following tenancy law provision.,"Rent Court as a decree of a civil court and for this purpose, the Rent Court shall have the powers of a civil court.","Rent Court as a decree of a civil court and for this purpose, the Rent Court shall have the powers of a civil court.",Unknown,Model-Tenancy-Act-English-02_06_2021.pdf
Provide a short summary of this legal provision.,"Rent Court as a decree of a civil court and for this purpose, the Rent Court shall have the powers of a civil court.","Rent Court as a decree of a civil court and for this purpose, the Rent Court shall have the powers of a civil court.",Unknown,Model-Tenancy-Act-English-02_06_2021.pdf
Identify the legal topic of the following clause.,"Rent Court as a decree of a civil court and for this purpose, the Rent Court shall have the powers of a civil court.",tenancy law,Unknown,Model-Tenancy-Act-English-02_06_2021.pdf
Interpret this legal clause related to tenancy law.,"jurisdictional Rent Tribunal within the local limits of which the premises is situated, within a period of thirty days from the date of that order.","jurisdictional Rent Tribunal within the local limits of which the premises is situated, within a period of thirty days from the date of that order.",Unknown,Model-Tenancy-Act-English-02_06_2021.pdf
Summarize the following tenancy law clause.,"jurisdictional Rent Tribunal within the local limits of which the premises is situated, within a period of thirty days from the date of that order.","jurisdictional Rent Tribunal within the local limits of which the premises is situated, within a period of thirty days from the date of that order.",Unknown,Model-Tenancy-Act-English-02_06_2021.pdf
Identify the legal topic of the following clause.,"jurisdictional Rent Tribunal within the local limits of which the premises is situated, within a period of thirty days from the date of that order.",tenancy law,Unknown,Model-Tenancy-Act-English-02_06_2021.pdf
Interpret this legal clause related to tenancy law.,or (c) appointing any advocate or any other competent person including officers of the Rent Court or local administration or local body for the execution of such order.,or (c) appointing any advocate or any other competent person including officers of the Rent Court or local administration or local body for the execution of such order.,Unknown,Model-Tenancy-Act-English-02_06_2021.pdf
Provide a short summary of this legal provision.,or (c) appointing any advocate or any other competent person including officers of the Rent Court or local administration or local body for the execution of such order.,or (c) appointing any advocate or any other competent person including officers of the Rent Court or local administration or local body for the execution of such order.,Unknown,Model-Tenancy-Act-English-02_06_2021.pdf
Identify the legal topic of the following clause.,or (c) appointing any advocate or any other competent person including officers of the Rent Court or local administration or local body for the execution of such order.,tenancy law,Unknown,Model-Tenancy-Act-English-02_06_2021.pdf
Simplify the following tenancy law provision.,"The State Government/Union territory Administration may, in Officers and consultation with the Rent Authority or Rent Court or Rent Tribunal, other employees determine the nature and categories of officers and other employees of Rent Authority, as it considers necessary and appoint such officers and other Rent Court and Rent Tribunal.","The State Government/Union territory Administration may, in Officers and consultation with the Rent Authority or Rent Court or Rent Tribunal, other employees determine the nature and categories of officers and other employees of Rent Authority, as it considers necessary and appoint such officers and other Rent Court and Rent Tribunal.",Unknown,Model-Tenancy-Act-English-02_06_2021.pdf
Provide a short summary of this legal provision.,"The State Government/Union territory Administration may, in Officers and consultation with the Rent Authority or Rent Court or Rent Tribunal, other employees determine the nature and categories of officers and other employees of Rent Authority, as it considers necessary and appoint such officers and other Rent Court and Rent Tribunal.","The State Government/Union territory Administration may, in Officers and consultation with the Rent Authority or Rent Court or Rent Tribunal, other employees determine the nature and categories of officers and other employees of Rent Authority, as it considers necessary and appoint such officers and other Rent Court and Rent Tribunal.",Unknown,Model-Tenancy-Act-English-02_06_2021.pdf
Identify the legal topic of the following clause.,"The State Government/Union territory Administration may, in Officers and consultation with the Rent Authority or Rent Court or Rent Tribunal, other employees determine the nature and categories of officers and other employees of Rent Authority, as it considers necessary and appoint such officers and other Rent Court and Rent Tribunal.",tenancy law,Unknown,Model-Tenancy-Act-English-02_06_2021.pdf
Simplify the following tenancy law provision.,"1870 respect of applications or appeals to be presented before the Rent Authority or Rent Court or Rent Tribunal, as the case may be.","1870 respect of applications or appeals to be presented before the Rent Authority or Rent Court or Rent Tribunal, as the case may be.",Unknown,Model-Tenancy-Act-English-02_06_2021.pdf
Provide a short summary of this legal provision.,"1870 respect of applications or appeals to be presented before the Rent Authority or Rent Court or Rent Tribunal, as the case may be.","1870 respect of applications or appeals to be presented before the Rent Authority or Rent Court or Rent Tribunal, as the case may be.",Unknown,Model-Tenancy-Act-English-02_06_2021.pdf
Identify the legal topic of the following clause.,"1870 respect of applications or appeals to be presented before the Rent Authority or Rent Court or Rent Tribunal, as the case may be.",tenancy law,Unknown,Model-Tenancy-Act-English-02_06_2021.pdf
Interpret this legal clause related to tenancy law.,"Every member of Rent Authority, Rent Court and Rent Tribunal Members, etc., to 45 of appointed under this Act shall be deemed to be a public servant be public 1860 within the meaning of section 21 of the Indian Penal Code.","Every member of Rent Authority, Rent Court and Rent Tribunal Members, etc., to 45 of appointed under this Act shall be deemed to be a public servant be public 1860 within the meaning of section 21 of the Indian Penal Code.",Unknown,Model-Tenancy-Act-English-02_06_2021.pdf
Summarize the following tenancy law clause.,"Every member of Rent Authority, Rent Court and Rent Tribunal Members, etc., to 45 of appointed under this Act shall be deemed to be a public servant be public 1860 within the meaning of section 21 of the Indian Penal Code.","Every member of Rent Authority, Rent Court and Rent Tribunal Members, etc., to 45 of appointed under this Act shall be deemed to be a public servant be public 1860 within the meaning of section 21 of the Indian Penal Code.",Unknown,Model-Tenancy-Act-English-02_06_2021.pdf
Identify the legal topic of the following clause.,"Every member of Rent Authority, Rent Court and Rent Tribunal Members, etc., to 45 of appointed under this Act shall be deemed to be a public servant be public 1860 within the meaning of section 21 of the Indian Penal Code.",tenancy law,Unknown,Model-Tenancy-Act-English-02_06_2021.pdf
Interpret this legal clause related to tenancy law.,"No suit, prosecution or other legal proceeding shall lie against Protection of any person, Rent Authority, Rent Court or Rent Tribunal in respect of action taken in good faith.","No suit, prosecution or other legal proceeding shall lie against Protection of any person, Rent Authority, Rent Court or Rent Tribunal in respect of action taken in good faith.",Unknown,Model-Tenancy-Act-English-02_06_2021.pdf
Summarize the following tenancy law clause.,"No suit, prosecution or other legal proceeding shall lie against Protection of any person, Rent Authority, Rent Court or Rent Tribunal in respect of action taken in good faith.","No suit, prosecution or other legal proceeding shall lie against Protection of any person, Rent Authority, Rent Court or Rent Tribunal in respect of action taken in good faith.",Unknown,Model-Tenancy-Act-English-02_06_2021.pdf
Identify the legal topic of the following clause.,"No suit, prosecution or other legal proceeding shall lie against Protection of any person, Rent Authority, Rent Court or Rent Tribunal in respect of action taken in good faith.",tenancy law,Unknown,Model-Tenancy-Act-English-02_06_2021.pdf
Interpret this legal clause related to tenancy law.,"THE FIRST SCHEDULE [See section 4(1)] FORM FOR INFORMATION OF TENANCY To, The Rent Authority ___________________ ________________ (Address) 1.","THE FIRST SCHEDULE [See section 4(1)] FORM FOR INFORMATION OF TENANCY To, The Rent Authority ___________________ ________________ (Address) 1.",Unknown,Model-Tenancy-Act-English-02_06_2021.pdf
Summarize the following tenancy law clause.,"THE FIRST SCHEDULE [See section 4(1)] FORM FOR INFORMATION OF TENANCY To, The Rent Authority ___________________ ________________ (Address) 1.","THE FIRST SCHEDULE [See section 4(1)] FORM FOR INFORMATION OF TENANCY To, The Rent Authority ___________________ ________________ (Address) 1.",Unknown,Model-Tenancy-Act-English-02_06_2021.pdf
Identify the legal topic of the following clause.,"THE FIRST SCHEDULE [See section 4(1)] FORM FOR INFORMATION OF TENANCY To, The Rent Authority ___________________ ________________ (Address) 1.",tenancy law,Unknown,Model-Tenancy-Act-English-02_06_2021.pdf
Explain the following tenancy law clause in simple terms.,"Name(s) and address of the tenant, including : _____________________ email and contact details, 4.","Name(s) and address of the tenant, including : _____________________ email and contact details, 4.",Unknown,Model-Tenancy-Act-English-02_06_2021.pdf
Summarize the following tenancy law clause.,"Name(s) and address of the tenant, including : _____________________ email and contact details, 4.","Name(s) and address of the tenant, including : _____________________ email and contact details, 4.",Unknown,Model-Tenancy-Act-English-02_06_2021.pdf
Identify the legal topic of the following clause.,"Name(s) and address of the tenant, including : _____________________ email and contact details, 4.",tenancy law,Unknown,Model-Tenancy-Act-English-02_06_2021.pdf
Simplify the following tenancy law provision.,"Description of premises let to the tenant : _____________________ including appurtenant land, if any 6.","Description of premises let to the tenant : _____________________ including appurtenant land, if any 6.",Unknown,Model-Tenancy-Act-English-02_06_2021.pdf
Summarize the following tenancy law clause.,"Description of premises let to the tenant : _____________________ including appurtenant land, if any 6.","Description of premises let to the tenant : _____________________ including appurtenant land, if any 6.",Unknown,Model-Tenancy-Act-English-02_06_2021.pdf
Identify the legal topic of the following clause.,"Description of premises let to the tenant : _____________________ including appurtenant land, if any 6.",tenancy law,Unknown,Model-Tenancy-Act-English-02_06_2021.pdf
Simplify the following tenancy law provision.,Date from which possession is given to the : _____________________ tenant 7.,Date from which possession is given to the : _____________________ tenant 7.,Unknown,Model-Tenancy-Act-English-02_06_2021.pdf
Provide a short summary of this legal provision.,Date from which possession is given to the : _____________________ tenant 7.,Date from which possession is given to the : _____________________ tenant 7.,Unknown,Model-Tenancy-Act-English-02_06_2021.pdf
Identify the legal topic of the following clause.,Date from which possession is given to the : _____________________ tenant 7.,tenancy law,Unknown,Model-Tenancy-Act-English-02_06_2021.pdf
Explain the following tenancy law clause in simple terms.,Mobile Number & E-mail id of landlord : ___________________ (if available) 15.,Mobile Number & E-mail id of landlord : ___________________ (if available) 15.,Unknown,Model-Tenancy-Act-English-02_06_2021.pdf
Summarize the following tenancy law clause.,Mobile Number & E-mail id of landlord : ___________________ (if available) 15.,Mobile Number & E-mail id of landlord : ___________________ (if available) 15.,Unknown,Model-Tenancy-Act-English-02_06_2021.pdf
Identify the legal topic of the following clause.,Mobile Number & E-mail id of landlord : ___________________ (if available) 15.,tenancy law,Unknown,Model-Tenancy-Act-English-02_06_2021.pdf
Interpret this legal clause related to tenancy law.,Mobile Number & E-mail id of : _____________________________ Property Manager (if any) Name and signature of landlord Name and signature of tenant Photograph of Photograph of tenant landlord Enclosed: 1.,Mobile Number & E-mail id of : _____________________________ Property Manager (if any) Name and signature of landlord Name and signature of tenant Photograph of Photograph of tenant landlord Enclosed: 1.,Unknown,Model-Tenancy-Act-English-02_06_2021.pdf
Summarize the following tenancy law clause.,Mobile Number & E-mail id of : _____________________________ Property Manager (if any) Name and signature of landlord Name and signature of tenant Photograph of Photograph of tenant landlord Enclosed: 1.,Mobile Number & E-mail id of : _____________________________ Property Manager (if any) Name and signature of landlord Name and signature of tenant Photograph of Photograph of tenant landlord Enclosed: 1.,Unknown,Model-Tenancy-Act-English-02_06_2021.pdf
Identify the legal topic of the following clause.,Mobile Number & E-mail id of : _____________________________ Property Manager (if any) Name and signature of landlord Name and signature of tenant Photograph of Photograph of tenant landlord Enclosed: 1.,tenancy law,Unknown,Model-Tenancy-Act-English-02_06_2021.pdf
Explain the following tenancy law clause in simple terms.,"THE SECOND SCHEDULE [See section 15 (1)] DIVISION OF MAINTENANCE RESPONSIBILITY BETWEEN THE LANDLORD AND THE TENANTS Unless otherwise agreed in the tenancy agreement, the landlord shall be responsible for repairs relating to matters falling under Part A and the tenant shall be responsible for matters falling under Part B.","THE SECOND SCHEDULE [See section 15 (1)] DIVISION OF MAINTENANCE RESPONSIBILITY BETWEEN THE LANDLORD AND THE TENANTS Unless otherwise agreed in the tenancy agreement, the landlord shall be responsible for repairs relating to matters falling under Part A and the tenant shall be responsible for matters falling under Part B.",Unknown,Model-Tenancy-Act-English-02_06_2021.pdf
Summarize the following tenancy law clause.,"THE SECOND SCHEDULE [See section 15 (1)] DIVISION OF MAINTENANCE RESPONSIBILITY BETWEEN THE LANDLORD AND THE TENANTS Unless otherwise agreed in the tenancy agreement, the landlord shall be responsible for repairs relating to matters falling under Part A and the tenant shall be responsible for matters falling under Part B.","THE SECOND SCHEDULE [See section 15 (1)] DIVISION OF MAINTENANCE RESPONSIBILITY BETWEEN THE LANDLORD AND THE TENANTS Unless otherwise agreed in the tenancy agreement, the landlord shall be responsible for repairs relating to matters falling under Part A and the tenant shall be responsible for matters falling under Part B.",Unknown,Model-Tenancy-Act-English-02_06_2021.pdf
Identify the legal topic of the following clause.,"THE SECOND SCHEDULE [See section 15 (1)] DIVISION OF MAINTENANCE RESPONSIBILITY BETWEEN THE LANDLORD AND THE TENANTS Unless otherwise agreed in the tenancy agreement, the landlord shall be responsible for repairs relating to matters falling under Part A and the tenant shall be responsible for matters falling under Part B.",tenancy law,Unknown,Model-Tenancy-Act-English-02_06_2021.pdf
Explain the following tenancy law clause in simple terms.,Maintenance of gardens and open spaces let out to or used by the tenant.,Maintenance of gardens and open spaces let out to or used by the tenant.,Unknown,Model-Tenancy-Act-English-02_06_2021.pdf
Provide a short summary of this legal provision.,Maintenance of gardens and open spaces let out to or used by the tenant.,Maintenance of gardens and open spaces let out to or used by the tenant.,Unknown,Model-Tenancy-Act-English-02_06_2021.pdf
Identify the legal topic of the following clause.,Maintenance of gardens and open spaces let out to or used by the tenant.,tenancy law,Unknown,Model-Tenancy-Act-English-02_06_2021.pdf
Interpret this legal clause related to tenancy law.,"XVIII] 1 THE MAHARASHTRA RENT CONTROL ACT, 1999 [Text as on 7th March 2025] __________ CONTENTS PREAMBLE.","XVIII] 1 THE MAHARASHTRA RENT CONTROL ACT, 1999 [Text as on 7th March 2025] __________ CONTENTS PREAMBLE.",Unknown,eng_maharashtra_rent_control_ac.pdf
Provide a short summary of this legal provision.,"XVIII] 1 THE MAHARASHTRA RENT CONTROL ACT, 1999 [Text as on 7th March 2025] __________ CONTENTS PREAMBLE.","XVIII] 1 THE MAHARASHTRA RENT CONTROL ACT, 1999 [Text as on 7th March 2025] __________ CONTENTS PREAMBLE.",Unknown,eng_maharashtra_rent_control_ac.pdf
Identify the legal topic of the following clause.,"XVIII] 1 THE MAHARASHTRA RENT CONTROL ACT, 1999 [Text as on 7th March 2025] __________ CONTENTS PREAMBLE.",tenancy law,Unknown,eng_maharashtra_rent_control_ac.pdf
Explain the following tenancy law clause in simple terms.,"Power of State Government to issue orders in respect of premises belonging to local authority, etc.","Power of State Government to issue orders in respect of premises belonging to local authority, etc.",Unknown,eng_maharashtra_rent_control_ac.pdf
Summarize the following tenancy law clause.,"Power of State Government to issue orders in respect of premises belonging to local authority, etc.","Power of State Government to issue orders in respect of premises belonging to local authority, etc.",Unknown,eng_maharashtra_rent_control_ac.pdf
Identify the legal topic of the following clause.,"Power of State Government to issue orders in respect of premises belonging to local authority, etc.",tenancy law,Unknown,eng_maharashtra_rent_control_ac.pdf
Interpret this legal clause related to tenancy law.,Provisions with regard to standard rent not to apply to certain premises.,Provisions with regard to standard rent not to apply to certain premises.,Unknown,eng_maharashtra_rent_control_ac.pdf
Summarize the following tenancy law clause.,Provisions with regard to standard rent not to apply to certain premises.,Provisions with regard to standard rent not to apply to certain premises.,Unknown,eng_maharashtra_rent_control_ac.pdf
Identify the legal topic of the following clause.,Provisions with regard to standard rent not to apply to certain premises.,tenancy law,Unknown,eng_maharashtra_rent_control_ac.pdf
Interpret this legal clause related to tenancy law.,"Increase in rent annually and on account of improvement, etc., special addition, etc., and special or heavy repairs.","Increase in rent annually and on account of improvement, etc., special addition, etc., and special or heavy repairs.",Unknown,eng_maharashtra_rent_control_ac.pdf
Provide a short summary of this legal provision.,"Increase in rent annually and on account of improvement, etc., special addition, etc., and special or heavy repairs.","Increase in rent annually and on account of improvement, etc., special addition, etc., and special or heavy repairs.",Unknown,eng_maharashtra_rent_control_ac.pdf
Identify the legal topic of the following clause.,"Increase in rent annually and on account of improvement, etc., special addition, etc., and special or heavy repairs.",tenancy law,Unknown,eng_maharashtra_rent_control_ac.pdf
Explain the following tenancy law clause in simple terms.,No ejectment ordinarily to be made if tenant pays or is ready and willing to pay standard rent and permitted increases.,No ejectment ordinarily to be made if tenant pays or is ready and willing to pay standard rent and permitted increases.,Unknown,eng_maharashtra_rent_control_ac.pdf
Summarize the following tenancy law clause.,No ejectment ordinarily to be made if tenant pays or is ready and willing to pay standard rent and permitted increases.,No ejectment ordinarily to be made if tenant pays or is ready and willing to pay standard rent and permitted increases.,Unknown,eng_maharashtra_rent_control_ac.pdf
Identify the legal topic of the following clause.,No ejectment ordinarily to be made if tenant pays or is ready and willing to pay standard rent and permitted increases.,tenancy law,Unknown,eng_maharashtra_rent_control_ac.pdf
Simplify the following tenancy law provision.,Tenants’ right to give notice to landlord of his intention to occupy tenement in new building.,Tenants’ right to give notice to landlord of his intention to occupy tenement in new building.,Unknown,eng_maharashtra_rent_control_ac.pdf
Provide a short summary of this legal provision.,Tenants’ right to give notice to landlord of his intention to occupy tenement in new building.,Tenants’ right to give notice to landlord of his intention to occupy tenement in new building.,Unknown,eng_maharashtra_rent_control_ac.pdf
Identify the legal topic of the following clause.,Tenants’ right to give notice to landlord of his intention to occupy tenement in new building.,tenancy law,Unknown,eng_maharashtra_rent_control_ac.pdf
Interpret this legal clause related to tenancy law.,Landlord to intimate to tenant date of completion and tenant’s right to occupy premises in new building.,Landlord to intimate to tenant date of completion and tenant’s right to occupy premises in new building.,Unknown,eng_maharashtra_rent_control_ac.pdf
Provide a short summary of this legal provision.,Landlord to intimate to tenant date of completion and tenant’s right to occupy premises in new building.,Landlord to intimate to tenant date of completion and tenant’s right to occupy premises in new building.,Unknown,eng_maharashtra_rent_control_ac.pdf
Identify the legal topic of the following clause.,Landlord to intimate to tenant date of completion and tenant’s right to occupy premises in new building.,tenancy law,Unknown,eng_maharashtra_rent_control_ac.pdf
Explain the following tenancy law clause in simple terms.,"Members of armed forces of the Union, scientists or their successor-in-interest entitled to recover possession of premises required for their occupation.","Members of armed forces of the Union, scientists or their successor-in-interest entitled to recover possession of premises required for their occupation.",Unknown,eng_maharashtra_rent_control_ac.pdf
Summarize the following tenancy law clause.,"Members of armed forces of the Union, scientists or their successor-in-interest entitled to recover possession of premises required for their occupation.","Members of armed forces of the Union, scientists or their successor-in-interest entitled to recover possession of premises required for their occupation.",Unknown,eng_maharashtra_rent_control_ac.pdf
Identify the legal topic of the following clause.,"Members of armed forces of the Union, scientists or their successor-in-interest entitled to recover possession of premises required for their occupation.",tenancy law,Unknown,eng_maharashtra_rent_control_ac.pdf
Interpret this legal clause related to tenancy law.,Landlord entitled to recover possession of premises given on licence on expiry.,Landlord entitled to recover possession of premises given on licence on expiry.,Unknown,eng_maharashtra_rent_control_ac.pdf
Provide a short summary of this legal provision.,Landlord entitled to recover possession of premises given on licence on expiry.,Landlord entitled to recover possession of premises given on licence on expiry.,Unknown,eng_maharashtra_rent_control_ac.pdf
Identify the legal topic of the following clause.,Landlord entitled to recover possession of premises given on licence on expiry.,tenancy law,Unknown,eng_maharashtra_rent_control_ac.pdf
Explain the following tenancy law clause in simple terms.,In absence of contract tenant not to sub-let or transfer or to give on licence.,In absence of contract tenant not to sub-let or transfer or to give on licence.,Unknown,eng_maharashtra_rent_control_ac.pdf
Provide a short summary of this legal provision.,In absence of contract tenant not to sub-let or transfer or to give on licence.,In absence of contract tenant not to sub-let or transfer or to give on licence.,Unknown,eng_maharashtra_rent_control_ac.pdf
Identify the legal topic of the following clause.,In absence of contract tenant not to sub-let or transfer or to give on licence.,tenancy law,Unknown,eng_maharashtra_rent_control_ac.pdf
Simplify the following tenancy law provision.,State Government or Government allottee to become tenant of premises requisitioned or continued under requisition.,State Government or Government allottee to become tenant of premises requisitioned or continued under requisition.,Unknown,eng_maharashtra_rent_control_ac.pdf
Summarize the following tenancy law clause.,State Government or Government allottee to become tenant of premises requisitioned or continued under requisition.,State Government or Government allottee to become tenant of premises requisitioned or continued under requisition.,Unknown,eng_maharashtra_rent_control_ac.pdf
Identify the legal topic of the following clause.,State Government or Government allottee to become tenant of premises requisitioned or continued under requisition.,tenancy law,Unknown,eng_maharashtra_rent_control_ac.pdf
Simplify the following tenancy law provision.,Special provision for making application to Competent Authority by landlord to evict tenant or licensee.,Special provision for making application to Competent Authority by landlord to evict tenant or licensee.,Unknown,eng_maharashtra_rent_control_ac.pdf
Summarize the following tenancy law clause.,Special provision for making application to Competent Authority by landlord to evict tenant or licensee.,Special provision for making application to Competent Authority by landlord to evict tenant or licensee.,Unknown,eng_maharashtra_rent_control_ac.pdf
Identify the legal topic of the following clause.,Special provision for making application to Competent Authority by landlord to evict tenant or licensee.,tenancy law,Unknown,eng_maharashtra_rent_control_ac.pdf
Explain the following tenancy law clause in simple terms.,"XVIII OF 20001 [THE MAHARASHTRA RENT CONTROL ACT, 1999.] [This Act received the assent of the President on the 8th March 2000;","XVIII OF 20001 [THE MAHARASHTRA RENT CONTROL ACT, 1999.] [This Act received the assent of the President on the 8th March 2000;",Section 18,eng_maharashtra_rent_control_ac.pdf
Summarize the following tenancy law clause.,"XVIII OF 20001 [THE MAHARASHTRA RENT CONTROL ACT, 1999.] [This Act received the assent of the President on the 8th March 2000;","XVIII OF 20001 [THE MAHARASHTRA RENT CONTROL ACT, 1999.] [This Act received the assent of the President on the 8th March 2000;",Section 18,eng_maharashtra_rent_control_ac.pdf
Identify the legal topic of the following clause.,"XVIII OF 20001 [THE MAHARASHTRA RENT CONTROL ACT, 1999.] [This Act received the assent of the President on the 8th March 2000;",tenancy law,Section 18,eng_maharashtra_rent_control_ac.pdf
Interpret this legal clause related to tenancy law.,"assent was first published in the Maharashtra Government Gazette, Part-IV, on the 10th March 2000.] An Act to unify, consolidate and amend the law relating to the control of rent and repairs of certain premises and of eviction and for encouraging the construction of new houses by assuring a fair return on the investment by landlords and to provide for the matters connected with the purposes aforesaid.","assent was first published in the Maharashtra Government Gazette, Part-IV, on the 10th March 2000.] An Act to unify, consolidate and amend the law relating to the control of rent and repairs of certain premises and of eviction and for encouraging the construction of new houses by assuring a fair return on the investment by landlords and to provide for the matters connected with the purposes aforesaid.",Section 18,eng_maharashtra_rent_control_ac.pdf
Summarize the following tenancy law clause.,"assent was first published in the Maharashtra Government Gazette, Part-IV, on the 10th March 2000.] An Act to unify, consolidate and amend the law relating to the control of rent and repairs of certain premises and of eviction and for encouraging the construction of new houses by assuring a fair return on the investment by landlords and to provide for the matters connected with the purposes aforesaid.","assent was first published in the Maharashtra Government Gazette, Part-IV, on the 10th March 2000.] An Act to unify, consolidate and amend the law relating to the control of rent and repairs of certain premises and of eviction and for encouraging the construction of new houses by assuring a fair return on the investment by landlords and to provide for the matters connected with the purposes aforesaid.",Section 18,eng_maharashtra_rent_control_ac.pdf
Identify the legal topic of the following clause.,"assent was first published in the Maharashtra Government Gazette, Part-IV, on the 10th March 2000.] An Act to unify, consolidate and amend the law relating to the control of rent and repairs of certain premises and of eviction and for encouraging the construction of new houses by assuring a fair return on the investment by landlords and to provide for the matters connected with the purposes aforesaid.",tenancy law,Section 18,eng_maharashtra_rent_control_ac.pdf
Interpret this legal clause related to tenancy law.,"WHEREAS it is expedient to unify, consolidate and amend the laws prevailing in the different parts of the State relating to the control of rents and repairs of certain premises and of eviction and for encouraging the construction of new houses by assuring a fair return and to provide for the matters connected with the purposes aforesaid;","WHEREAS it is expedient to unify, consolidate and amend the laws prevailing in the different parts of the State relating to the control of rents and repairs of certain premises and of eviction and for encouraging the construction of new houses by assuring a fair return and to provide for the matters connected with the purposes aforesaid;",Section 18,eng_maharashtra_rent_control_ac.pdf
Summarize the following tenancy law clause.,"WHEREAS it is expedient to unify, consolidate and amend the laws prevailing in the different parts of the State relating to the control of rents and repairs of certain premises and of eviction and for encouraging the construction of new houses by assuring a fair return and to provide for the matters connected with the purposes aforesaid;","WHEREAS it is expedient to unify, consolidate and amend the laws prevailing in the different parts of the State relating to the control of rents and repairs of certain premises and of eviction and for encouraging the construction of new houses by assuring a fair return and to provide for the matters connected with the purposes aforesaid;",Section 18,eng_maharashtra_rent_control_ac.pdf
Identify the legal topic of the following clause.,"WHEREAS it is expedient to unify, consolidate and amend the laws prevailing in the different parts of the State relating to the control of rents and repairs of certain premises and of eviction and for encouraging the construction of new houses by assuring a fair return and to provide for the matters connected with the purposes aforesaid;",tenancy law,Section 18,eng_maharashtra_rent_control_ac.pdf
Explain the following tenancy law clause in simple terms.,"Short title, extent and commencement.— (1) This Act may be called the Maharashtra Rent Control Act, 1999.","Short title, extent and commencement.— (1) This Act may be called the Maharashtra Rent Control Act, 1999.",Section 18,eng_maharashtra_rent_control_ac.pdf
Provide a short summary of this legal provision.,"Short title, extent and commencement.— (1) This Act may be called the Maharashtra Rent Control Act, 1999.","Short title, extent and commencement.— (1) This Act may be called the Maharashtra Rent Control Act, 1999.",Section 18,eng_maharashtra_rent_control_ac.pdf
Identify the legal topic of the following clause.,"Short title, extent and commencement.— (1) This Act may be called the Maharashtra Rent Control Act, 1999.",tenancy law,Section 18,eng_maharashtra_rent_control_ac.pdf
Explain the following tenancy law clause in simple terms.,"Application.— (1) This Act shall, in the first instance, apply to premises let for the purposes of residence, education, business, trade or storage in the areas specified in Schedule I and Schedule II.","Application.— (1) This Act shall, in the first instance, apply to premises let for the purposes of residence, education, business, trade or storage in the areas specified in Schedule I and Schedule II.",Section 18,eng_maharashtra_rent_control_ac.pdf
Provide a short summary of this legal provision.,"Application.— (1) This Act shall, in the first instance, apply to premises let for the purposes of residence, education, business, trade or storage in the areas specified in Schedule I and Schedule II.","Application.— (1) This Act shall, in the first instance, apply to premises let for the purposes of residence, education, business, trade or storage in the areas specified in Schedule I and Schedule II.",Section 18,eng_maharashtra_rent_control_ac.pdf
Identify the legal topic of the following clause.,"Application.— (1) This Act shall, in the first instance, apply to premises let for the purposes of residence, education, business, trade or storage in the areas specified in Schedule I and Schedule II.",tenancy law,Section 18,eng_maharashtra_rent_control_ac.pdf
Explain the following tenancy law clause in simple terms.,"LVII of 1947) or the Central Provinces and Berar Letting of Houses and Rent Control Order, 1949 issued under the Central Provinces and Berar Regulation of Letting of Accommodation Act, 1946 (C.","LVII of 1947) or the Central Provinces and Berar Letting of Houses and Rent Control Order, 1949 issued under the Central Provinces and Berar Regulation of Letting of Accommodation Act, 1946 (C.",Section 18,eng_maharashtra_rent_control_ac.pdf
Provide a short summary of this legal provision.,"LVII of 1947) or the Central Provinces and Berar Letting of Houses and Rent Control Order, 1949 issued under the Central Provinces and Berar Regulation of Letting of Accommodation Act, 1946 (C.","LVII of 1947) or the Central Provinces and Berar Letting of Houses and Rent Control Order, 1949 issued under the Central Provinces and Berar Regulation of Letting of Accommodation Act, 1946 (C.",Section 18,eng_maharashtra_rent_control_ac.pdf
Identify the legal topic of the following clause.,"LVII of 1947) or the Central Provinces and Berar Letting of Houses and Rent Control Order, 1949 issued under the Central Provinces and Berar Regulation of Letting of Accommodation Act, 1946 (C.",tenancy law,Section 18,eng_maharashtra_rent_control_ac.pdf
Interpret this legal clause related to tenancy law.,"and Berar Act XI of 1946) and Hyderabad Houses (Rent, Eviction and Lease) Control Act, 1954 (Hyd.","and Berar Act XI of 1946) and Hyderabad Houses (Rent, Eviction and Lease) Control Act, 1954 (Hyd.",Section 18,eng_maharashtra_rent_control_ac.pdf
Summarize the following tenancy law clause.,"and Berar Act XI of 1946) and Hyderabad Houses (Rent, Eviction and Lease) Control Act, 1954 (Hyd.","and Berar Act XI of 1946) and Hyderabad Houses (Rent, Eviction and Lease) Control Act, 1954 (Hyd.",Section 18,eng_maharashtra_rent_control_ac.pdf
Identify the legal topic of the following clause.,"and Berar Act XI of 1946) and Hyderabad Houses (Rent, Eviction and Lease) Control Act, 1954 (Hyd.",tenancy law,Section 18,eng_maharashtra_rent_control_ac.pdf
Interpret this legal clause related to tenancy law.,"XX of 1954) were extended and applied before the date of commencement of this Act and such premises or houses continue to be so let on that date in such areas which are specified in Schedule I to this Act, notwithstanding that the area ceases to be of the description therein specified.","XX of 1954) were extended and applied before the date of commencement of this Act and such premises or houses continue to be so let on that date in such areas which are specified in Schedule I to this Act, notwithstanding that the area ceases to be of the description therein specified.",Section 18,eng_maharashtra_rent_control_ac.pdf
Summarize the following tenancy law clause.,"XX of 1954) were extended and applied before the date of commencement of this Act and such premises or houses continue to be so let on that date in such areas which are specified in Schedule I to this Act, notwithstanding that the area ceases to be of the description therein specified.","XX of 1954) were extended and applied before the date of commencement of this Act and such premises or houses continue to be so let on that date in such areas which are specified in Schedule I to this Act, notwithstanding that the area ceases to be of the description therein specified.",Section 18,eng_maharashtra_rent_control_ac.pdf
Identify the legal topic of the following clause.,"XX of 1954) were extended and applied before the date of commencement of this Act and such premises or houses continue to be so let on that date in such areas which are specified in Schedule I to this Act, notwithstanding that the area ceases to be of the description therein specified.",tenancy law,Section 18,eng_maharashtra_rent_control_ac.pdf
Explain the following tenancy law clause in simple terms.,"Exemption.— (1) This Act shall not apply,— (a) to any premises belonging to the Government or a local authority or apply as against the Government to any tenancy, licence or other like relationship created by a grant from or a licence given by the Government in respect of premises requisitioned or taken on lease or on licence by the Government, including any premises taken on behalf of the Government on the basis of 1 For Statement of Objects and Reasons of the L.","Exemption.— (1) This Act shall not apply,— (a) to any premises belonging to the Government or a local authority or apply as against the Government to any tenancy, licence or other like relationship created by a grant from or a licence given by the Government in respect of premises requisitioned or taken on lease or on licence by the Government, including any premises taken on behalf of the Government on the basis of 1 For Statement of Objects and Reasons of the L.",Section 18,eng_maharashtra_rent_control_ac.pdf
Provide a short summary of this legal provision.,"Exemption.— (1) This Act shall not apply,— (a) to any premises belonging to the Government or a local authority or apply as against the Government to any tenancy, licence or other like relationship created by a grant from or a licence given by the Government in respect of premises requisitioned or taken on lease or on licence by the Government, including any premises taken on behalf of the Government on the basis of 1 For Statement of Objects and Reasons of the L.","Exemption.— (1) This Act shall not apply,— (a) to any premises belonging to the Government or a local authority or apply as against the Government to any tenancy, licence or other like relationship created by a grant from or a licence given by the Government in respect of premises requisitioned or taken on lease or on licence by the Government, including any premises taken on behalf of the Government on the basis of 1 For Statement of Objects and Reasons of the L.",Section 18,eng_maharashtra_rent_control_ac.pdf
Identify the legal topic of the following clause.,"Exemption.— (1) This Act shall not apply,— (a) to any premises belonging to the Government or a local authority or apply as against the Government to any tenancy, licence or other like relationship created by a grant from or a licence given by the Government in respect of premises requisitioned or taken on lease or on licence by the Government, including any premises taken on behalf of the Government on the basis of 1 For Statement of Objects and Reasons of the L.",tenancy law,Section 18,eng_maharashtra_rent_control_ac.pdf
Explain the following tenancy law clause in simple terms.,"XVIII tenancy or of licence or other or other like relationship by, or in the name of any officer subordinate to the Government authorised in this behalf;","XVIII tenancy or of licence or other or other like relationship by, or in the name of any officer subordinate to the Government authorised in this behalf;",Section 18,eng_maharashtra_rent_control_ac.pdf
Provide a short summary of this legal provision.,"XVIII tenancy or of licence or other or other like relationship by, or in the name of any officer subordinate to the Government authorised in this behalf;","XVIII tenancy or of licence or other or other like relationship by, or in the name of any officer subordinate to the Government authorised in this behalf;",Section 18,eng_maharashtra_rent_control_ac.pdf
Identify the legal topic of the following clause.,"XVIII tenancy or of licence or other or other like relationship by, or in the name of any officer subordinate to the Government authorised in this behalf;",tenancy law,Section 18,eng_maharashtra_rent_control_ac.pdf
Explain the following tenancy law clause in simple terms.,"but it shall apply in respect of premises let, or given on licence, to the Government or a local authority or taken on behalf of the Government on such basis by, or in the name of such officer;","but it shall apply in respect of premises let, or given on licence, to the Government or a local authority or taken on behalf of the Government on such basis by, or in the name of such officer;",Section 18,eng_maharashtra_rent_control_ac.pdf
Provide a short summary of this legal provision.,"but it shall apply in respect of premises let, or given on licence, to the Government or a local authority or taken on behalf of the Government on such basis by, or in the name of such officer;","but it shall apply in respect of premises let, or given on licence, to the Government or a local authority or taken on behalf of the Government on such basis by, or in the name of such officer;",Section 18,eng_maharashtra_rent_control_ac.pdf
Identify the legal topic of the following clause.,"but it shall apply in respect of premises let, or given on licence, to the Government or a local authority or taken on behalf of the Government on such basis by, or in the name of such officer;",tenancy law,Section 18,eng_maharashtra_rent_control_ac.pdf
Simplify the following tenancy law provision.,"or (iv) to premises belonging to or vested in an university established by any law for the time being force: Provided that, before issuing any direction under this sub-section, the State Government shall ensure that the tenancy rights of the existing tenants are not adversely affected.","or (iv) to premises belonging to or vested in an university established by any law for the time being force: Provided that, before issuing any direction under this sub-section, the State Government shall ensure that the tenancy rights of the existing tenants are not adversely affected.",Section 18,eng_maharashtra_rent_control_ac.pdf
Summarize the following tenancy law clause.,"or (iv) to premises belonging to or vested in an university established by any law for the time being force: Provided that, before issuing any direction under this sub-section, the State Government shall ensure that the tenancy rights of the existing tenants are not adversely affected.","or (iv) to premises belonging to or vested in an university established by any law for the time being force: Provided that, before issuing any direction under this sub-section, the State Government shall ensure that the tenancy rights of the existing tenants are not adversely affected.",Section 18,eng_maharashtra_rent_control_ac.pdf
Identify the legal topic of the following clause.,"or (iv) to premises belonging to or vested in an university established by any law for the time being force: Provided that, before issuing any direction under this sub-section, the State Government shall ensure that the tenancy rights of the existing tenants are not adversely affected.",tenancy law,Section 18,eng_maharashtra_rent_control_ac.pdf
Simplify the following tenancy law provision.,"Power of State Government to issue orders in respect of premises belonging to local authority, etc.— Notwithstanding anything contained in this Act, the State Government may from time to time, by general or special order, direct that the exemption granted to a local authority under sub-section (1) of section 3 shall be subject to such conditions and terms as it may specify either generally or specially in any particular case, as the State Government may in its discretion determine.","Power of State Government to issue orders in respect of premises belonging to local authority, etc.— Notwithstanding anything contained in this Act, the State Government may from time to time, by general or special order, direct that the exemption granted to a local authority under sub-section (1) of section 3 shall be subject to such conditions and terms as it may specify either generally or specially in any particular case, as the State Government may in its discretion determine.",Section 18,eng_maharashtra_rent_control_ac.pdf
Provide a short summary of this legal provision.,"Power of State Government to issue orders in respect of premises belonging to local authority, etc.— Notwithstanding anything contained in this Act, the State Government may from time to time, by general or special order, direct that the exemption granted to a local authority under sub-section (1) of section 3 shall be subject to such conditions and terms as it may specify either generally or specially in any particular case, as the State Government may in its discretion determine.","Power of State Government to issue orders in respect of premises belonging to local authority, etc.— Notwithstanding anything contained in this Act, the State Government may from time to time, by general or special order, direct that the exemption granted to a local authority under sub-section (1) of section 3 shall be subject to such conditions and terms as it may specify either generally or specially in any particular case, as the State Government may in its discretion determine.",Section 18,eng_maharashtra_rent_control_ac.pdf
Identify the legal topic of the following clause.,"Power of State Government to issue orders in respect of premises belonging to local authority, etc.— Notwithstanding anything contained in this Act, the State Government may from time to time, by general or special order, direct that the exemption granted to a local authority under sub-section (1) of section 3 shall be subject to such conditions and terms as it may specify either generally or specially in any particular case, as the State Government may in its discretion determine.",tenancy law,Section 18,eng_maharashtra_rent_control_ac.pdf
Explain the following tenancy law clause in simple terms.,"Provisions with regard to standard rent not to apply to certain premises.— Notwithstanding anything contained in this Act, from the commencement of this Act, the provisions relating to standard rent and permitted increases shall not apply to any premises let to or given on licence in a building, whether newly constructed or otherwise where such premises were not let or given on licence for a continuous period of one year: Provided that, nothing in this section shall apply to,— (a) the premises referred to in sections 20 and 21;","Provisions with regard to standard rent not to apply to certain premises.— Notwithstanding anything contained in this Act, from the commencement of this Act, the provisions relating to standard rent and permitted increases shall not apply to any premises let to or given on licence in a building, whether newly constructed or otherwise where such premises were not let or given on licence for a continuous period of one year: Provided that, nothing in this section shall apply to,— (a) the premises referred to in sections 20 and 21;",Section 18,eng_maharashtra_rent_control_ac.pdf
Provide a short summary of this legal provision.,"Provisions with regard to standard rent not to apply to certain premises.— Notwithstanding anything contained in this Act, from the commencement of this Act, the provisions relating to standard rent and permitted increases shall not apply to any premises let to or given on licence in a building, whether newly constructed or otherwise where such premises were not let or given on licence for a continuous period of one year: Provided that, nothing in this section shall apply to,— (a) the premises referred to in sections 20 and 21;","Provisions with regard to standard rent not to apply to certain premises.— Notwithstanding anything contained in this Act, from the commencement of this Act, the provisions relating to standard rent and permitted increases shall not apply to any premises let to or given on licence in a building, whether newly constructed or otherwise where such premises were not let or given on licence for a continuous period of one year: Provided that, nothing in this section shall apply to,— (a) the premises referred to in sections 20 and 21;",Section 18,eng_maharashtra_rent_control_ac.pdf
Identify the legal topic of the following clause.,"Provisions with regard to standard rent not to apply to certain premises.— Notwithstanding anything contained in this Act, from the commencement of this Act, the provisions relating to standard rent and permitted increases shall not apply to any premises let to or given on licence in a building, whether newly constructed or otherwise where such premises were not let or given on licence for a continuous period of one year: Provided that, nothing in this section shall apply to,— (a) the premises referred to in sections 20 and 21;",tenancy law,Section 18,eng_maharashtra_rent_control_ac.pdf
Interpret this legal clause related to tenancy law.,"XXIV of 1961) or any foreign consulate, by whatever name called, and on the 7th December 1996, being the date of coming into force of the Bombay Rents, Hotel and Lodging House Rates Control, Bombay Rents, Hotel and Lodging House Rates Control, Bombay Land Requisition and Bombay Government Premises (Eviction) (Amendment) Act, 1996 (Mah.","XXIV of 1961) or any foreign consulate, by whatever name called, and on the 7th December 1996, being the date of coming into force of the Bombay Rents, Hotel and Lodging House Rates Control, Bombay Rents, Hotel and Lodging House Rates Control, Bombay Land Requisition and Bombay Government Premises (Eviction) (Amendment) Act, 1996 (Mah.",Section 18,eng_maharashtra_rent_control_ac.pdf
Summarize the following tenancy law clause.,"XXIV of 1961) or any foreign consulate, by whatever name called, and on the 7th December 1996, being the date of coming into force of the Bombay Rents, Hotel and Lodging House Rates Control, Bombay Rents, Hotel and Lodging House Rates Control, Bombay Land Requisition and Bombay Government Premises (Eviction) (Amendment) Act, 1996 (Mah.","XXIV of 1961) or any foreign consulate, by whatever name called, and on the 7th December 1996, being the date of coming into force of the Bombay Rents, Hotel and Lodging House Rates Control, Bombay Rents, Hotel and Lodging House Rates Control, Bombay Land Requisition and Bombay Government Premises (Eviction) (Amendment) Act, 1996 (Mah.",Section 18,eng_maharashtra_rent_control_ac.pdf
Identify the legal topic of the following clause.,"XXIV of 1961) or any foreign consulate, by whatever name called, and on the 7th December 1996, being the date of coming into force of the Bombay Rents, Hotel and Lodging House Rates Control, Bombay Rents, Hotel and Lodging House Rates Control, Bombay Land Requisition and Bombay Government Premises (Eviction) (Amendment) Act, 1996 (Mah.",tenancy law,Section 18,eng_maharashtra_rent_control_ac.pdf
Explain the following tenancy law clause in simple terms.,"and (b) in relation to any premises requisitioned or continued under requisition which were allotted by the State Government for residential purpose to any person and on the 7th December 1996, being the date of coming into force of the Bombay Rents, Hotel and Lodging House Rates Control, Bombay Land Requisition and Bombay Government Premises (Eviction) (Amendment) Act, 1996 (Mah.","and (b) in relation to any premises requisitioned or continued under requisition which were allotted by the State Government for residential purpose to any person and on the 7th December 1996, being the date of coming into force of the Bombay Rents, Hotel and Lodging House Rates Control, Bombay Land Requisition and Bombay Government Premises (Eviction) (Amendment) Act, 1996 (Mah.",Section 18,eng_maharashtra_rent_control_ac.pdf
Summarize the following tenancy law clause.,"and (b) in relation to any premises requisitioned or continued under requisition which were allotted by the State Government for residential purpose to any person and on the 7th December 1996, being the date of coming into force of the Bombay Rents, Hotel and Lodging House Rates Control, Bombay Land Requisition and Bombay Government Premises (Eviction) (Amendment) Act, 1996 (Mah.","and (b) in relation to any premises requisitioned or continued under requisition which were allotted by the State Government for residential purpose to any person and on the 7th December 1996, being the date of coming into force of the Bombay Rents, Hotel and Lodging House Rates Control, Bombay Land Requisition and Bombay Government Premises (Eviction) (Amendment) Act, 1996 (Mah.",Section 18,eng_maharashtra_rent_control_ac.pdf
Identify the legal topic of the following clause.,"and (b) in relation to any premises requisitioned or continued under requisition which were allotted by the State Government for residential purpose to any person and on the 7th December 1996, being the date of coming into force of the Bombay Rents, Hotel and Lodging House Rates Control, Bombay Land Requisition and Bombay Government Premises (Eviction) (Amendment) Act, 1996 (Mah.",tenancy law,Section 18,eng_maharashtra_rent_control_ac.pdf
Explain the following tenancy law clause in simple terms.,"such person or his legal heir was in occupation or possession of such premises for his or such legal heir’s own residence, means such person or legal heir;","such person or his legal heir was in occupation or possession of such premises for his or such legal heir’s own residence, means such person or legal heir;",Section 18,eng_maharashtra_rent_control_ac.pdf
Summarize the following tenancy law clause.,"such person or his legal heir was in occupation or possession of such premises for his or such legal heir’s own residence, means such person or legal heir;","such person or his legal heir was in occupation or possession of such premises for his or such legal heir’s own residence, means such person or legal heir;",Section 18,eng_maharashtra_rent_control_ac.pdf
Identify the legal topic of the following clause.,"such person or his legal heir was in occupation or possession of such premises for his or such legal heir’s own residence, means such person or legal heir;",tenancy law,Section 18,eng_maharashtra_rent_control_ac.pdf
Explain the following tenancy law clause in simple terms.,"and includes any person not being a tenant who from time to time derives title under a landlord, and further includes in respect of his sub-tenant, a tenant who has sub-let any premise;","and includes any person not being a tenant who from time to time derives title under a landlord, and further includes in respect of his sub-tenant, a tenant who has sub-let any premise;",Section 18,eng_maharashtra_rent_control_ac.pdf
Provide a short summary of this legal provision.,"and includes any person not being a tenant who from time to time derives title under a landlord, and further includes in respect of his sub-tenant, a tenant who has sub-let any premise;","and includes any person not being a tenant who from time to time derives title under a landlord, and further includes in respect of his sub-tenant, a tenant who has sub-let any premise;",Section 18,eng_maharashtra_rent_control_ac.pdf
Identify the legal topic of the following clause.,"and includes any person not being a tenant who from time to time derives title under a landlord, and further includes in respect of his sub-tenant, a tenant who has sub-let any premise;",tenancy law,Section 18,eng_maharashtra_rent_control_ac.pdf
Interpret this legal clause related to tenancy law.,"and also includes, in respect of a licensee deemed to be a tenant under the provisions of the Bombay Rents, Hotel and Lodging House Rates Control Act, 1947 (Bom.","and also includes, in respect of a licensee deemed to be a tenant under the provisions of the Bombay Rents, Hotel and Lodging House Rates Control Act, 1947 (Bom.",Section 18,eng_maharashtra_rent_control_ac.pdf
Provide a short summary of this legal provision.,"and also includes, in respect of a licensee deemed to be a tenant under the provisions of the Bombay Rents, Hotel and Lodging House Rates Control Act, 1947 (Bom.","and also includes, in respect of a licensee deemed to be a tenant under the provisions of the Bombay Rents, Hotel and Lodging House Rates Control Act, 1947 (Bom.",Section 18,eng_maharashtra_rent_control_ac.pdf
Identify the legal topic of the following clause.,"and also includes, in respect of a licensee deemed to be a tenant under the provisions of the Bombay Rents, Hotel and Lodging House Rates Control Act, 1947 (Bom.",tenancy law,Section 18,eng_maharashtra_rent_control_ac.pdf
Simplify the following tenancy law provision.,"LVII of 1947), the licensor who has given premises on licence and in respect of the State Government, or as the case may be, the Government allottee referred to in sub-clause (b) of clause (2) deemed to be a tenant by section 27 the person who was entitled to receive the rent if the premises were let to a tenant immediately before the 7th December 1996, that is before the coming into force of the Bombay Rents, Hotel and Lodging House Rates Control, Bombay Land Requisition and the Bombay Government Premises (Eviction) (Amendment) Act, 1996 (Mah.","LVII of 1947), the licensor who has given premises on licence and in respect of the State Government, or as the case may be, the Government allottee referred to in sub-clause (b) of clause (2) deemed to be a tenant by section 27 the person who was entitled to receive the rent if the premises were let to a tenant immediately before the 7th December 1996, that is before the coming into force of the Bombay Rents, Hotel and Lodging House Rates Control, Bombay Land Requisition and the Bombay Government Premises (Eviction) (Amendment) Act, 1996 (Mah.",Section 18,eng_maharashtra_rent_control_ac.pdf
Provide a short summary of this legal provision.,"LVII of 1947), the licensor who has given premises on licence and in respect of the State Government, or as the case may be, the Government allottee referred to in sub-clause (b) of clause (2) deemed to be a tenant by section 27 the person who was entitled to receive the rent if the premises were let to a tenant immediately before the 7th December 1996, that is before the coming into force of the Bombay Rents, Hotel and Lodging House Rates Control, Bombay Land Requisition and the Bombay Government Premises (Eviction) (Amendment) Act, 1996 (Mah.","LVII of 1947), the licensor who has given premises on licence and in respect of the State Government, or as the case may be, the Government allottee referred to in sub-clause (b) of clause (2) deemed to be a tenant by section 27 the person who was entitled to receive the rent if the premises were let to a tenant immediately before the 7th December 1996, that is before the coming into force of the Bombay Rents, Hotel and Lodging House Rates Control, Bombay Land Requisition and the Bombay Government Premises (Eviction) (Amendment) Act, 1996 (Mah.",Section 18,eng_maharashtra_rent_control_ac.pdf
Identify the legal topic of the following clause.,"LVII of 1947), the licensor who has given premises on licence and in respect of the State Government, or as the case may be, the Government allottee referred to in sub-clause (b) of clause (2) deemed to be a tenant by section 27 the person who was entitled to receive the rent if the premises were let to a tenant immediately before the 7th December 1996, that is before the coming into force of the Bombay Rents, Hotel and Lodging House Rates Control, Bombay Land Requisition and the Bombay Government Premises (Eviction) (Amendment) Act, 1996 (Mah.",tenancy law,Section 18,eng_maharashtra_rent_control_ac.pdf
Interpret this legal clause related to tenancy law.,"XVIII (5) “Licensee” in respect of any premises or any part thereof, means the person who is in occupation of the premises or such part, as the case may be, under a subsisting agreement for a licence given for a licence fee or charge;","XVIII (5) “Licensee” in respect of any premises or any part thereof, means the person who is in occupation of the premises or such part, as the case may be, under a subsisting agreement for a licence given for a licence fee or charge;",Section 18,eng_maharashtra_rent_control_ac.pdf
Summarize the following tenancy law clause.,"XVIII (5) “Licensee” in respect of any premises or any part thereof, means the person who is in occupation of the premises or such part, as the case may be, under a subsisting agreement for a licence given for a licence fee or charge;","XVIII (5) “Licensee” in respect of any premises or any part thereof, means the person who is in occupation of the premises or such part, as the case may be, under a subsisting agreement for a licence given for a licence fee or charge;",Section 18,eng_maharashtra_rent_control_ac.pdf
Identify the legal topic of the following clause.,"XVIII (5) “Licensee” in respect of any premises or any part thereof, means the person who is in occupation of the premises or such part, as the case may be, under a subsisting agreement for a licence given for a licence fee or charge;",tenancy law,Section 18,eng_maharashtra_rent_control_ac.pdf
Explain the following tenancy law clause in simple terms.,"and includes any person in such occupation of any premises or part thereof in a building vesting in or leased to a Co-operative Housing society registered or deemed to be registered under the Maharashtra Co-operative Societies Act, 1960 (Mah.","and includes any person in such occupation of any premises or part thereof in a building vesting in or leased to a Co-operative Housing society registered or deemed to be registered under the Maharashtra Co-operative Societies Act, 1960 (Mah.",Section 18,eng_maharashtra_rent_control_ac.pdf
Summarize the following tenancy law clause.,"and includes any person in such occupation of any premises or part thereof in a building vesting in or leased to a Co-operative Housing society registered or deemed to be registered under the Maharashtra Co-operative Societies Act, 1960 (Mah.","and includes any person in such occupation of any premises or part thereof in a building vesting in or leased to a Co-operative Housing society registered or deemed to be registered under the Maharashtra Co-operative Societies Act, 1960 (Mah.",Section 18,eng_maharashtra_rent_control_ac.pdf
Identify the legal topic of the following clause.,"and includes any person in such occupation of any premises or part thereof in a building vesting in or leased to a Co-operative Housing society registered or deemed to be registered under the Maharashtra Co-operative Societies Act, 1960 (Mah.",tenancy law,Section 18,eng_maharashtra_rent_control_ac.pdf
Interpret this legal clause related to tenancy law.,"and the expressions “licence”, “licensor” and “premises given on license” shall be construed accordingly;","and the expressions “licence”, “licensor” and “premises given on license” shall be construed accordingly;",Section 18,eng_maharashtra_rent_control_ac.pdf
Provide a short summary of this legal provision.,"and the expressions “licence”, “licensor” and “premises given on license” shall be construed accordingly;","and the expressions “licence”, “licensor” and “premises given on license” shall be construed accordingly;",Section 18,eng_maharashtra_rent_control_ac.pdf
Identify the legal topic of the following clause.,"and the expressions “licence”, “licensor” and “premises given on license” shall be construed accordingly;",tenancy law,Section 18,eng_maharashtra_rent_control_ac.pdf
Explain the following tenancy law clause in simple terms.,"XVIII] The Maharashtra Rent Control Act, 1999 9 (i) the gardens, grounds, garages and out-houses, if any, appurtenant to such building or part of a building, (ii) any fitting affixed to such building or part of a building for the more beneficial enjoyment thereof, but does not include a room or other accommodation in a hotel or lodging house;","XVIII] The Maharashtra Rent Control Act, 1999 9 (i) the gardens, grounds, garages and out-houses, if any, appurtenant to such building or part of a building, (ii) any fitting affixed to such building or part of a building for the more beneficial enjoyment thereof, but does not include a room or other accommodation in a hotel or lodging house;",Section 18,eng_maharashtra_rent_control_ac.pdf
Provide a short summary of this legal provision.,"XVIII] The Maharashtra Rent Control Act, 1999 9 (i) the gardens, grounds, garages and out-houses, if any, appurtenant to such building or part of a building, (ii) any fitting affixed to such building or part of a building for the more beneficial enjoyment thereof, but does not include a room or other accommodation in a hotel or lodging house;","XVIII] The Maharashtra Rent Control Act, 1999 9 (i) the gardens, grounds, garages and out-houses, if any, appurtenant to such building or part of a building, (ii) any fitting affixed to such building or part of a building for the more beneficial enjoyment thereof, but does not include a room or other accommodation in a hotel or lodging house;",Section 18,eng_maharashtra_rent_control_ac.pdf
Identify the legal topic of the following clause.,"XVIII] The Maharashtra Rent Control Act, 1999 9 (i) the gardens, grounds, garages and out-houses, if any, appurtenant to such building or part of a building, (ii) any fitting affixed to such building or part of a building for the more beneficial enjoyment thereof, but does not include a room or other accommodation in a hotel or lodging house;",tenancy law,Section 18,eng_maharashtra_rent_control_ac.pdf
Interpret this legal clause related to tenancy law.,"LVII of 1947), or the Central Provinces and Berar Letting of Houses and Rent Control Order, 1949 issued under the Central Provinces and Berar Regulation of Letting of Accommodation Act, 1946 (C.","LVII of 1947), or the Central Provinces and Berar Letting of Houses and Rent Control Order, 1949 issued under the Central Provinces and Berar Regulation of Letting of Accommodation Act, 1946 (C.",Section 18,eng_maharashtra_rent_control_ac.pdf
Summarize the following tenancy law clause.,"LVII of 1947), or the Central Provinces and Berar Letting of Houses and Rent Control Order, 1949 issued under the Central Provinces and Berar Regulation of Letting of Accommodation Act, 1946 (C.","LVII of 1947), or the Central Provinces and Berar Letting of Houses and Rent Control Order, 1949 issued under the Central Provinces and Berar Regulation of Letting of Accommodation Act, 1946 (C.",Section 18,eng_maharashtra_rent_control_ac.pdf
Identify the legal topic of the following clause.,"LVII of 1947), or the Central Provinces and Berar Letting of Houses and Rent Control Order, 1949 issued under the Central Provinces and Berar Regulation of Letting of Accommodation Act, 1946 (C.",tenancy law,Section 18,eng_maharashtra_rent_control_ac.pdf
Interpret this legal clause related to tenancy law.,"XI of 1946), or the Hyderabad Houses (Rent, Eviction and Lease) Control Act, 1954 (Hyd.","XI of 1946), or the Hyderabad Houses (Rent, Eviction and Lease) Control Act, 1954 (Hyd.",Section 18,eng_maharashtra_rent_control_ac.pdf
Summarize the following tenancy law clause.,"XI of 1946), or the Hyderabad Houses (Rent, Eviction and Lease) Control Act, 1954 (Hyd.","XI of 1946), or the Hyderabad Houses (Rent, Eviction and Lease) Control Act, 1954 (Hyd.",Section 18,eng_maharashtra_rent_control_ac.pdf
Identify the legal topic of the following clause.,"XI of 1946), or the Hyderabad Houses (Rent, Eviction and Lease) Control Act, 1954 (Hyd.",tenancy law,Section 18,eng_maharashtra_rent_control_ac.pdf
Explain the following tenancy law clause in simple terms.,"XX of 1954), such rent plus an increase of 5 per cent., in the rent so fixed;","XX of 1954), such rent plus an increase of 5 per cent., in the rent so fixed;",Section 18,eng_maharashtra_rent_control_ac.pdf
Summarize the following tenancy law clause.,"XX of 1954), such rent plus an increase of 5 per cent., in the rent so fixed;","XX of 1954), such rent plus an increase of 5 per cent., in the rent so fixed;",Section 18,eng_maharashtra_rent_control_ac.pdf
Identify the legal topic of the following clause.,"XX of 1954), such rent plus an increase of 5 per cent., in the rent so fixed;",tenancy law,Section 18,eng_maharashtra_rent_control_ac.pdf
Interpret this legal clause related to tenancy law.,"or (b) where the standard rent or fair rent is not so fixed, then subject to the provisions of sections 6 and 8,— (i) the rent at which the premises were let on the 1st day of October 1987;","or (b) where the standard rent or fair rent is not so fixed, then subject to the provisions of sections 6 and 8,— (i) the rent at which the premises were let on the 1st day of October 1987;",Section 18,eng_maharashtra_rent_control_ac.pdf
Provide a short summary of this legal provision.,"or (b) where the standard rent or fair rent is not so fixed, then subject to the provisions of sections 6 and 8,— (i) the rent at which the premises were let on the 1st day of October 1987;","or (b) where the standard rent or fair rent is not so fixed, then subject to the provisions of sections 6 and 8,— (i) the rent at which the premises were let on the 1st day of October 1987;",Section 18,eng_maharashtra_rent_control_ac.pdf
Identify the legal topic of the following clause.,"or (b) where the standard rent or fair rent is not so fixed, then subject to the provisions of sections 6 and 8,— (i) the rent at which the premises were let on the 1st day of October 1987;",tenancy law,Section 18,eng_maharashtra_rent_control_ac.pdf
Interpret this legal clause related to tenancy law.,"or (ii) where the premises were not let on the 1st day of October 1987 or the rent at which they were last let before that day, plus increase of 5 per cent.","or (ii) where the premises were not let on the 1st day of October 1987 or the rent at which they were last let before that day, plus increase of 5 per cent.",Section 18,eng_maharashtra_rent_control_ac.pdf
Provide a short summary of this legal provision.,"or (ii) where the premises were not let on the 1st day of October 1987 or the rent at which they were last let before that day, plus increase of 5 per cent.","or (ii) where the premises were not let on the 1st day of October 1987 or the rent at which they were last let before that day, plus increase of 5 per cent.",Section 18,eng_maharashtra_rent_control_ac.pdf
Identify the legal topic of the following clause.,"or (ii) where the premises were not let on the 1st day of October 1987 or the rent at which they were last let before that day, plus increase of 5 per cent.",tenancy law,Section 18,eng_maharashtra_rent_control_ac.pdf
Simplify the following tenancy law provision.,"in the rent of the premises let before the 1st day of October 1987, or (c) in any of the cases specified in section 8, the rent fixed by the Court;","in the rent of the premises let before the 1st day of October 1987, or (c) in any of the cases specified in section 8, the rent fixed by the Court;",Section 18,eng_maharashtra_rent_control_ac.pdf
Summarize the following tenancy law clause.,"in the rent of the premises let before the 1st day of October 1987, or (c) in any of the cases specified in section 8, the rent fixed by the Court;","in the rent of the premises let before the 1st day of October 1987, or (c) in any of the cases specified in section 8, the rent fixed by the Court;",Section 18,eng_maharashtra_rent_control_ac.pdf
Identify the legal topic of the following clause.,"in the rent of the premises let before the 1st day of October 1987, or (c) in any of the cases specified in section 8, the rent fixed by the Court;",tenancy law,Section 18,eng_maharashtra_rent_control_ac.pdf
Explain the following tenancy law clause in simple terms.,"XVIII (i) where they are let for residence, is residing, or (ii) where they are let for education, business, trade or storage, is using the premises for any such purpose, with the tenant at the time of his death, or in the absence of such member, any heir of the deceased tenant, as may be decided, in the absence of agreement by, the court.","XVIII (i) where they are let for residence, is residing, or (ii) where they are let for education, business, trade or storage, is using the premises for any such purpose, with the tenant at the time of his death, or in the absence of such member, any heir of the deceased tenant, as may be decided, in the absence of agreement by, the court.",Section 18,eng_maharashtra_rent_control_ac.pdf
Provide a short summary of this legal provision.,"XVIII (i) where they are let for residence, is residing, or (ii) where they are let for education, business, trade or storage, is using the premises for any such purpose, with the tenant at the time of his death, or in the absence of such member, any heir of the deceased tenant, as may be decided, in the absence of agreement by, the court.","XVIII (i) where they are let for residence, is residing, or (ii) where they are let for education, business, trade or storage, is using the premises for any such purpose, with the tenant at the time of his death, or in the absence of such member, any heir of the deceased tenant, as may be decided, in the absence of agreement by, the court.",Section 18,eng_maharashtra_rent_control_ac.pdf
Identify the legal topic of the following clause.,"XVIII (i) where they are let for residence, is residing, or (ii) where they are let for education, business, trade or storage, is using the premises for any such purpose, with the tenant at the time of his death, or in the absence of such member, any heir of the deceased tenant, as may be decided, in the absence of agreement by, the court.",tenancy law,Section 18,eng_maharashtra_rent_control_ac.pdf
Explain the following tenancy law clause in simple terms.,"Explanation.— The provisions of this clause for transmission of tenancy shall not be restricted to the death of the original tenant, but shall apply even on the death of any subsequent tenant, who becomes tenant under these provisions on the death of the last preceding tenant.","Explanation.— The provisions of this clause for transmission of tenancy shall not be restricted to the death of the original tenant, but shall apply even on the death of any subsequent tenant, who becomes tenant under these provisions on the death of the last preceding tenant.",Section 18,eng_maharashtra_rent_control_ac.pdf
Provide a short summary of this legal provision.,"Explanation.— The provisions of this clause for transmission of tenancy shall not be restricted to the death of the original tenant, but shall apply even on the death of any subsequent tenant, who becomes tenant under these provisions on the death of the last preceding tenant.","Explanation.— The provisions of this clause for transmission of tenancy shall not be restricted to the death of the original tenant, but shall apply even on the death of any subsequent tenant, who becomes tenant under these provisions on the death of the last preceding tenant.",Section 18,eng_maharashtra_rent_control_ac.pdf
Identify the legal topic of the following clause.,"Explanation.— The provisions of this clause for transmission of tenancy shall not be restricted to the death of the original tenant, but shall apply even on the death of any subsequent tenant, who becomes tenant under these provisions on the death of the last preceding tenant.",tenancy law,Section 18,eng_maharashtra_rent_control_ac.pdf
Simplify the following tenancy law provision.,"Court may fix standard rent and permitted increases in certain cases.— (1) Subject to the provisions of section 9 in any of the following cases, the court may, upon an application made to it for the purpose, or in any suit or proceedings, fix the standard rent at such amount as, having regard to the provisions of this Act and the circumstances of the case, the court, deems just,— (a) where the court is satisfied that there is no sufficient evidence to ascertain the rent at which the premises were let in any one of the cases mentioned in paragraphs (i) and (ii) of sub-clause (b) of clause (14) of section 7;","Court may fix standard rent and permitted increases in certain cases.— (1) Subject to the provisions of section 9 in any of the following cases, the court may, upon an application made to it for the purpose, or in any suit or proceedings, fix the standard rent at such amount as, having regard to the provisions of this Act and the circumstances of the case, the court, deems just,— (a) where the court is satisfied that there is no sufficient evidence to ascertain the rent at which the premises were let in any one of the cases mentioned in paragraphs (i) and (ii) of sub-clause (b) of clause (14) of section 7;",Section 18,eng_maharashtra_rent_control_ac.pdf
Summarize the following tenancy law clause.,"Court may fix standard rent and permitted increases in certain cases.— (1) Subject to the provisions of section 9 in any of the following cases, the court may, upon an application made to it for the purpose, or in any suit or proceedings, fix the standard rent at such amount as, having regard to the provisions of this Act and the circumstances of the case, the court, deems just,— (a) where the court is satisfied that there is no sufficient evidence to ascertain the rent at which the premises were let in any one of the cases mentioned in paragraphs (i) and (ii) of sub-clause (b) of clause (14) of section 7;","Court may fix standard rent and permitted increases in certain cases.— (1) Subject to the provisions of section 9 in any of the following cases, the court may, upon an application made to it for the purpose, or in any suit or proceedings, fix the standard rent at such amount as, having regard to the provisions of this Act and the circumstances of the case, the court, deems just,— (a) where the court is satisfied that there is no sufficient evidence to ascertain the rent at which the premises were let in any one of the cases mentioned in paragraphs (i) and (ii) of sub-clause (b) of clause (14) of section 7;",Section 18,eng_maharashtra_rent_control_ac.pdf
Identify the legal topic of the following clause.,"Court may fix standard rent and permitted increases in certain cases.— (1) Subject to the provisions of section 9 in any of the following cases, the court may, upon an application made to it for the purpose, or in any suit or proceedings, fix the standard rent at such amount as, having regard to the provisions of this Act and the circumstances of the case, the court, deems just,— (a) where the court is satisfied that there is no sufficient evidence to ascertain the rent at which the premises were let in any one of the cases mentioned in paragraphs (i) and (ii) of sub-clause (b) of clause (14) of section 7;",tenancy law,Section 18,eng_maharashtra_rent_control_ac.pdf
Interpret this legal clause related to tenancy law.,"or (b) where by reasons of the premises having been let at one time as a whole or in parts and at another time, in parts or as a whole, or for any other reasons;","or (b) where by reasons of the premises having been let at one time as a whole or in parts and at another time, in parts or as a whole, or for any other reasons;",Section 18,eng_maharashtra_rent_control_ac.pdf
Summarize the following tenancy law clause.,"or (b) where by reasons of the premises having been let at one time as a whole or in parts and at another time, in parts or as a whole, or for any other reasons;","or (b) where by reasons of the premises having been let at one time as a whole or in parts and at another time, in parts or as a whole, or for any other reasons;",Section 18,eng_maharashtra_rent_control_ac.pdf
Identify the legal topic of the following clause.,"or (b) where by reasons of the premises having been let at one time as a whole or in parts and at another time, in parts or as a whole, or for any other reasons;",tenancy law,Section 18,eng_maharashtra_rent_control_ac.pdf
Interpret this legal clause related to tenancy law.,"or (c) where any premises have been or are let rent-free or, at a nominal rent;","or (c) where any premises have been or are let rent-free or, at a nominal rent;",Section 18,eng_maharashtra_rent_control_ac.pdf
Provide a short summary of this legal provision.,"or (c) where any premises have been or are let rent-free or, at a nominal rent;","or (c) where any premises have been or are let rent-free or, at a nominal rent;",Section 18,eng_maharashtra_rent_control_ac.pdf
Identify the legal topic of the following clause.,"or (c) where any premises have been or are let rent-free or, at a nominal rent;",tenancy law,Section 18,eng_maharashtra_rent_control_ac.pdf
Interpret this legal clause related to tenancy law.,or (d) where there is any dispute between the landlord and the tenant regarding the amount of standard rent.,or (d) where there is any dispute between the landlord and the tenant regarding the amount of standard rent.,Section 18,eng_maharashtra_rent_control_ac.pdf
Provide a short summary of this legal provision.,or (d) where there is any dispute between the landlord and the tenant regarding the amount of standard rent.,or (d) where there is any dispute between the landlord and the tenant regarding the amount of standard rent.,Section 18,eng_maharashtra_rent_control_ac.pdf
Identify the legal topic of the following clause.,or (d) where there is any dispute between the landlord and the tenant regarding the amount of standard rent.,tenancy law,Section 18,eng_maharashtra_rent_control_ac.pdf
Explain the following tenancy law clause in simple terms.,"XVIII] The Maharashtra Rent Control Act, 1999 11 with leave of the court, which leave may be granted subject to such terms and conditions as the court may specify.","XVIII] The Maharashtra Rent Control Act, 1999 11 with leave of the court, which leave may be granted subject to such terms and conditions as the court may specify.",Section 18,eng_maharashtra_rent_control_ac.pdf
Summarize the following tenancy law clause.,"XVIII] The Maharashtra Rent Control Act, 1999 11 with leave of the court, which leave may be granted subject to such terms and conditions as the court may specify.","XVIII] The Maharashtra Rent Control Act, 1999 11 with leave of the court, which leave may be granted subject to such terms and conditions as the court may specify.",Section 18,eng_maharashtra_rent_control_ac.pdf
Identify the legal topic of the following clause.,"XVIII] The Maharashtra Rent Control Act, 1999 11 with leave of the court, which leave may be granted subject to such terms and conditions as the court may specify.",tenancy law,Section 18,eng_maharashtra_rent_control_ac.pdf
Explain the following tenancy law clause in simple terms.,"No application for standard rent in certain circumstances.— No court shall, upon an application or in any suit or proceedings, fix the standard rent of any premises under section 8, or entertain any plea that the rent or increases are excessive, if the standard rent or the permitted increase in respect of the same premises have been duly fixed by a competent court on the merits of the case, without any fraud or collusion or an error of the fact, and there has been no structural alternations or change in the amenities or in respect of any other factors which are relevant to the fixation of the standard rent, or change in such increases, thereafter in the premises.","No application for standard rent in certain circumstances.— No court shall, upon an application or in any suit or proceedings, fix the standard rent of any premises under section 8, or entertain any plea that the rent or increases are excessive, if the standard rent or the permitted increase in respect of the same premises have been duly fixed by a competent court on the merits of the case, without any fraud or collusion or an error of the fact, and there has been no structural alternations or change in the amenities or in respect of any other factors which are relevant to the fixation of the standard rent, or change in such increases, thereafter in the premises.",Section 18,eng_maharashtra_rent_control_ac.pdf
Provide a short summary of this legal provision.,"No application for standard rent in certain circumstances.— No court shall, upon an application or in any suit or proceedings, fix the standard rent of any premises under section 8, or entertain any plea that the rent or increases are excessive, if the standard rent or the permitted increase in respect of the same premises have been duly fixed by a competent court on the merits of the case, without any fraud or collusion or an error of the fact, and there has been no structural alternations or change in the amenities or in respect of any other factors which are relevant to the fixation of the standard rent, or change in such increases, thereafter in the premises.","No application for standard rent in certain circumstances.— No court shall, upon an application or in any suit or proceedings, fix the standard rent of any premises under section 8, or entertain any plea that the rent or increases are excessive, if the standard rent or the permitted increase in respect of the same premises have been duly fixed by a competent court on the merits of the case, without any fraud or collusion or an error of the fact, and there has been no structural alternations or change in the amenities or in respect of any other factors which are relevant to the fixation of the standard rent, or change in such increases, thereafter in the premises.",Section 18,eng_maharashtra_rent_control_ac.pdf
Identify the legal topic of the following clause.,"No application for standard rent in certain circumstances.— No court shall, upon an application or in any suit or proceedings, fix the standard rent of any premises under section 8, or entertain any plea that the rent or increases are excessive, if the standard rent or the permitted increase in respect of the same premises have been duly fixed by a competent court on the merits of the case, without any fraud or collusion or an error of the fact, and there has been no structural alternations or change in the amenities or in respect of any other factors which are relevant to the fixation of the standard rent, or change in such increases, thereafter in the premises.",tenancy law,Section 18,eng_maharashtra_rent_control_ac.pdf
Simplify the following tenancy law provision.,"Rent in excess of standard rent illegal.— (1) Save as otherwise provided in section 6, it shall not be lawful to claim or receive on account of rent, for any premises any increases above the standard rent and the permitted increases, unless the landlord was, before the coming into operation of this Act, entitled to recover such increase by virtue of, or under, the provisions of any of the repealed Acts or is entitled to recover such increase under the provisions of this Act.","Rent in excess of standard rent illegal.— (1) Save as otherwise provided in section 6, it shall not be lawful to claim or receive on account of rent, for any premises any increases above the standard rent and the permitted increases, unless the landlord was, before the coming into operation of this Act, entitled to recover such increase by virtue of, or under, the provisions of any of the repealed Acts or is entitled to recover such increase under the provisions of this Act.",Section 18,eng_maharashtra_rent_control_ac.pdf
Provide a short summary of this legal provision.,"Rent in excess of standard rent illegal.— (1) Save as otherwise provided in section 6, it shall not be lawful to claim or receive on account of rent, for any premises any increases above the standard rent and the permitted increases, unless the landlord was, before the coming into operation of this Act, entitled to recover such increase by virtue of, or under, the provisions of any of the repealed Acts or is entitled to recover such increase under the provisions of this Act.","Rent in excess of standard rent illegal.— (1) Save as otherwise provided in section 6, it shall not be lawful to claim or receive on account of rent, for any premises any increases above the standard rent and the permitted increases, unless the landlord was, before the coming into operation of this Act, entitled to recover such increase by virtue of, or under, the provisions of any of the repealed Acts or is entitled to recover such increase under the provisions of this Act.",Section 18,eng_maharashtra_rent_control_ac.pdf
Identify the legal topic of the following clause.,"Rent in excess of standard rent illegal.— (1) Save as otherwise provided in section 6, it shall not be lawful to claim or receive on account of rent, for any premises any increases above the standard rent and the permitted increases, unless the landlord was, before the coming into operation of this Act, entitled to recover such increase by virtue of, or under, the provisions of any of the repealed Acts or is entitled to recover such increase under the provisions of this Act.",tenancy law,Section 18,eng_maharashtra_rent_control_ac.pdf
Explain the following tenancy law clause in simple terms.,and special or heavy repairs.— (1) After the commencement of this Act a landlord shall be entitled to make an increase of 4 per cent.,and special or heavy repairs.— (1) After the commencement of this Act a landlord shall be entitled to make an increase of 4 per cent.,Section 18,eng_maharashtra_rent_control_ac.pdf
Provide a short summary of this legal provision.,and special or heavy repairs.— (1) After the commencement of this Act a landlord shall be entitled to make an increase of 4 per cent.,and special or heavy repairs.— (1) After the commencement of this Act a landlord shall be entitled to make an increase of 4 per cent.,Section 18,eng_maharashtra_rent_control_ac.pdf
Identify the legal topic of the following clause.,and special or heavy repairs.— (1) After the commencement of this Act a landlord shall be entitled to make an increase of 4 per cent.,tenancy law,Section 18,eng_maharashtra_rent_control_ac.pdf
Simplify the following tenancy law provision.,per annum in the rent of the premises let for any of the purpose referred to in sub-section (1) of section 2.,per annum in the rent of the premises let for any of the purpose referred to in sub-section (1) of section 2.,Section 18,eng_maharashtra_rent_control_ac.pdf
Summarize the following tenancy law clause.,per annum in the rent of the premises let for any of the purpose referred to in sub-section (1) of section 2.,per annum in the rent of the premises let for any of the purpose referred to in sub-section (1) of section 2.,Section 18,eng_maharashtra_rent_control_ac.pdf
Identify the legal topic of the following clause.,per annum in the rent of the premises let for any of the purpose referred to in sub-section (1) of section 2.,tenancy law,Section 18,eng_maharashtra_rent_control_ac.pdf
Simplify the following tenancy law provision.,"Explanation.— For the purposes of this sub-section, the period of one year on completion of which rent shall be so increased shall be computed from the date of commencement of this Act.","Explanation.— For the purposes of this sub-section, the period of one year on completion of which rent shall be so increased shall be computed from the date of commencement of this Act.",Section 18,eng_maharashtra_rent_control_ac.pdf
Summarize the following tenancy law clause.,"Explanation.— For the purposes of this sub-section, the period of one year on completion of which rent shall be so increased shall be computed from the date of commencement of this Act.","Explanation.— For the purposes of this sub-section, the period of one year on completion of which rent shall be so increased shall be computed from the date of commencement of this Act.",Section 18,eng_maharashtra_rent_control_ac.pdf
Identify the legal topic of the following clause.,"Explanation.— For the purposes of this sub-section, the period of one year on completion of which rent shall be so increased shall be computed from the date of commencement of this Act.",tenancy law,Section 18,eng_maharashtra_rent_control_ac.pdf
Simplify the following tenancy law provision.,"Explanation.— In this sub-section, improvements and alterations do not include the repairs which the landlord is bound to make under sub-section (1) of section 14.","Explanation.— In this sub-section, improvements and alterations do not include the repairs which the landlord is bound to make under sub-section (1) of section 14.",Section 18,eng_maharashtra_rent_control_ac.pdf
Provide a short summary of this legal provision.,"Explanation.— In this sub-section, improvements and alterations do not include the repairs which the landlord is bound to make under sub-section (1) of section 14.","Explanation.— In this sub-section, improvements and alterations do not include the repairs which the landlord is bound to make under sub-section (1) of section 14.",Section 18,eng_maharashtra_rent_control_ac.pdf
Identify the legal topic of the following clause.,"Explanation.— In this sub-section, improvements and alterations do not include the repairs which the landlord is bound to make under sub-section (1) of section 14.",tenancy law,Section 18,eng_maharashtra_rent_control_ac.pdf
Interpret this legal clause related to tenancy law.,per annum of the expenses incurred on account of special additions to premises or special alterations made therein or additional amenities provided for the premises or on account of improvements or structural alterations made under sub-section (2) after the commencement of this Act.,per annum of the expenses incurred on account of special additions to premises or special alterations made therein or additional amenities provided for the premises or on account of improvements or structural alterations made under sub-section (2) after the commencement of this Act.,Section 18,eng_maharashtra_rent_control_ac.pdf
Summarize the following tenancy law clause.,per annum of the expenses incurred on account of special additions to premises or special alterations made therein or additional amenities provided for the premises or on account of improvements or structural alterations made under sub-section (2) after the commencement of this Act.,per annum of the expenses incurred on account of special additions to premises or special alterations made therein or additional amenities provided for the premises or on account of improvements or structural alterations made under sub-section (2) after the commencement of this Act.,Section 18,eng_maharashtra_rent_control_ac.pdf
Identify the legal topic of the following clause.,per annum of the expenses incurred on account of special additions to premises or special alterations made therein or additional amenities provided for the premises or on account of improvements or structural alterations made under sub-section (2) after the commencement of this Act.,tenancy law,Section 18,eng_maharashtra_rent_control_ac.pdf
Simplify the following tenancy law provision.,"XVIII being granted, the tenants shall be entitled to execute the said work and the expenses incurred for such work shall, for all purposes, be binding on the landlord.","XVIII being granted, the tenants shall be entitled to execute the said work and the expenses incurred for such work shall, for all purposes, be binding on the landlord.",Section 18,eng_maharashtra_rent_control_ac.pdf
Summarize the following tenancy law clause.,"XVIII being granted, the tenants shall be entitled to execute the said work and the expenses incurred for such work shall, for all purposes, be binding on the landlord.","XVIII being granted, the tenants shall be entitled to execute the said work and the expenses incurred for such work shall, for all purposes, be binding on the landlord.",Section 18,eng_maharashtra_rent_control_ac.pdf
Identify the legal topic of the following clause.,"XVIII being granted, the tenants shall be entitled to execute the said work and the expenses incurred for such work shall, for all purposes, be binding on the landlord.",tenancy law,Section 18,eng_maharashtra_rent_control_ac.pdf
Explain the following tenancy law clause in simple terms.,"The tenants shall also be entitled to deduct amount of expenses incurred for such work from the rent which from time to time becomes due by them to the landlord or otherwise recover such amount from him: Provided that, where such work is jointly executed by the tenants the amount to be deducted or recovered by each tenant shall bear the same proportion as the rent payable by him in respect of his premises bears to the total amount of the expenses incurred for such work: Provided further that, the total amount so deducted or recoverable shall not exceed the amount of expenses incurred for such work.","The tenants shall also be entitled to deduct amount of expenses incurred for such work from the rent which from time to time becomes due by them to the landlord or otherwise recover such amount from him: Provided that, where such work is jointly executed by the tenants the amount to be deducted or recovered by each tenant shall bear the same proportion as the rent payable by him in respect of his premises bears to the total amount of the expenses incurred for such work: Provided further that, the total amount so deducted or recoverable shall not exceed the amount of expenses incurred for such work.",Section 18,eng_maharashtra_rent_control_ac.pdf
Provide a short summary of this legal provision.,"The tenants shall also be entitled to deduct amount of expenses incurred for such work from the rent which from time to time becomes due by them to the landlord or otherwise recover such amount from him: Provided that, where such work is jointly executed by the tenants the amount to be deducted or recovered by each tenant shall bear the same proportion as the rent payable by him in respect of his premises bears to the total amount of the expenses incurred for such work: Provided further that, the total amount so deducted or recoverable shall not exceed the amount of expenses incurred for such work.","The tenants shall also be entitled to deduct amount of expenses incurred for such work from the rent which from time to time becomes due by them to the landlord or otherwise recover such amount from him: Provided that, where such work is jointly executed by the tenants the amount to be deducted or recovered by each tenant shall bear the same proportion as the rent payable by him in respect of his premises bears to the total amount of the expenses incurred for such work: Provided further that, the total amount so deducted or recoverable shall not exceed the amount of expenses incurred for such work.",Section 18,eng_maharashtra_rent_control_ac.pdf
Identify the legal topic of the following clause.,"The tenants shall also be entitled to deduct amount of expenses incurred for such work from the rent which from time to time becomes due by them to the landlord or otherwise recover such amount from him: Provided that, where such work is jointly executed by the tenants the amount to be deducted or recovered by each tenant shall bear the same proportion as the rent payable by him in respect of his premises bears to the total amount of the expenses incurred for such work: Provided further that, the total amount so deducted or recoverable shall not exceed the amount of expenses incurred for such work.",tenancy law,Section 18,eng_maharashtra_rent_control_ac.pdf
Interpret this legal clause related to tenancy law.,and such increase of rent shall be payable from the month following the month in which such total amount is so deducted or recovered.,and such increase of rent shall be payable from the month following the month in which such total amount is so deducted or recovered.,Section 18,eng_maharashtra_rent_control_ac.pdf
Provide a short summary of this legal provision.,and such increase of rent shall be payable from the month following the month in which such total amount is so deducted or recovered.,and such increase of rent shall be payable from the month following the month in which such total amount is so deducted or recovered.,Section 18,eng_maharashtra_rent_control_ac.pdf
Identify the legal topic of the following clause.,and such increase of rent shall be payable from the month following the month in which such total amount is so deducted or recovered.,tenancy law,Section 18,eng_maharashtra_rent_control_ac.pdf
Interpret this legal clause related to tenancy law.,and the increase of rent shall be payable from the date of completion of the repairs till amount of the expenditure for such repairs is recovered from the tenant.,and the increase of rent shall be payable from the date of completion of the repairs till amount of the expenditure for such repairs is recovered from the tenant.,Section 18,eng_maharashtra_rent_control_ac.pdf
Provide a short summary of this legal provision.,and the increase of rent shall be payable from the date of completion of the repairs till amount of the expenditure for such repairs is recovered from the tenant.,and the increase of rent shall be payable from the date of completion of the repairs till amount of the expenditure for such repairs is recovered from the tenant.,Section 18,eng_maharashtra_rent_control_ac.pdf
Identify the legal topic of the following clause.,and the increase of rent shall be payable from the date of completion of the repairs till amount of the expenditure for such repairs is recovered from the tenant.,tenancy law,Section 18,eng_maharashtra_rent_control_ac.pdf
Simplify the following tenancy law provision.,"asserting that it is necessary to undertake such repairs and specifying the nature and extent of repairs required and the estimated cost therefor, and after such repairs are carried out, the landlord shall also obtain, in the prescribed manner and in the prescribed form, a certificate from such prescribed authority or such architect confirming that the repairs were carried out in accordance with the declaration, or as the case may be the certificate aforesaid and fixing the date of completion of the repairs and the actual expenses therefor.","asserting that it is necessary to undertake such repairs and specifying the nature and extent of repairs required and the estimated cost therefor, and after such repairs are carried out, the landlord shall also obtain, in the prescribed manner and in the prescribed form, a certificate from such prescribed authority or such architect confirming that the repairs were carried out in accordance with the declaration, or as the case may be the certificate aforesaid and fixing the date of completion of the repairs and the actual expenses therefor.",Section 18,eng_maharashtra_rent_control_ac.pdf
Summarize the following tenancy law clause.,"asserting that it is necessary to undertake such repairs and specifying the nature and extent of repairs required and the estimated cost therefor, and after such repairs are carried out, the landlord shall also obtain, in the prescribed manner and in the prescribed form, a certificate from such prescribed authority or such architect confirming that the repairs were carried out in accordance with the declaration, or as the case may be the certificate aforesaid and fixing the date of completion of the repairs and the actual expenses therefor.","asserting that it is necessary to undertake such repairs and specifying the nature and extent of repairs required and the estimated cost therefor, and after such repairs are carried out, the landlord shall also obtain, in the prescribed manner and in the prescribed form, a certificate from such prescribed authority or such architect confirming that the repairs were carried out in accordance with the declaration, or as the case may be the certificate aforesaid and fixing the date of completion of the repairs and the actual expenses therefor.",Section 18,eng_maharashtra_rent_control_ac.pdf
Identify the legal topic of the following clause.,"asserting that it is necessary to undertake such repairs and specifying the nature and extent of repairs required and the estimated cost therefor, and after such repairs are carried out, the landlord shall also obtain, in the prescribed manner and in the prescribed form, a certificate from such prescribed authority or such architect confirming that the repairs were carried out in accordance with the declaration, or as the case may be the certificate aforesaid and fixing the date of completion of the repairs and the actual expenses therefor.",tenancy law,Section 18,eng_maharashtra_rent_control_ac.pdf
Interpret this legal clause related to tenancy law.,"Increase in rent on account of payment of rate, etc.— (1) Where a landlord is required to pay to Government or to any local authority or statutory authority in respect of any premises any fresh rate, cess, charges, tax, land assessment, ground rent of land or any other levy on lands and buildings, he shall, notwithstanding anything contained in any other provisions of this Act but save as otherwise","Increase in rent on account of payment of rate, etc.— (1) Where a landlord is required to pay to Government or to any local authority or statutory authority in respect of any premises any fresh rate, cess, charges, tax, land assessment, ground rent of land or any other levy on lands and buildings, he shall, notwithstanding anything contained in any other provisions of this Act but save as otherwise",Section 18,eng_maharashtra_rent_control_ac.pdf
Summarize the following tenancy law clause.,"Increase in rent on account of payment of rate, etc.— (1) Where a landlord is required to pay to Government or to any local authority or statutory authority in respect of any premises any fresh rate, cess, charges, tax, land assessment, ground rent of land or any other levy on lands and buildings, he shall, notwithstanding anything contained in any other provisions of this Act but save as otherwise","Increase in rent on account of payment of rate, etc.— (1) Where a landlord is required to pay to Government or to any local authority or statutory authority in respect of any premises any fresh rate, cess, charges, tax, land assessment, ground rent of land or any other levy on lands and buildings, he shall, notwithstanding anything contained in any other provisions of this Act but save as otherwise",Section 18,eng_maharashtra_rent_control_ac.pdf
Identify the legal topic of the following clause.,"Increase in rent on account of payment of rate, etc.— (1) Where a landlord is required to pay to Government or to any local authority or statutory authority in respect of any premises any fresh rate, cess, charges, tax, land assessment, ground rent of land or any other levy on lands and buildings, he shall, notwithstanding anything contained in any other provisions of this Act but save as otherwise",tenancy law,Section 18,eng_maharashtra_rent_control_ac.pdf
Simplify the following tenancy law provision.,"XVIII] The Maharashtra Rent Control Act, 1999 13 expressly provided in any other law for the time being in force, be entitled to make an increase in the rent of such premises: Provided that, the increase in rent shall not exceed the amount of any such rate cess, charges, tax, land assessment, ground rent of land or any other levy on lands and buildings, as the case may be.","XVIII] The Maharashtra Rent Control Act, 1999 13 expressly provided in any other law for the time being in force, be entitled to make an increase in the rent of such premises: Provided that, the increase in rent shall not exceed the amount of any such rate cess, charges, tax, land assessment, ground rent of land or any other levy on lands and buildings, as the case may be.",Section 18,eng_maharashtra_rent_control_ac.pdf
Summarize the following tenancy law clause.,"XVIII] The Maharashtra Rent Control Act, 1999 13 expressly provided in any other law for the time being in force, be entitled to make an increase in the rent of such premises: Provided that, the increase in rent shall not exceed the amount of any such rate cess, charges, tax, land assessment, ground rent of land or any other levy on lands and buildings, as the case may be.","XVIII] The Maharashtra Rent Control Act, 1999 13 expressly provided in any other law for the time being in force, be entitled to make an increase in the rent of such premises: Provided that, the increase in rent shall not exceed the amount of any such rate cess, charges, tax, land assessment, ground rent of land or any other levy on lands and buildings, as the case may be.",Section 18,eng_maharashtra_rent_control_ac.pdf
Identify the legal topic of the following clause.,"XVIII] The Maharashtra Rent Control Act, 1999 13 expressly provided in any other law for the time being in force, be entitled to make an increase in the rent of such premises: Provided that, the increase in rent shall not exceed the amount of any such rate cess, charges, tax, land assessment, ground rent of land or any other levy on lands and buildings, as the case may be.",tenancy law,Section 18,eng_maharashtra_rent_control_ac.pdf
Simplify the following tenancy law provision.,Certain increase in rent expected.— Any increase of rent under any of the foregoing provisions of sections 11 and 12 shall not be deemed to be increase for the purpose of section 10.,Certain increase in rent expected.— Any increase of rent under any of the foregoing provisions of sections 11 and 12 shall not be deemed to be increase for the purpose of section 10.,Section 18,eng_maharashtra_rent_control_ac.pdf
Provide a short summary of this legal provision.,Certain increase in rent expected.— Any increase of rent under any of the foregoing provisions of sections 11 and 12 shall not be deemed to be increase for the purpose of section 10.,Certain increase in rent expected.— Any increase of rent under any of the foregoing provisions of sections 11 and 12 shall not be deemed to be increase for the purpose of section 10.,Section 18,eng_maharashtra_rent_control_ac.pdf
Identify the legal topic of the following clause.,Certain increase in rent expected.— Any increase of rent under any of the foregoing provisions of sections 11 and 12 shall not be deemed to be increase for the purpose of section 10.,tenancy law,Section 18,eng_maharashtra_rent_control_ac.pdf
Explain the following tenancy law clause in simple terms.,"Landlords’ duty to keep premises in good repair.— (1) Notwithstanding anything contained in any law for the time being in force and in the absence of an agreement to the contrary by the tenant, every landlord shall be bound to keep the premises in good and tenantable repair.","Landlords’ duty to keep premises in good repair.— (1) Notwithstanding anything contained in any law for the time being in force and in the absence of an agreement to the contrary by the tenant, every landlord shall be bound to keep the premises in good and tenantable repair.",Section 18,eng_maharashtra_rent_control_ac.pdf
Summarize the following tenancy law clause.,"Landlords’ duty to keep premises in good repair.— (1) Notwithstanding anything contained in any law for the time being in force and in the absence of an agreement to the contrary by the tenant, every landlord shall be bound to keep the premises in good and tenantable repair.","Landlords’ duty to keep premises in good repair.— (1) Notwithstanding anything contained in any law for the time being in force and in the absence of an agreement to the contrary by the tenant, every landlord shall be bound to keep the premises in good and tenantable repair.",Section 18,eng_maharashtra_rent_control_ac.pdf
Identify the legal topic of the following clause.,"Landlords’ duty to keep premises in good repair.— (1) Notwithstanding anything contained in any law for the time being in force and in the absence of an agreement to the contrary by the tenant, every landlord shall be bound to keep the premises in good and tenantable repair.",tenancy law,Section 18,eng_maharashtra_rent_control_ac.pdf
Interpret this legal clause related to tenancy law.,"Provided that, where the repairs are jointly made by the tenants, the amount to be deducted or recovered with interest by each tenant shall bear the same proportion as the rent payable by him in respect of his premises bears to the total amount of the expenses incurred for such repairs together with simple interest at fifteen per cent.","Provided that, where the repairs are jointly made by the tenants, the amount to be deducted or recovered with interest by each tenant shall bear the same proportion as the rent payable by him in respect of his premises bears to the total amount of the expenses incurred for such repairs together with simple interest at fifteen per cent.",Section 18,eng_maharashtra_rent_control_ac.pdf
Summarize the following tenancy law clause.,"Provided that, where the repairs are jointly made by the tenants, the amount to be deducted or recovered with interest by each tenant shall bear the same proportion as the rent payable by him in respect of his premises bears to the total amount of the expenses incurred for such repairs together with simple interest at fifteen per cent.","Provided that, where the repairs are jointly made by the tenants, the amount to be deducted or recovered with interest by each tenant shall bear the same proportion as the rent payable by him in respect of his premises bears to the total amount of the expenses incurred for such repairs together with simple interest at fifteen per cent.",Section 18,eng_maharashtra_rent_control_ac.pdf
Identify the legal topic of the following clause.,"Provided that, where the repairs are jointly made by the tenants, the amount to be deducted or recovered with interest by each tenant shall bear the same proportion as the rent payable by him in respect of his premises bears to the total amount of the expenses incurred for such repairs together with simple interest at fifteen per cent.",tenancy law,Section 18,eng_maharashtra_rent_control_ac.pdf
Interpret this legal clause related to tenancy law.,"per annum on such amount: Provided further that, the amount so deducted or recoverable in any year shall not exceed one- fourth of the rent payable by the tenant of that year.","per annum on such amount: Provided further that, the amount so deducted or recoverable in any year shall not exceed one- fourth of the rent payable by the tenant of that year.",Section 18,eng_maharashtra_rent_control_ac.pdf
Summarize the following tenancy law clause.,"per annum on such amount: Provided further that, the amount so deducted or recoverable in any year shall not exceed one- fourth of the rent payable by the tenant of that year.","per annum on such amount: Provided further that, the amount so deducted or recoverable in any year shall not exceed one- fourth of the rent payable by the tenant of that year.",Section 18,eng_maharashtra_rent_control_ac.pdf
Identify the legal topic of the following clause.,"per annum on such amount: Provided further that, the amount so deducted or recoverable in any year shall not exceed one- fourth of the rent payable by the tenant of that year.",tenancy law,Section 18,eng_maharashtra_rent_control_ac.pdf
Explain the following tenancy law clause in simple terms.,"No ejectment ordinarily to be made if tenant pays or its ready and willing to pay standard rent and permitted increases.— (1) A landlord shall not be entitled to the recovery of possession of any premises so long as the tenant pays, or is ready and willing to pay, the amount of the standard rent and permitted increases, if any, and observes and performs the other conditions of the tenancy, in so far as they are consistent with the provisions of this Act.","No ejectment ordinarily to be made if tenant pays or its ready and willing to pay standard rent and permitted increases.— (1) A landlord shall not be entitled to the recovery of possession of any premises so long as the tenant pays, or is ready and willing to pay, the amount of the standard rent and permitted increases, if any, and observes and performs the other conditions of the tenancy, in so far as they are consistent with the provisions of this Act.",Section 18,eng_maharashtra_rent_control_ac.pdf
Provide a short summary of this legal provision.,"No ejectment ordinarily to be made if tenant pays or its ready and willing to pay standard rent and permitted increases.— (1) A landlord shall not be entitled to the recovery of possession of any premises so long as the tenant pays, or is ready and willing to pay, the amount of the standard rent and permitted increases, if any, and observes and performs the other conditions of the tenancy, in so far as they are consistent with the provisions of this Act.","No ejectment ordinarily to be made if tenant pays or its ready and willing to pay standard rent and permitted increases.— (1) A landlord shall not be entitled to the recovery of possession of any premises so long as the tenant pays, or is ready and willing to pay, the amount of the standard rent and permitted increases, if any, and observes and performs the other conditions of the tenancy, in so far as they are consistent with the provisions of this Act.",Section 18,eng_maharashtra_rent_control_ac.pdf
Identify the legal topic of the following clause.,"No ejectment ordinarily to be made if tenant pays or its ready and willing to pay standard rent and permitted increases.— (1) A landlord shall not be entitled to the recovery of possession of any premises so long as the tenant pays, or is ready and willing to pay, the amount of the standard rent and permitted increases, if any, and observes and performs the other conditions of the tenancy, in so far as they are consistent with the provisions of this Act.",tenancy law,Section 18,eng_maharashtra_rent_control_ac.pdf
Interpret this legal clause related to tenancy law.,and thereafter continues to pay or tenders in court regularly such standard rent and permitted increases till the suit is finally decided and also pays cost of the suit as directed by the court.,and thereafter continues to pay or tenders in court regularly such standard rent and permitted increases till the suit is finally decided and also pays cost of the suit as directed by the court.,Section 18,eng_maharashtra_rent_control_ac.pdf
Provide a short summary of this legal provision.,and thereafter continues to pay or tenders in court regularly such standard rent and permitted increases till the suit is finally decided and also pays cost of the suit as directed by the court.,and thereafter continues to pay or tenders in court regularly such standard rent and permitted increases till the suit is finally decided and also pays cost of the suit as directed by the court.,Section 18,eng_maharashtra_rent_control_ac.pdf
Identify the legal topic of the following clause.,and thereafter continues to pay or tenders in court regularly such standard rent and permitted increases till the suit is finally decided and also pays cost of the suit as directed by the court.,tenancy law,Section 18,eng_maharashtra_rent_control_ac.pdf
Interpret this legal clause related to tenancy law.,"XVIII (4) Pending the disposal of any suit, the court may, out of any amount paid or tendered by the tenant, pay to the landlord such amount towards the payment of rent or permitted increases due to him as the court thinks fit.","XVIII (4) Pending the disposal of any suit, the court may, out of any amount paid or tendered by the tenant, pay to the landlord such amount towards the payment of rent or permitted increases due to him as the court thinks fit.",Section 18,eng_maharashtra_rent_control_ac.pdf
Provide a short summary of this legal provision.,"XVIII (4) Pending the disposal of any suit, the court may, out of any amount paid or tendered by the tenant, pay to the landlord such amount towards the payment of rent or permitted increases due to him as the court thinks fit.","XVIII (4) Pending the disposal of any suit, the court may, out of any amount paid or tendered by the tenant, pay to the landlord such amount towards the payment of rent or permitted increases due to him as the court thinks fit.",Section 18,eng_maharashtra_rent_control_ac.pdf
Identify the legal topic of the following clause.,"XVIII (4) Pending the disposal of any suit, the court may, out of any amount paid or tendered by the tenant, pay to the landlord such amount towards the payment of rent or permitted increases due to him as the court thinks fit.",tenancy law,Section 18,eng_maharashtra_rent_control_ac.pdf
Simplify the following tenancy law provision.,"When landlord may recover possession.— (1) Notwithstanding anything contained in this Act but subject to the provisions of section 25, a landlord shall be entitled to recover possession of any premises if the court is satisfied— (a) that the tenant has committed any act contrary to the provisions of clause (o) of section 108 of the Transfer of Property Act, 1882 (IV of 1882);","When landlord may recover possession.— (1) Notwithstanding anything contained in this Act but subject to the provisions of section 25, a landlord shall be entitled to recover possession of any premises if the court is satisfied— (a) that the tenant has committed any act contrary to the provisions of clause (o) of section 108 of the Transfer of Property Act, 1882 (IV of 1882);",Section 18,eng_maharashtra_rent_control_ac.pdf
Provide a short summary of this legal provision.,"When landlord may recover possession.— (1) Notwithstanding anything contained in this Act but subject to the provisions of section 25, a landlord shall be entitled to recover possession of any premises if the court is satisfied— (a) that the tenant has committed any act contrary to the provisions of clause (o) of section 108 of the Transfer of Property Act, 1882 (IV of 1882);","When landlord may recover possession.— (1) Notwithstanding anything contained in this Act but subject to the provisions of section 25, a landlord shall be entitled to recover possession of any premises if the court is satisfied— (a) that the tenant has committed any act contrary to the provisions of clause (o) of section 108 of the Transfer of Property Act, 1882 (IV of 1882);",Section 18,eng_maharashtra_rent_control_ac.pdf
Identify the legal topic of the following clause.,"When landlord may recover possession.— (1) Notwithstanding anything contained in this Act but subject to the provisions of section 25, a landlord shall be entitled to recover possession of any premises if the court is satisfied— (a) that the tenant has committed any act contrary to the provisions of clause (o) of section 108 of the Transfer of Property Act, 1882 (IV of 1882);",tenancy law,Section 18,eng_maharashtra_rent_control_ac.pdf
Simplify the following tenancy law provision.,"Explanation.— For the purposes of this clause, replacing of tiles or closing of balcony of the premises shall not be regarded as an act of a causing damage to the building or destructive or permanently injurious thereto;","Explanation.— For the purposes of this clause, replacing of tiles or closing of balcony of the premises shall not be regarded as an act of a causing damage to the building or destructive or permanently injurious thereto;",Section 18,eng_maharashtra_rent_control_ac.pdf
Summarize the following tenancy law clause.,"Explanation.— For the purposes of this clause, replacing of tiles or closing of balcony of the premises shall not be regarded as an act of a causing damage to the building or destructive or permanently injurious thereto;","Explanation.— For the purposes of this clause, replacing of tiles or closing of balcony of the premises shall not be regarded as an act of a causing damage to the building or destructive or permanently injurious thereto;",Section 18,eng_maharashtra_rent_control_ac.pdf
Identify the legal topic of the following clause.,"Explanation.— For the purposes of this clause, replacing of tiles or closing of balcony of the premises shall not be regarded as an act of a causing damage to the building or destructive or permanently injurious thereto;",tenancy law,Section 18,eng_maharashtra_rent_control_ac.pdf
Explain the following tenancy law clause in simple terms.,"or (b) that the tenant has, without the landlord’s consent given in writing, erected on the premises any permanent structure;","or (b) that the tenant has, without the landlord’s consent given in writing, erected on the premises any permanent structure;",Section 18,eng_maharashtra_rent_control_ac.pdf
Summarize the following tenancy law clause.,"or (b) that the tenant has, without the landlord’s consent given in writing, erected on the premises any permanent structure;","or (b) that the tenant has, without the landlord’s consent given in writing, erected on the premises any permanent structure;",Section 18,eng_maharashtra_rent_control_ac.pdf
Identify the legal topic of the following clause.,"or (b) that the tenant has, without the landlord’s consent given in writing, erected on the premises any permanent structure;",tenancy law,Section 18,eng_maharashtra_rent_control_ac.pdf
Simplify the following tenancy law provision.,"or (c) that the tenant, his agent, servant, persons inducted by tenant or claiming under the tenant or, any person residing with the tenant has been guilty of conduct which is a nuisance or annoyance to the adjoining or neighbouring occupier, or has been convicted of using the premises or allowing the premises to be used for immoral or illegal purposes or that the tenant has in respect of the premises been convicted of an offence of contravention of any of the provisions of clause (a) of sub-section (1) of section 394 or of section 394A of the Mumbai Municipal Corporation Act (Bom.","or (c) that the tenant, his agent, servant, persons inducted by tenant or claiming under the tenant or, any person residing with the tenant has been guilty of conduct which is a nuisance or annoyance to the adjoining or neighbouring occupier, or has been convicted of using the premises or allowing the premises to be used for immoral or illegal purposes or that the tenant has in respect of the premises been convicted of an offence of contravention of any of the provisions of clause (a) of sub-section (1) of section 394 or of section 394A of the Mumbai Municipal Corporation Act (Bom.",Section 18,eng_maharashtra_rent_control_ac.pdf
Provide a short summary of this legal provision.,"or (c) that the tenant, his agent, servant, persons inducted by tenant or claiming under the tenant or, any person residing with the tenant has been guilty of conduct which is a nuisance or annoyance to the adjoining or neighbouring occupier, or has been convicted of using the premises or allowing the premises to be used for immoral or illegal purposes or that the tenant has in respect of the premises been convicted of an offence of contravention of any of the provisions of clause (a) of sub-section (1) of section 394 or of section 394A of the Mumbai Municipal Corporation Act (Bom.","or (c) that the tenant, his agent, servant, persons inducted by tenant or claiming under the tenant or, any person residing with the tenant has been guilty of conduct which is a nuisance or annoyance to the adjoining or neighbouring occupier, or has been convicted of using the premises or allowing the premises to be used for immoral or illegal purposes or that the tenant has in respect of the premises been convicted of an offence of contravention of any of the provisions of clause (a) of sub-section (1) of section 394 or of section 394A of the Mumbai Municipal Corporation Act (Bom.",Section 18,eng_maharashtra_rent_control_ac.pdf
Identify the legal topic of the following clause.,"or (c) that the tenant, his agent, servant, persons inducted by tenant or claiming under the tenant or, any person residing with the tenant has been guilty of conduct which is a nuisance or annoyance to the adjoining or neighbouring occupier, or has been convicted of using the premises or allowing the premises to be used for immoral or illegal purposes or that the tenant has in respect of the premises been convicted of an offence of contravention of any of the provisions of clause (a) of sub-section (1) of section 394 or of section 394A of the Mumbai Municipal Corporation Act (Bom.",tenancy law,Section 18,eng_maharashtra_rent_control_ac.pdf
Explain the following tenancy law clause in simple terms.,"or (d) that the tenant has given notice to quit and in consequence of that notice, the landlord has contracted to sell or let the premises or has taken any other steps as a result of which he would, in the opinion of the court, be seriously prejudiced, if he could not obtain possession of the premises;","or (d) that the tenant has given notice to quit and in consequence of that notice, the landlord has contracted to sell or let the premises or has taken any other steps as a result of which he would, in the opinion of the court, be seriously prejudiced, if he could not obtain possession of the premises;",Section 18,eng_maharashtra_rent_control_ac.pdf
Provide a short summary of this legal provision.,"or (d) that the tenant has given notice to quit and in consequence of that notice, the landlord has contracted to sell or let the premises or has taken any other steps as a result of which he would, in the opinion of the court, be seriously prejudiced, if he could not obtain possession of the premises;","or (d) that the tenant has given notice to quit and in consequence of that notice, the landlord has contracted to sell or let the premises or has taken any other steps as a result of which he would, in the opinion of the court, be seriously prejudiced, if he could not obtain possession of the premises;",Section 18,eng_maharashtra_rent_control_ac.pdf
Identify the legal topic of the following clause.,"or (d) that the tenant has given notice to quit and in consequence of that notice, the landlord has contracted to sell or let the premises or has taken any other steps as a result of which he would, in the opinion of the court, be seriously prejudiced, if he could not obtain possession of the premises;",tenancy law,Section 18,eng_maharashtra_rent_control_ac.pdf
Simplify the following tenancy law provision.,"or (e) that the tenant has— (i) on or after the 1st day February 1973, in the areas to which the Bombay Rents, Hotel and Lodging House Rates Control Act, 1947 (Bom.","or (e) that the tenant has— (i) on or after the 1st day February 1973, in the areas to which the Bombay Rents, Hotel and Lodging House Rates Control Act, 1947 (Bom.",Section 18,eng_maharashtra_rent_control_ac.pdf
Provide a short summary of this legal provision.,"or (e) that the tenant has— (i) on or after the 1st day February 1973, in the areas to which the Bombay Rents, Hotel and Lodging House Rates Control Act, 1947 (Bom.","or (e) that the tenant has— (i) on or after the 1st day February 1973, in the areas to which the Bombay Rents, Hotel and Lodging House Rates Control Act, 1947 (Bom.",Section 18,eng_maharashtra_rent_control_ac.pdf
Identify the legal topic of the following clause.,"or (e) that the tenant has— (i) on or after the 1st day February 1973, in the areas to which the Bombay Rents, Hotel and Lodging House Rates Control Act, 1947 (Bom.",tenancy law,Section 18,eng_maharashtra_rent_control_ac.pdf
Simplify the following tenancy law provision.,"or (ii) on or after the commencement of this Act, in the Vidarbha and Marathwada areas of the State, unlawfully sub-let or given on licence the whole or part of the premises or assigned or transferred in any other manner his interest therein;","or (ii) on or after the commencement of this Act, in the Vidarbha and Marathwada areas of the State, unlawfully sub-let or given on licence the whole or part of the premises or assigned or transferred in any other manner his interest therein;",Section 18,eng_maharashtra_rent_control_ac.pdf
Summarize the following tenancy law clause.,"or (ii) on or after the commencement of this Act, in the Vidarbha and Marathwada areas of the State, unlawfully sub-let or given on licence the whole or part of the premises or assigned or transferred in any other manner his interest therein;","or (ii) on or after the commencement of this Act, in the Vidarbha and Marathwada areas of the State, unlawfully sub-let or given on licence the whole or part of the premises or assigned or transferred in any other manner his interest therein;",Section 18,eng_maharashtra_rent_control_ac.pdf
Identify the legal topic of the following clause.,"or (ii) on or after the commencement of this Act, in the Vidarbha and Marathwada areas of the State, unlawfully sub-let or given on licence the whole or part of the premises or assigned or transferred in any other manner his interest therein;",tenancy law,Section 18,eng_maharashtra_rent_control_ac.pdf
Interpret this legal clause related to tenancy law.,"or (f) that the premises were let to the tenant for use as a residence by reason of his being in the service or employment of the landlord, and that the tenant has ceased, whether before or after the commencement of this Act, to be in such service or employment;","or (f) that the premises were let to the tenant for use as a residence by reason of his being in the service or employment of the landlord, and that the tenant has ceased, whether before or after the commencement of this Act, to be in such service or employment;",Section 18,eng_maharashtra_rent_control_ac.pdf
Provide a short summary of this legal provision.,"or (f) that the premises were let to the tenant for use as a residence by reason of his being in the service or employment of the landlord, and that the tenant has ceased, whether before or after the commencement of this Act, to be in such service or employment;","or (f) that the premises were let to the tenant for use as a residence by reason of his being in the service or employment of the landlord, and that the tenant has ceased, whether before or after the commencement of this Act, to be in such service or employment;",Section 18,eng_maharashtra_rent_control_ac.pdf
Identify the legal topic of the following clause.,"or (f) that the premises were let to the tenant for use as a residence by reason of his being in the service or employment of the landlord, and that the tenant has ceased, whether before or after the commencement of this Act, to be in such service or employment;",tenancy law,Section 18,eng_maharashtra_rent_control_ac.pdf
Explain the following tenancy law clause in simple terms.,"XVIII] The Maharashtra Rent Control Act, 1999 15 (g) that the premises are reasonably and bona fide required by the landlord for occupation by himself or by any person for whose benefit the premises are held or where the landlord is a trustee of a public charitable trust that the premises are required for occupation for the purposes of the trust;","XVIII] The Maharashtra Rent Control Act, 1999 15 (g) that the premises are reasonably and bona fide required by the landlord for occupation by himself or by any person for whose benefit the premises are held or where the landlord is a trustee of a public charitable trust that the premises are required for occupation for the purposes of the trust;",Section 18,eng_maharashtra_rent_control_ac.pdf
Summarize the following tenancy law clause.,"XVIII] The Maharashtra Rent Control Act, 1999 15 (g) that the premises are reasonably and bona fide required by the landlord for occupation by himself or by any person for whose benefit the premises are held or where the landlord is a trustee of a public charitable trust that the premises are required for occupation for the purposes of the trust;","XVIII] The Maharashtra Rent Control Act, 1999 15 (g) that the premises are reasonably and bona fide required by the landlord for occupation by himself or by any person for whose benefit the premises are held or where the landlord is a trustee of a public charitable trust that the premises are required for occupation for the purposes of the trust;",Section 18,eng_maharashtra_rent_control_ac.pdf
Identify the legal topic of the following clause.,"XVIII] The Maharashtra Rent Control Act, 1999 15 (g) that the premises are reasonably and bona fide required by the landlord for occupation by himself or by any person for whose benefit the premises are held or where the landlord is a trustee of a public charitable trust that the premises are required for occupation for the purposes of the trust;",tenancy law,Section 18,eng_maharashtra_rent_control_ac.pdf
Simplify the following tenancy law provision.,or (h) that the premises are reasonably and bona fide required by the landlord for carrying out repairs which cannot be carried out without the premises being vacated;,or (h) that the premises are reasonably and bona fide required by the landlord for carrying out repairs which cannot be carried out without the premises being vacated;,Section 18,eng_maharashtra_rent_control_ac.pdf
Provide a short summary of this legal provision.,or (h) that the premises are reasonably and bona fide required by the landlord for carrying out repairs which cannot be carried out without the premises being vacated;,or (h) that the premises are reasonably and bona fide required by the landlord for carrying out repairs which cannot be carried out without the premises being vacated;,Section 18,eng_maharashtra_rent_control_ac.pdf
Identify the legal topic of the following clause.,or (h) that the premises are reasonably and bona fide required by the landlord for carrying out repairs which cannot be carried out without the premises being vacated;,tenancy law,Section 18,eng_maharashtra_rent_control_ac.pdf
Interpret this legal clause related to tenancy law.,or (i) that the premises are reasonably and bona fide required by the landlord for the immediate purpose of demolishing them and such demolition is to be made for the purpose of erecting new building on the premises sought to be demolished;,or (i) that the premises are reasonably and bona fide required by the landlord for the immediate purpose of demolishing them and such demolition is to be made for the purpose of erecting new building on the premises sought to be demolished;,Section 18,eng_maharashtra_rent_control_ac.pdf
Provide a short summary of this legal provision.,or (i) that the premises are reasonably and bona fide required by the landlord for the immediate purpose of demolishing them and such demolition is to be made for the purpose of erecting new building on the premises sought to be demolished;,or (i) that the premises are reasonably and bona fide required by the landlord for the immediate purpose of demolishing them and such demolition is to be made for the purpose of erecting new building on the premises sought to be demolished;,Section 18,eng_maharashtra_rent_control_ac.pdf
Identify the legal topic of the following clause.,or (i) that the premises are reasonably and bona fide required by the landlord for the immediate purpose of demolishing them and such demolition is to be made for the purpose of erecting new building on the premises sought to be demolished;,tenancy law,Section 18,eng_maharashtra_rent_control_ac.pdf
Explain the following tenancy law clause in simple terms.,"Explanation.— For the purpose of this clause, if the premises let include the terrace or part thereof, or garages, servants quarters or out-houses (which are not on the terrace), or all or any one of more of them, this clause shall nevertheless apply;","Explanation.— For the purpose of this clause, if the premises let include the terrace or part thereof, or garages, servants quarters or out-houses (which are not on the terrace), or all or any one of more of them, this clause shall nevertheless apply;",Section 18,eng_maharashtra_rent_control_ac.pdf
Provide a short summary of this legal provision.,"Explanation.— For the purpose of this clause, if the premises let include the terrace or part thereof, or garages, servants quarters or out-houses (which are not on the terrace), or all or any one of more of them, this clause shall nevertheless apply;","Explanation.— For the purpose of this clause, if the premises let include the terrace or part thereof, or garages, servants quarters or out-houses (which are not on the terrace), or all or any one of more of them, this clause shall nevertheless apply;",Section 18,eng_maharashtra_rent_control_ac.pdf
Identify the legal topic of the following clause.,"Explanation.— For the purpose of this clause, if the premises let include the terrace or part thereof, or garages, servants quarters or out-houses (which are not on the terrace), or all or any one of more of them, this clause shall nevertheless apply;",tenancy law,Section 18,eng_maharashtra_rent_control_ac.pdf
Simplify the following tenancy law provision.,or (k) that the premises are required for the immediate purpose of demolition ordered by any municipal authority or other competent authority;,or (k) that the premises are required for the immediate purpose of demolition ordered by any municipal authority or other competent authority;,Section 18,eng_maharashtra_rent_control_ac.pdf
Summarize the following tenancy law clause.,or (k) that the premises are required for the immediate purpose of demolition ordered by any municipal authority or other competent authority;,or (k) that the premises are required for the immediate purpose of demolition ordered by any municipal authority or other competent authority;,Section 18,eng_maharashtra_rent_control_ac.pdf
Identify the legal topic of the following clause.,or (k) that the premises are required for the immediate purpose of demolition ordered by any municipal authority or other competent authority;,tenancy law,Section 18,eng_maharashtra_rent_control_ac.pdf
Explain the following tenancy law clause in simple terms.,"or (l) that where the premises are land in the nature of garden or grounds appurtenant to a building or part of a building or part of a building, such land is required by the landlord for the erection of a new building which a municipal authority has approved or permitted him to build thereon;","or (l) that where the premises are land in the nature of garden or grounds appurtenant to a building or part of a building or part of a building, such land is required by the landlord for the erection of a new building which a municipal authority has approved or permitted him to build thereon;",Section 18,eng_maharashtra_rent_control_ac.pdf
Provide a short summary of this legal provision.,"or (l) that where the premises are land in the nature of garden or grounds appurtenant to a building or part of a building or part of a building, such land is required by the landlord for the erection of a new building which a municipal authority has approved or permitted him to build thereon;","or (l) that where the premises are land in the nature of garden or grounds appurtenant to a building or part of a building or part of a building, such land is required by the landlord for the erection of a new building which a municipal authority has approved or permitted him to build thereon;",Section 18,eng_maharashtra_rent_control_ac.pdf
Identify the legal topic of the following clause.,"or (l) that where the premises are land in the nature of garden or grounds appurtenant to a building or part of a building or part of a building, such land is required by the landlord for the erection of a new building which a municipal authority has approved or permitted him to build thereon;",tenancy law,Section 18,eng_maharashtra_rent_control_ac.pdf
Explain the following tenancy law clause in simple terms.,"or (m) that the rent charged by the tenant for the premises or any part thereof which are sub-let is in excess of the standard rent and permitted increases in respect of such premises or part or that the tenant has received any fine, premium, other like sum of consideration in respect of such premises or part;","or (m) that the rent charged by the tenant for the premises or any part thereof which are sub-let is in excess of the standard rent and permitted increases in respect of such premises or part or that the tenant has received any fine, premium, other like sum of consideration in respect of such premises or part;",Section 18,eng_maharashtra_rent_control_ac.pdf
Summarize the following tenancy law clause.,"or (m) that the rent charged by the tenant for the premises or any part thereof which are sub-let is in excess of the standard rent and permitted increases in respect of such premises or part or that the tenant has received any fine, premium, other like sum of consideration in respect of such premises or part;","or (m) that the rent charged by the tenant for the premises or any part thereof which are sub-let is in excess of the standard rent and permitted increases in respect of such premises or part or that the tenant has received any fine, premium, other like sum of consideration in respect of such premises or part;",Section 18,eng_maharashtra_rent_control_ac.pdf
Identify the legal topic of the following clause.,"or (m) that the rent charged by the tenant for the premises or any part thereof which are sub-let is in excess of the standard rent and permitted increases in respect of such premises or part or that the tenant has received any fine, premium, other like sum of consideration in respect of such premises or part;",tenancy law,Section 18,eng_maharashtra_rent_control_ac.pdf
Simplify the following tenancy law provision.,"or (n) that the premises have not been used, without reasonable cause for the purpose for which they were let for for a continuous period of six months immediately preceding the date of the suit.","or (n) that the premises have not been used, without reasonable cause for the purpose for which they were let for for a continuous period of six months immediately preceding the date of the suit.",Section 18,eng_maharashtra_rent_control_ac.pdf
Provide a short summary of this legal provision.,"or (n) that the premises have not been used, without reasonable cause for the purpose for which they were let for for a continuous period of six months immediately preceding the date of the suit.","or (n) that the premises have not been used, without reasonable cause for the purpose for which they were let for for a continuous period of six months immediately preceding the date of the suit.",Section 18,eng_maharashtra_rent_control_ac.pdf
Identify the legal topic of the following clause.,"or (n) that the premises have not been used, without reasonable cause for the purpose for which they were let for for a continuous period of six months immediately preceding the date of the suit.",tenancy law,Section 18,eng_maharashtra_rent_control_ac.pdf
Interpret this legal clause related to tenancy law.,"Where the court is satisfied that no hardship would be caused either to the tenant or to the landlord by passing the decree in respect of such part of the premises, the court shall the decree in respect of such part only.","Where the court is satisfied that no hardship would be caused either to the tenant or to the landlord by passing the decree in respect of such part of the premises, the court shall the decree in respect of such part only.",Section 18,eng_maharashtra_rent_control_ac.pdf
Provide a short summary of this legal provision.,"Where the court is satisfied that no hardship would be caused either to the tenant or to the landlord by passing the decree in respect of such part of the premises, the court shall the decree in respect of such part only.","Where the court is satisfied that no hardship would be caused either to the tenant or to the landlord by passing the decree in respect of such part of the premises, the court shall the decree in respect of such part only.",Section 18,eng_maharashtra_rent_control_ac.pdf
Identify the legal topic of the following clause.,"Where the court is satisfied that no hardship would be caused either to the tenant or to the landlord by passing the decree in respect of such part of the premises, the court shall the decree in respect of such part only.",tenancy law,Section 18,eng_maharashtra_rent_control_ac.pdf
Explain the following tenancy law clause in simple terms.,Explanation.— For the purposes of clause (g) of sub-section (1) the expression “landlord” shall not include a rent-farmer or rent-collector or estate-manager.,Explanation.— For the purposes of clause (g) of sub-section (1) the expression “landlord” shall not include a rent-farmer or rent-collector or estate-manager.,Section 18,eng_maharashtra_rent_control_ac.pdf
Provide a short summary of this legal provision.,Explanation.— For the purposes of clause (g) of sub-section (1) the expression “landlord” shall not include a rent-farmer or rent-collector or estate-manager.,Explanation.— For the purposes of clause (g) of sub-section (1) the expression “landlord” shall not include a rent-farmer or rent-collector or estate-manager.,Section 18,eng_maharashtra_rent_control_ac.pdf
Identify the legal topic of the following clause.,Explanation.— For the purposes of clause (g) of sub-section (1) the expression “landlord” shall not include a rent-farmer or rent-collector or estate-manager.,tenancy law,Section 18,eng_maharashtra_rent_control_ac.pdf
Interpret this legal clause related to tenancy law.,XVIII (a) that the necessary funds for the purpose of the erection of new building or for erecting or raising of a new floor or floors on the terrace are available with the Landlord;,XVIII (a) that the necessary funds for the purpose of the erection of new building or for erecting or raising of a new floor or floors on the terrace are available with the Landlord;,Section 18,eng_maharashtra_rent_control_ac.pdf
Summarize the following tenancy law clause.,XVIII (a) that the necessary funds for the purpose of the erection of new building or for erecting or raising of a new floor or floors on the terrace are available with the Landlord;,XVIII (a) that the necessary funds for the purpose of the erection of new building or for erecting or raising of a new floor or floors on the terrace are available with the Landlord;,Section 18,eng_maharashtra_rent_control_ac.pdf
Identify the legal topic of the following clause.,XVIII (a) that the necessary funds for the purpose of the erection of new building or for erecting or raising of a new floor or floors on the terrace are available with the Landlord;,tenancy law,Section 18,eng_maharashtra_rent_control_ac.pdf
Simplify the following tenancy law provision.,and on the tenant or tenants declining to give such consent the landlord shall be entitled to put the additional floor area of any permissible use;,and on the tenant or tenants declining to give such consent the landlord shall be entitled to put the additional floor area of any permissible use;,Section 18,eng_maharashtra_rent_control_ac.pdf
Summarize the following tenancy law clause.,and on the tenant or tenants declining to give such consent the landlord shall be entitled to put the additional floor area of any permissible use;,and on the tenant or tenants declining to give such consent the landlord shall be entitled to put the additional floor area of any permissible use;,Section 18,eng_maharashtra_rent_control_ac.pdf
Identify the legal topic of the following clause.,and on the tenant or tenants declining to give such consent the landlord shall be entitled to put the additional floor area of any permissible use;,tenancy law,Section 18,eng_maharashtra_rent_control_ac.pdf
Simplify the following tenancy law provision.,"XVIII] The Maharashtra Rent Control Act, 1999 17 and the court is satisfied that the terrace or structure or terrace including structure as aforesaid, are required by the landlord for the purpose of demolition and erection or raising of a floor or floors on such terrace, the landlord shall be entitled to recover possession of the terrace including such tower-rooms, sitting-out-rooms, ornamental structures, architectural features, landings, attics or rooms, the court may make such reduction, if any, in the rent as it may deem just.","XVIII] The Maharashtra Rent Control Act, 1999 17 and the court is satisfied that the terrace or structure or terrace including structure as aforesaid, are required by the landlord for the purpose of demolition and erection or raising of a floor or floors on such terrace, the landlord shall be entitled to recover possession of the terrace including such tower-rooms, sitting-out-rooms, ornamental structures, architectural features, landings, attics or rooms, the court may make such reduction, if any, in the rent as it may deem just.",Section 18,eng_maharashtra_rent_control_ac.pdf
Summarize the following tenancy law clause.,"XVIII] The Maharashtra Rent Control Act, 1999 17 and the court is satisfied that the terrace or structure or terrace including structure as aforesaid, are required by the landlord for the purpose of demolition and erection or raising of a floor or floors on such terrace, the landlord shall be entitled to recover possession of the terrace including such tower-rooms, sitting-out-rooms, ornamental structures, architectural features, landings, attics or rooms, the court may make such reduction, if any, in the rent as it may deem just.","XVIII] The Maharashtra Rent Control Act, 1999 17 and the court is satisfied that the terrace or structure or terrace including structure as aforesaid, are required by the landlord for the purpose of demolition and erection or raising of a floor or floors on such terrace, the landlord shall be entitled to recover possession of the terrace including such tower-rooms, sitting-out-rooms, ornamental structures, architectural features, landings, attics or rooms, the court may make such reduction, if any, in the rent as it may deem just.",Section 18,eng_maharashtra_rent_control_ac.pdf
Identify the legal topic of the following clause.,"XVIII] The Maharashtra Rent Control Act, 1999 17 and the court is satisfied that the terrace or structure or terrace including structure as aforesaid, are required by the landlord for the purpose of demolition and erection or raising of a floor or floors on such terrace, the landlord shall be entitled to recover possession of the terrace including such tower-rooms, sitting-out-rooms, ornamental structures, architectural features, landings, attics or rooms, the court may make such reduction, if any, in the rent as it may deem just.",tenancy law,Section 18,eng_maharashtra_rent_control_ac.pdf
Explain the following tenancy law clause in simple terms.,"Recovery of possession for repairs and re-entry.— (1) The court shall, when passing a decree on the ground specified in clause (h) of sub-section (1) of section 16, ascertain from the tenant whether he elects to be placed in occupation of the premises or part thereof from which he is to be evicted and if the tenant so elects, shall record the fact of the election, in the decree and specify in the decree the date on or before which he shall deliver possession so as to enable the landlord to commence the work of repairs.","Recovery of possession for repairs and re-entry.— (1) The court shall, when passing a decree on the ground specified in clause (h) of sub-section (1) of section 16, ascertain from the tenant whether he elects to be placed in occupation of the premises or part thereof from which he is to be evicted and if the tenant so elects, shall record the fact of the election, in the decree and specify in the decree the date on or before which he shall deliver possession so as to enable the landlord to commence the work of repairs.",Section 18,eng_maharashtra_rent_control_ac.pdf
Summarize the following tenancy law clause.,"Recovery of possession for repairs and re-entry.— (1) The court shall, when passing a decree on the ground specified in clause (h) of sub-section (1) of section 16, ascertain from the tenant whether he elects to be placed in occupation of the premises or part thereof from which he is to be evicted and if the tenant so elects, shall record the fact of the election, in the decree and specify in the decree the date on or before which he shall deliver possession so as to enable the landlord to commence the work of repairs.","Recovery of possession for repairs and re-entry.— (1) The court shall, when passing a decree on the ground specified in clause (h) of sub-section (1) of section 16, ascertain from the tenant whether he elects to be placed in occupation of the premises or part thereof from which he is to be evicted and if the tenant so elects, shall record the fact of the election, in the decree and specify in the decree the date on or before which he shall deliver possession so as to enable the landlord to commence the work of repairs.",Section 18,eng_maharashtra_rent_control_ac.pdf
Identify the legal topic of the following clause.,"Recovery of possession for repairs and re-entry.— (1) The court shall, when passing a decree on the ground specified in clause (h) of sub-section (1) of section 16, ascertain from the tenant whether he elects to be placed in occupation of the premises or part thereof from which he is to be evicted and if the tenant so elects, shall record the fact of the election, in the decree and specify in the decree the date on or before which he shall deliver possession so as to enable the landlord to commence the work of repairs.",tenancy law,Section 18,eng_maharashtra_rent_control_ac.pdf
Simplify the following tenancy law provision.,Within thirty days from the date of receipt of such notice the tenant shall intimate to the landlord his acceptance of the accommodation offered and deposit with the landlord rent for one month.,Within thirty days from the date of receipt of such notice the tenant shall intimate to the landlord his acceptance of the accommodation offered and deposit with the landlord rent for one month.,Section 18,eng_maharashtra_rent_control_ac.pdf
Provide a short summary of this legal provision.,Within thirty days from the date of receipt of such notice the tenant shall intimate to the landlord his acceptance of the accommodation offered and deposit with the landlord rent for one month.,Within thirty days from the date of receipt of such notice the tenant shall intimate to the landlord his acceptance of the accommodation offered and deposit with the landlord rent for one month.,Section 18,eng_maharashtra_rent_control_ac.pdf
Identify the legal topic of the following clause.,Within thirty days from the date of receipt of such notice the tenant shall intimate to the landlord his acceptance of the accommodation offered and deposit with the landlord rent for one month.,tenancy law,Section 18,eng_maharashtra_rent_control_ac.pdf
Interpret this legal clause related to tenancy law.,"If the tenant gives such intimation and makes the deposit, the landlord shall, on completion of the work of repairs, place the tenant in occupation of the premises or part thereof on the terms and conditions existing on the date of the passing of the decree for eviction.","If the tenant gives such intimation and makes the deposit, the landlord shall, on completion of the work of repairs, place the tenant in occupation of the premises or part thereof on the terms and conditions existing on the date of the passing of the decree for eviction.",Section 18,eng_maharashtra_rent_control_ac.pdf
Provide a short summary of this legal provision.,"If the tenant gives such intimation and makes the deposit, the landlord shall, on completion of the work of repairs, place the tenant in occupation of the premises or part thereof on the terms and conditions existing on the date of the passing of the decree for eviction.","If the tenant gives such intimation and makes the deposit, the landlord shall, on completion of the work of repairs, place the tenant in occupation of the premises or part thereof on the terms and conditions existing on the date of the passing of the decree for eviction.",Section 18,eng_maharashtra_rent_control_ac.pdf
Identify the legal topic of the following clause.,"If the tenant gives such intimation and makes the deposit, the landlord shall, on completion of the work of repairs, place the tenant in occupation of the premises or part thereof on the terms and conditions existing on the date of the passing of the decree for eviction.",tenancy law,Section 18,eng_maharashtra_rent_control_ac.pdf
Explain the following tenancy law clause in simple terms.,"If the tenant fails to give to such intimation and to make the deposit, the tenant’s right to occupy the premises shall terminate.","If the tenant fails to give to such intimation and to make the deposit, the tenant’s right to occupy the premises shall terminate.",Section 18,eng_maharashtra_rent_control_ac.pdf
Summarize the following tenancy law clause.,"If the tenant fails to give to such intimation and to make the deposit, the tenant’s right to occupy the premises shall terminate.","If the tenant fails to give to such intimation and to make the deposit, the tenant’s right to occupy the premises shall terminate.",Section 18,eng_maharashtra_rent_control_ac.pdf
Identify the legal topic of the following clause.,"If the tenant fails to give to such intimation and to make the deposit, the tenant’s right to occupy the premises shall terminate.",tenancy law,Section 18,eng_maharashtra_rent_control_ac.pdf
Simplify the following tenancy law provision.,"Recovery of possession for demolishing building.— (1) Where a decree for eviction has been passed by the court on the ground specified in clause (i) or (j) of sub-section (1) of section 16, and the work of demolishing the premises has not been commenced by the landlord within the period","Recovery of possession for demolishing building.— (1) Where a decree for eviction has been passed by the court on the ground specified in clause (i) or (j) of sub-section (1) of section 16, and the work of demolishing the premises has not been commenced by the landlord within the period",Section 18,eng_maharashtra_rent_control_ac.pdf
Summarize the following tenancy law clause.,"Recovery of possession for demolishing building.— (1) Where a decree for eviction has been passed by the court on the ground specified in clause (i) or (j) of sub-section (1) of section 16, and the work of demolishing the premises has not been commenced by the landlord within the period","Recovery of possession for demolishing building.— (1) Where a decree for eviction has been passed by the court on the ground specified in clause (i) or (j) of sub-section (1) of section 16, and the work of demolishing the premises has not been commenced by the landlord within the period",Section 18,eng_maharashtra_rent_control_ac.pdf
Identify the legal topic of the following clause.,"Recovery of possession for demolishing building.— (1) Where a decree for eviction has been passed by the court on the ground specified in clause (i) or (j) of sub-section (1) of section 16, and the work of demolishing the premises has not been commenced by the landlord within the period",tenancy law,Section 18,eng_maharashtra_rent_control_ac.pdf
Simplify the following tenancy law provision.,"XVIII specified in sub-clause (iv) of clause (d) of sub-section (6) of the said section, the tenant may give the landlord a notice of his intention to occupy the premises from which he has been evicted and if the landlord does not forthwith deliver to him the vacant possession of the premises on the same terms and conditions on which he occupied them immediately before the eviction, the tenant may make an application to the court within six weeks from the date on which he delivered vacant possession of the premises to the landlord.","XVIII specified in sub-clause (iv) of clause (d) of sub-section (6) of the said section, the tenant may give the landlord a notice of his intention to occupy the premises from which he has been evicted and if the landlord does not forthwith deliver to him the vacant possession of the premises on the same terms and conditions on which he occupied them immediately before the eviction, the tenant may make an application to the court within six weeks from the date on which he delivered vacant possession of the premises to the landlord.",Section 18,eng_maharashtra_rent_control_ac.pdf
Summarize the following tenancy law clause.,"XVIII specified in sub-clause (iv) of clause (d) of sub-section (6) of the said section, the tenant may give the landlord a notice of his intention to occupy the premises from which he has been evicted and if the landlord does not forthwith deliver to him the vacant possession of the premises on the same terms and conditions on which he occupied them immediately before the eviction, the tenant may make an application to the court within six weeks from the date on which he delivered vacant possession of the premises to the landlord.","XVIII specified in sub-clause (iv) of clause (d) of sub-section (6) of the said section, the tenant may give the landlord a notice of his intention to occupy the premises from which he has been evicted and if the landlord does not forthwith deliver to him the vacant possession of the premises on the same terms and conditions on which he occupied them immediately before the eviction, the tenant may make an application to the court within six weeks from the date on which he delivered vacant possession of the premises to the landlord.",Section 18,eng_maharashtra_rent_control_ac.pdf
Identify the legal topic of the following clause.,"XVIII specified in sub-clause (iv) of clause (d) of sub-section (6) of the said section, the tenant may give the landlord a notice of his intention to occupy the premises from which he has been evicted and if the landlord does not forthwith deliver to him the vacant possession of the premises on the same terms and conditions on which he occupied them immediately before the eviction, the tenant may make an application to the court within six weeks from the date on which he delivered vacant possession of the premises to the landlord.",tenancy law,Section 18,eng_maharashtra_rent_control_ac.pdf
Explain the following tenancy law clause in simple terms.,"On such order being made, the landlord shall forthwith deliver vacant possession of the premises to the tenant.","On such order being made, the landlord shall forthwith deliver vacant possession of the premises to the tenant.",Section 18,eng_maharashtra_rent_control_ac.pdf
Provide a short summary of this legal provision.,"On such order being made, the landlord shall forthwith deliver vacant possession of the premises to the tenant.","On such order being made, the landlord shall forthwith deliver vacant possession of the premises to the tenant.",Section 18,eng_maharashtra_rent_control_ac.pdf
Identify the legal topic of the following clause.,"On such order being made, the landlord shall forthwith deliver vacant possession of the premises to the tenant.",tenancy law,Section 18,eng_maharashtra_rent_control_ac.pdf
Simplify the following tenancy law provision.,"Landlord to intimate to tenant date of completion and tenant’s right to occupy premises in new building.— (1) The landlord shall, not less than three months before the date on which the erection of the new building or, completion as the case may be, new floor or floors is likely to be completed, intimate to the tenant, the date on which the said erection shall be completed.","Landlord to intimate to tenant date of completion and tenant’s right to occupy premises in new building.— (1) The landlord shall, not less than three months before the date on which the erection of the new building or, completion as the case may be, new floor or floors is likely to be completed, intimate to the tenant, the date on which the said erection shall be completed.",Section 18,eng_maharashtra_rent_control_ac.pdf
Provide a short summary of this legal provision.,"Landlord to intimate to tenant date of completion and tenant’s right to occupy premises in new building.— (1) The landlord shall, not less than three months before the date on which the erection of the new building or, completion as the case may be, new floor or floors is likely to be completed, intimate to the tenant, the date on which the said erection shall be completed.","Landlord to intimate to tenant date of completion and tenant’s right to occupy premises in new building.— (1) The landlord shall, not less than three months before the date on which the erection of the new building or, completion as the case may be, new floor or floors is likely to be completed, intimate to the tenant, the date on which the said erection shall be completed.",Section 18,eng_maharashtra_rent_control_ac.pdf
Identify the legal topic of the following clause.,"Landlord to intimate to tenant date of completion and tenant’s right to occupy premises in new building.— (1) The landlord shall, not less than three months before the date on which the erection of the new building or, completion as the case may be, new floor or floors is likely to be completed, intimate to the tenant, the date on which the said erection shall be completed.",tenancy law,Section 18,eng_maharashtra_rent_control_ac.pdf
Explain the following tenancy law clause in simple terms.,"On the said date, the tenant shall be entitled to occupy the premises assigned to him by the landlord.","On the said date, the tenant shall be entitled to occupy the premises assigned to him by the landlord.",Section 18,eng_maharashtra_rent_control_ac.pdf
Summarize the following tenancy law clause.,"On the said date, the tenant shall be entitled to occupy the premises assigned to him by the landlord.","On the said date, the tenant shall be entitled to occupy the premises assigned to him by the landlord.",Section 18,eng_maharashtra_rent_control_ac.pdf
Identify the legal topic of the following clause.,"On the said date, the tenant shall be entitled to occupy the premises assigned to him by the landlord.",tenancy law,Section 18,eng_maharashtra_rent_control_ac.pdf
Interpret this legal clause related to tenancy law.,and the landlord shall be entitled to recover from the tenant a sum equal to three times the amount of the monthly standard rent in respect of the premises.,and the landlord shall be entitled to recover from the tenant a sum equal to three times the amount of the monthly standard rent in respect of the premises.,Section 18,eng_maharashtra_rent_control_ac.pdf
Provide a short summary of this legal provision.,and the landlord shall be entitled to recover from the tenant a sum equal to three times the amount of the monthly standard rent in respect of the premises.,and the landlord shall be entitled to recover from the tenant a sum equal to three times the amount of the monthly standard rent in respect of the premises.,Section 18,eng_maharashtra_rent_control_ac.pdf
Identify the legal topic of the following clause.,and the landlord shall be entitled to recover from the tenant a sum equal to three times the amount of the monthly standard rent in respect of the premises.,tenancy law,Section 18,eng_maharashtra_rent_control_ac.pdf
Interpret this legal clause related to tenancy law.,"Recovery of possession in case of tenancy created during service period.— (1) Where any landlord intends to let any premises or any part thereof belonging to him, to his employee, such","Recovery of possession in case of tenancy created during service period.— (1) Where any landlord intends to let any premises or any part thereof belonging to him, to his employee, such",Section 18,eng_maharashtra_rent_control_ac.pdf
Provide a short summary of this legal provision.,"Recovery of possession in case of tenancy created during service period.— (1) Where any landlord intends to let any premises or any part thereof belonging to him, to his employee, such","Recovery of possession in case of tenancy created during service period.— (1) Where any landlord intends to let any premises or any part thereof belonging to him, to his employee, such",Section 18,eng_maharashtra_rent_control_ac.pdf
Identify the legal topic of the following clause.,"Recovery of possession in case of tenancy created during service period.— (1) Where any landlord intends to let any premises or any part thereof belonging to him, to his employee, such",tenancy law,Section 18,eng_maharashtra_rent_control_ac.pdf
Simplify the following tenancy law provision.,"XVIII] The Maharashtra Rent Control Act, 1999 19 landlord and the employee may enter into an agreement in writing to create a service tenancy in respect of the said premises or an agreement in writing to create a service tenancy in respect of the said premises or any part thereof;","XVIII] The Maharashtra Rent Control Act, 1999 19 landlord and the employee may enter into an agreement in writing to create a service tenancy in respect of the said premises or an agreement in writing to create a service tenancy in respect of the said premises or any part thereof;",Section 18,eng_maharashtra_rent_control_ac.pdf
Provide a short summary of this legal provision.,"XVIII] The Maharashtra Rent Control Act, 1999 19 landlord and the employee may enter into an agreement in writing to create a service tenancy in respect of the said premises or an agreement in writing to create a service tenancy in respect of the said premises or any part thereof;","XVIII] The Maharashtra Rent Control Act, 1999 19 landlord and the employee may enter into an agreement in writing to create a service tenancy in respect of the said premises or an agreement in writing to create a service tenancy in respect of the said premises or any part thereof;",Section 18,eng_maharashtra_rent_control_ac.pdf
Identify the legal topic of the following clause.,"XVIII] The Maharashtra Rent Control Act, 1999 19 landlord and the employee may enter into an agreement in writing to create a service tenancy in respect of the said premises or an agreement in writing to create a service tenancy in respect of the said premises or any part thereof;",tenancy law,Section 18,eng_maharashtra_rent_control_ac.pdf
Simplify the following tenancy law provision.,"and notwithstanding anything contained in this Act, the tenancy so created shall remain in force during the period of service or employment of the tenant with the landlord.","and notwithstanding anything contained in this Act, the tenancy so created shall remain in force during the period of service or employment of the tenant with the landlord.",Section 18,eng_maharashtra_rent_control_ac.pdf
Summarize the following tenancy law clause.,"and notwithstanding anything contained in this Act, the tenancy so created shall remain in force during the period of service or employment of the tenant with the landlord.","and notwithstanding anything contained in this Act, the tenancy so created shall remain in force during the period of service or employment of the tenant with the landlord.",Section 18,eng_maharashtra_rent_control_ac.pdf
Identify the legal topic of the following clause.,"and notwithstanding anything contained in this Act, the tenancy so created shall remain in force during the period of service or employment of the tenant with the landlord.",tenancy law,Section 18,eng_maharashtra_rent_control_ac.pdf
Explain the following tenancy law clause in simple terms.,"and on their refusal or failure to do so the Competent Authority may proceed to take action under section 45: Provided that, the Competent Authority may entertain an application under this sub-section after the expiry of the said period, if it is satisfied that the applicant was prevented by sufficient cause from making the application in time: Provided further that, where the tenant is a workman or an employee whose services are terminated and a dispute in respect of such termination is pending before a tribunal, court or any other competent authority, the order for a eviction shall not be passed until such tribunal, court or authority, under the relevant law, finally upholds the order of such termination.","and on their refusal or failure to do so the Competent Authority may proceed to take action under section 45: Provided that, the Competent Authority may entertain an application under this sub-section after the expiry of the said period, if it is satisfied that the applicant was prevented by sufficient cause from making the application in time: Provided further that, where the tenant is a workman or an employee whose services are terminated and a dispute in respect of such termination is pending before a tribunal, court or any other competent authority, the order for a eviction shall not be passed until such tribunal, court or authority, under the relevant law, finally upholds the order of such termination.",Section 18,eng_maharashtra_rent_control_ac.pdf
Summarize the following tenancy law clause.,"and on their refusal or failure to do so the Competent Authority may proceed to take action under section 45: Provided that, the Competent Authority may entertain an application under this sub-section after the expiry of the said period, if it is satisfied that the applicant was prevented by sufficient cause from making the application in time: Provided further that, where the tenant is a workman or an employee whose services are terminated and a dispute in respect of such termination is pending before a tribunal, court or any other competent authority, the order for a eviction shall not be passed until such tribunal, court or authority, under the relevant law, finally upholds the order of such termination.","and on their refusal or failure to do so the Competent Authority may proceed to take action under section 45: Provided that, the Competent Authority may entertain an application under this sub-section after the expiry of the said period, if it is satisfied that the applicant was prevented by sufficient cause from making the application in time: Provided further that, where the tenant is a workman or an employee whose services are terminated and a dispute in respect of such termination is pending before a tribunal, court or any other competent authority, the order for a eviction shall not be passed until such tribunal, court or authority, under the relevant law, finally upholds the order of such termination.",Section 18,eng_maharashtra_rent_control_ac.pdf
Identify the legal topic of the following clause.,"and on their refusal or failure to do so the Competent Authority may proceed to take action under section 45: Provided that, the Competent Authority may entertain an application under this sub-section after the expiry of the said period, if it is satisfied that the applicant was prevented by sufficient cause from making the application in time: Provided further that, where the tenant is a workman or an employee whose services are terminated and a dispute in respect of such termination is pending before a tribunal, court or any other competent authority, the order for a eviction shall not be passed until such tribunal, court or authority, under the relevant law, finally upholds the order of such termination.",tenancy law,Section 18,eng_maharashtra_rent_control_ac.pdf
Explain the following tenancy law clause in simple terms.,"Explanation.— For the purposes of this section, the expression “landlord” shall not include, in respect of sub-tenant, a tenant who has sub-let any premises, or in respect of a deemed tenant, a tenant at whose instance the deemed tenant has come in occupation of any premises.","Explanation.— For the purposes of this section, the expression “landlord” shall not include, in respect of sub-tenant, a tenant who has sub-let any premises, or in respect of a deemed tenant, a tenant at whose instance the deemed tenant has come in occupation of any premises.",Section 18,eng_maharashtra_rent_control_ac.pdf
Provide a short summary of this legal provision.,"Explanation.— For the purposes of this section, the expression “landlord” shall not include, in respect of sub-tenant, a tenant who has sub-let any premises, or in respect of a deemed tenant, a tenant at whose instance the deemed tenant has come in occupation of any premises.","Explanation.— For the purposes of this section, the expression “landlord” shall not include, in respect of sub-tenant, a tenant who has sub-let any premises, or in respect of a deemed tenant, a tenant at whose instance the deemed tenant has come in occupation of any premises.",Section 18,eng_maharashtra_rent_control_ac.pdf
Identify the legal topic of the following clause.,"Explanation.— For the purposes of this section, the expression “landlord” shall not include, in respect of sub-tenant, a tenant who has sub-let any premises, or in respect of a deemed tenant, a tenant at whose instance the deemed tenant has come in occupation of any premises.",tenancy law,Section 18,eng_maharashtra_rent_control_ac.pdf
Explain the following tenancy law clause in simple terms.,"and the Competent Authority shall make an order of eviction on that ground if— (a) in the case of landlord who is a member of the armed forces of the Union, he produces a certificate signed by the authorised officer to the effect that,—","and the Competent Authority shall make an order of eviction on that ground if— (a) in the case of landlord who is a member of the armed forces of the Union, he produces a certificate signed by the authorised officer to the effect that,—",Section 18,eng_maharashtra_rent_control_ac.pdf
Provide a short summary of this legal provision.,"and the Competent Authority shall make an order of eviction on that ground if— (a) in the case of landlord who is a member of the armed forces of the Union, he produces a certificate signed by the authorised officer to the effect that,—","and the Competent Authority shall make an order of eviction on that ground if— (a) in the case of landlord who is a member of the armed forces of the Union, he produces a certificate signed by the authorised officer to the effect that,—",Section 18,eng_maharashtra_rent_control_ac.pdf
Identify the legal topic of the following clause.,"and the Competent Authority shall make an order of eviction on that ground if— (a) in the case of landlord who is a member of the armed forces of the Union, he produces a certificate signed by the authorised officer to the effect that,—",tenancy law,Section 18,eng_maharashtra_rent_control_ac.pdf
Explain the following tenancy law clause in simple terms.,"XVIII (i) he is a member of the armed forces of the Union, or that he was such a member and has retired as such, and (ii) he does not possess any other premises suitable for residence in the local area where the premises are situated;","XVIII (i) he is a member of the armed forces of the Union, or that he was such a member and has retired as such, and (ii) he does not possess any other premises suitable for residence in the local area where the premises are situated;",Section 18,eng_maharashtra_rent_control_ac.pdf
Summarize the following tenancy law clause.,"XVIII (i) he is a member of the armed forces of the Union, or that he was such a member and has retired as such, and (ii) he does not possess any other premises suitable for residence in the local area where the premises are situated;","XVIII (i) he is a member of the armed forces of the Union, or that he was such a member and has retired as such, and (ii) he does not possess any other premises suitable for residence in the local area where the premises are situated;",Section 18,eng_maharashtra_rent_control_ac.pdf
Identify the legal topic of the following clause.,"XVIII (i) he is a member of the armed forces of the Union, or that he was such a member and has retired as such, and (ii) he does not possess any other premises suitable for residence in the local area where the premises are situated;",tenancy law,Section 18,eng_maharashtra_rent_control_ac.pdf
Explain the following tenancy law clause in simple terms.,"or (b) in the case of a landlord who is scientist, he produces a certificate signed by an officer of the Department of Atomic Energy of, or above, of the rank of Deputy Secretary to Government to the effect that,— (i) he is presently holding a scientific post in the Department of Atomic Energy or in any of its aided institutions specified in the certificate or he was holding such post and has now retired with effect from the date specified in the certificate;","or (b) in the case of a landlord who is scientist, he produces a certificate signed by an officer of the Department of Atomic Energy of, or above, of the rank of Deputy Secretary to Government to the effect that,— (i) he is presently holding a scientific post in the Department of Atomic Energy or in any of its aided institutions specified in the certificate or he was holding such post and has now retired with effect from the date specified in the certificate;",Section 18,eng_maharashtra_rent_control_ac.pdf
Provide a short summary of this legal provision.,"or (b) in the case of a landlord who is scientist, he produces a certificate signed by an officer of the Department of Atomic Energy of, or above, of the rank of Deputy Secretary to Government to the effect that,— (i) he is presently holding a scientific post in the Department of Atomic Energy or in any of its aided institutions specified in the certificate or he was holding such post and has now retired with effect from the date specified in the certificate;","or (b) in the case of a landlord who is scientist, he produces a certificate signed by an officer of the Department of Atomic Energy of, or above, of the rank of Deputy Secretary to Government to the effect that,— (i) he is presently holding a scientific post in the Department of Atomic Energy or in any of its aided institutions specified in the certificate or he was holding such post and has now retired with effect from the date specified in the certificate;",Section 18,eng_maharashtra_rent_control_ac.pdf
Identify the legal topic of the following clause.,"or (b) in the case of a landlord who is scientist, he produces a certificate signed by an officer of the Department of Atomic Energy of, or above, of the rank of Deputy Secretary to Government to the effect that,— (i) he is presently holding a scientific post in the Department of Atomic Energy or in any of its aided institutions specified in the certificate or he was holding such post and has now retired with effect from the date specified in the certificate;",tenancy law,Section 18,eng_maharashtra_rent_control_ac.pdf
Interpret this legal clause related to tenancy law.,and (ii) he does not possess any other suitable residence (excluding any residential accommodation provided by Government) in the local area where the premises are situated;,and (ii) he does not possess any other suitable residence (excluding any residential accommodation provided by Government) in the local area where the premises are situated;,Section 18,eng_maharashtra_rent_control_ac.pdf
Provide a short summary of this legal provision.,and (ii) he does not possess any other suitable residence (excluding any residential accommodation provided by Government) in the local area where the premises are situated;,and (ii) he does not possess any other suitable residence (excluding any residential accommodation provided by Government) in the local area where the premises are situated;,Section 18,eng_maharashtra_rent_control_ac.pdf
Identify the legal topic of the following clause.,and (ii) he does not possess any other suitable residence (excluding any residential accommodation provided by Government) in the local area where the premises are situated;,tenancy law,Section 18,eng_maharashtra_rent_control_ac.pdf
Simplify the following tenancy law provision.,and (ii) he does not possesses any other suitable residence (excluding any residential accommodation provided by Government or Public Sector Undertaking) in the local area where the premises are situated;,and (ii) he does not possesses any other suitable residence (excluding any residential accommodation provided by Government or Public Sector Undertaking) in the local area where the premises are situated;,Section 18,eng_maharashtra_rent_control_ac.pdf
Provide a short summary of this legal provision.,and (ii) he does not possesses any other suitable residence (excluding any residential accommodation provided by Government or Public Sector Undertaking) in the local area where the premises are situated;,and (ii) he does not possesses any other suitable residence (excluding any residential accommodation provided by Government or Public Sector Undertaking) in the local area where the premises are situated;,Section 18,eng_maharashtra_rent_control_ac.pdf
Identify the legal topic of the following clause.,and (ii) he does not possesses any other suitable residence (excluding any residential accommodation provided by Government or Public Sector Undertaking) in the local area where the premises are situated;,tenancy law,Section 18,eng_maharashtra_rent_control_ac.pdf
Interpret this legal clause related to tenancy law.,"and the Competent Authority shall make an order of eviction on that ground if,— (a) in the case of the successor-in-interest of a member of the armed forces of the Union, he produces a certificate signed by the authorised officer to the effect that,— (i) a successor-in-interest is a widow or any other member of the family of the deceased member of the armed forces of the Union, who died while in service on the date specified in the certificate (or of a member of the armed forces of the Union who has retired and who died within five years of his retirement on the date specified in the certificate);","and the Competent Authority shall make an order of eviction on that ground if,— (a) in the case of the successor-in-interest of a member of the armed forces of the Union, he produces a certificate signed by the authorised officer to the effect that,— (i) a successor-in-interest is a widow or any other member of the family of the deceased member of the armed forces of the Union, who died while in service on the date specified in the certificate (or of a member of the armed forces of the Union who has retired and who died within five years of his retirement on the date specified in the certificate);",Section 18,eng_maharashtra_rent_control_ac.pdf
Summarize the following tenancy law clause.,"and the Competent Authority shall make an order of eviction on that ground if,— (a) in the case of the successor-in-interest of a member of the armed forces of the Union, he produces a certificate signed by the authorised officer to the effect that,— (i) a successor-in-interest is a widow or any other member of the family of the deceased member of the armed forces of the Union, who died while in service on the date specified in the certificate (or of a member of the armed forces of the Union who has retired and who died within five years of his retirement on the date specified in the certificate);","and the Competent Authority shall make an order of eviction on that ground if,— (a) in the case of the successor-in-interest of a member of the armed forces of the Union, he produces a certificate signed by the authorised officer to the effect that,— (i) a successor-in-interest is a widow or any other member of the family of the deceased member of the armed forces of the Union, who died while in service on the date specified in the certificate (or of a member of the armed forces of the Union who has retired and who died within five years of his retirement on the date specified in the certificate);",Section 18,eng_maharashtra_rent_control_ac.pdf
Identify the legal topic of the following clause.,"and the Competent Authority shall make an order of eviction on that ground if,— (a) in the case of the successor-in-interest of a member of the armed forces of the Union, he produces a certificate signed by the authorised officer to the effect that,— (i) a successor-in-interest is a widow or any other member of the family of the deceased member of the armed forces of the Union, who died while in service on the date specified in the certificate (or of a member of the armed forces of the Union who has retired and who died within five years of his retirement on the date specified in the certificate);",tenancy law,Section 18,eng_maharashtra_rent_control_ac.pdf
Simplify the following tenancy law provision.,and (ii) such a successor-in-interest does not possess any other premises suitable for residence in the local area where such premises are situated;,and (ii) such a successor-in-interest does not possess any other premises suitable for residence in the local area where such premises are situated;,Section 18,eng_maharashtra_rent_control_ac.pdf
Summarize the following tenancy law clause.,and (ii) such a successor-in-interest does not possess any other premises suitable for residence in the local area where such premises are situated;,and (ii) such a successor-in-interest does not possess any other premises suitable for residence in the local area where such premises are situated;,Section 18,eng_maharashtra_rent_control_ac.pdf
Identify the legal topic of the following clause.,and (ii) such a successor-in-interest does not possess any other premises suitable for residence in the local area where such premises are situated;,tenancy law,Section 18,eng_maharashtra_rent_control_ac.pdf
Explain the following tenancy law clause in simple terms.,"XVIII] The Maharashtra Rent Control Act, 1999 21 (ii) such successor-in-interest does not possess any other suitable residence (excluding any residential accommodation provided by Government) in the local area where such premises situated;","XVIII] The Maharashtra Rent Control Act, 1999 21 (ii) such successor-in-interest does not possess any other suitable residence (excluding any residential accommodation provided by Government) in the local area where such premises situated;",Section 18,eng_maharashtra_rent_control_ac.pdf
Provide a short summary of this legal provision.,"XVIII] The Maharashtra Rent Control Act, 1999 21 (ii) such successor-in-interest does not possess any other suitable residence (excluding any residential accommodation provided by Government) in the local area where such premises situated;","XVIII] The Maharashtra Rent Control Act, 1999 21 (ii) such successor-in-interest does not possess any other suitable residence (excluding any residential accommodation provided by Government) in the local area where such premises situated;",Section 18,eng_maharashtra_rent_control_ac.pdf
Identify the legal topic of the following clause.,"XVIII] The Maharashtra Rent Control Act, 1999 21 (ii) such successor-in-interest does not possess any other suitable residence (excluding any residential accommodation provided by Government) in the local area where such premises situated;",tenancy law,Section 18,eng_maharashtra_rent_control_ac.pdf
Simplify the following tenancy law provision.,and (ii) such successor-in-interest does not possess any other suitable residence (excluding any residential accommodation provided by Government or the Public Sector Undertaking) in the local area where such premises are situated.,and (ii) such successor-in-interest does not possess any other suitable residence (excluding any residential accommodation provided by Government or the Public Sector Undertaking) in the local area where such premises are situated.,Section 18,eng_maharashtra_rent_control_ac.pdf
Summarize the following tenancy law clause.,and (ii) such successor-in-interest does not possess any other suitable residence (excluding any residential accommodation provided by Government or the Public Sector Undertaking) in the local area where such premises are situated.,and (ii) such successor-in-interest does not possess any other suitable residence (excluding any residential accommodation provided by Government or the Public Sector Undertaking) in the local area where such premises are situated.,Section 18,eng_maharashtra_rent_control_ac.pdf
Identify the legal topic of the following clause.,and (ii) such successor-in-interest does not possess any other suitable residence (excluding any residential accommodation provided by Government or the Public Sector Undertaking) in the local area where such premises are situated.,tenancy law,Section 18,eng_maharashtra_rent_control_ac.pdf
Explain the following tenancy law clause in simple terms.,"Landlord entitled to recover possession of premises given on licence on expiry.— (1) Notwithstanding anything contained in this Act, a licensee, in possession or occupation of premises given to him on license for residence shall deliver possession of such premises to the landlord on expiry of the period of licence;","Landlord entitled to recover possession of premises given on licence on expiry.— (1) Notwithstanding anything contained in this Act, a licensee, in possession or occupation of premises given to him on license for residence shall deliver possession of such premises to the landlord on expiry of the period of licence;",Section 18,eng_maharashtra_rent_control_ac.pdf
Provide a short summary of this legal provision.,"Landlord entitled to recover possession of premises given on licence on expiry.— (1) Notwithstanding anything contained in this Act, a licensee, in possession or occupation of premises given to him on license for residence shall deliver possession of such premises to the landlord on expiry of the period of licence;","Landlord entitled to recover possession of premises given on licence on expiry.— (1) Notwithstanding anything contained in this Act, a licensee, in possession or occupation of premises given to him on license for residence shall deliver possession of such premises to the landlord on expiry of the period of licence;",Section 18,eng_maharashtra_rent_control_ac.pdf
Identify the legal topic of the following clause.,"Landlord entitled to recover possession of premises given on licence on expiry.— (1) Notwithstanding anything contained in this Act, a licensee, in possession or occupation of premises given to him on license for residence shall deliver possession of such premises to the landlord on expiry of the period of licence;",tenancy law,Section 18,eng_maharashtra_rent_control_ac.pdf
Simplify the following tenancy law provision.,"and on the failure of the licensee to so deliver the possession of the licensed premises, a landlord shall be entitled to recover possession of such premises from a licensee, on the expiry of the period of licence, by making an application to the Competent Authority, and the Competent Authority, on being satisfied that the period of licence has expired, shall pass an order for eviction of a licensee.","and on the failure of the licensee to so deliver the possession of the licensed premises, a landlord shall be entitled to recover possession of such premises from a licensee, on the expiry of the period of licence, by making an application to the Competent Authority, and the Competent Authority, on being satisfied that the period of licence has expired, shall pass an order for eviction of a licensee.",Section 18,eng_maharashtra_rent_control_ac.pdf
Provide a short summary of this legal provision.,"and on the failure of the licensee to so deliver the possession of the licensed premises, a landlord shall be entitled to recover possession of such premises from a licensee, on the expiry of the period of licence, by making an application to the Competent Authority, and the Competent Authority, on being satisfied that the period of licence has expired, shall pass an order for eviction of a licensee.","and on the failure of the licensee to so deliver the possession of the licensed premises, a landlord shall be entitled to recover possession of such premises from a licensee, on the expiry of the period of licence, by making an application to the Competent Authority, and the Competent Authority, on being satisfied that the period of licence has expired, shall pass an order for eviction of a licensee.",Section 18,eng_maharashtra_rent_control_ac.pdf
Identify the legal topic of the following clause.,"and on the failure of the licensee to so deliver the possession of the licensed premises, a landlord shall be entitled to recover possession of such premises from a licensee, on the expiry of the period of licence, by making an application to the Competent Authority, and the Competent Authority, on being satisfied that the period of licence has expired, shall pass an order for eviction of a licensee.",tenancy law,Section 18,eng_maharashtra_rent_control_ac.pdf
Simplify the following tenancy law provision.,"Explanation.— For the purposes of this section,— (a) the expression “landlord” includes a successor-in-interest who becomes the landlord of the premises as a result of death of such landlord;","Explanation.— For the purposes of this section,— (a) the expression “landlord” includes a successor-in-interest who becomes the landlord of the premises as a result of death of such landlord;",Section 18,eng_maharashtra_rent_control_ac.pdf
Provide a short summary of this legal provision.,"Explanation.— For the purposes of this section,— (a) the expression “landlord” includes a successor-in-interest who becomes the landlord of the premises as a result of death of such landlord;","Explanation.— For the purposes of this section,— (a) the expression “landlord” includes a successor-in-interest who becomes the landlord of the premises as a result of death of such landlord;",Section 18,eng_maharashtra_rent_control_ac.pdf
Identify the legal topic of the following clause.,"Explanation.— For the purposes of this section,— (a) the expression “landlord” includes a successor-in-interest who becomes the landlord of the premises as a result of death of such landlord;",tenancy law,Section 18,eng_maharashtra_rent_control_ac.pdf
Simplify the following tenancy law provision.,but does not include a tenant or a sub-tenant who has given premises on license;,but does not include a tenant or a sub-tenant who has given premises on license;,Section 18,eng_maharashtra_rent_control_ac.pdf
Provide a short summary of this legal provision.,but does not include a tenant or a sub-tenant who has given premises on license;,but does not include a tenant or a sub-tenant who has given premises on license;,Section 18,eng_maharashtra_rent_control_ac.pdf
Identify the legal topic of the following clause.,but does not include a tenant or a sub-tenant who has given premises on license;,tenancy law,Section 18,eng_maharashtra_rent_control_ac.pdf
Simplify the following tenancy law provision.,"Certain Sub-tenants to become tenants on determination of tenancy.— When the interest of a tenant of any premises is determined for any reason, any sub-tenant to whom the premises or any part thereof have been lawfully sub-let and such sub-tenancy is subsisting on the date of commencement of this Act or where sub-tenancy is permitted by a contract between the landlord and the tenant, such sub-tenant shall, subject to the provisions of this Act, be deemed to become the tenant of his landlord on the same terms and conditions as he would have held from the tenant if the tenancy had continued.","Certain Sub-tenants to become tenants on determination of tenancy.— When the interest of a tenant of any premises is determined for any reason, any sub-tenant to whom the premises or any part thereof have been lawfully sub-let and such sub-tenancy is subsisting on the date of commencement of this Act or where sub-tenancy is permitted by a contract between the landlord and the tenant, such sub-tenant shall, subject to the provisions of this Act, be deemed to become the tenant of his landlord on the same terms and conditions as he would have held from the tenant if the tenancy had continued.",Section 18,eng_maharashtra_rent_control_ac.pdf
Provide a short summary of this legal provision.,"Certain Sub-tenants to become tenants on determination of tenancy.— When the interest of a tenant of any premises is determined for any reason, any sub-tenant to whom the premises or any part thereof have been lawfully sub-let and such sub-tenancy is subsisting on the date of commencement of this Act or where sub-tenancy is permitted by a contract between the landlord and the tenant, such sub-tenant shall, subject to the provisions of this Act, be deemed to become the tenant of his landlord on the same terms and conditions as he would have held from the tenant if the tenancy had continued.","Certain Sub-tenants to become tenants on determination of tenancy.— When the interest of a tenant of any premises is determined for any reason, any sub-tenant to whom the premises or any part thereof have been lawfully sub-let and such sub-tenancy is subsisting on the date of commencement of this Act or where sub-tenancy is permitted by a contract between the landlord and the tenant, such sub-tenant shall, subject to the provisions of this Act, be deemed to become the tenant of his landlord on the same terms and conditions as he would have held from the tenant if the tenancy had continued.",Section 18,eng_maharashtra_rent_control_ac.pdf
Identify the legal topic of the following clause.,"Certain Sub-tenants to become tenants on determination of tenancy.— When the interest of a tenant of any premises is determined for any reason, any sub-tenant to whom the premises or any part thereof have been lawfully sub-let and such sub-tenancy is subsisting on the date of commencement of this Act or where sub-tenancy is permitted by a contract between the landlord and the tenant, such sub-tenant shall, subject to the provisions of this Act, be deemed to become the tenant of his landlord on the same terms and conditions as he would have held from the tenant if the tenancy had continued.",tenancy law,Section 18,eng_maharashtra_rent_control_ac.pdf
Explain the following tenancy law clause in simple terms.,"State Government or Government allottee to become tenant of premises requisitioned or continued under requisition.— (1) On the 7th December 1996, that is the date of coming into force of Bombay Rents, Hotel and Lodging House Rates Control, Bombay Land Requisition and Bombay Government Premises (Eviction) (Amendment) Act, 1996 (Mah.","State Government or Government allottee to become tenant of premises requisitioned or continued under requisition.— (1) On the 7th December 1996, that is the date of coming into force of Bombay Rents, Hotel and Lodging House Rates Control, Bombay Land Requisition and Bombay Government Premises (Eviction) (Amendment) Act, 1996 (Mah.",Section 18,eng_maharashtra_rent_control_ac.pdf
Summarize the following tenancy law clause.,"State Government or Government allottee to become tenant of premises requisitioned or continued under requisition.— (1) On the 7th December 1996, that is the date of coming into force of Bombay Rents, Hotel and Lodging House Rates Control, Bombay Land Requisition and Bombay Government Premises (Eviction) (Amendment) Act, 1996 (Mah.","State Government or Government allottee to become tenant of premises requisitioned or continued under requisition.— (1) On the 7th December 1996, that is the date of coming into force of Bombay Rents, Hotel and Lodging House Rates Control, Bombay Land Requisition and Bombay Government Premises (Eviction) (Amendment) Act, 1996 (Mah.",Section 18,eng_maharashtra_rent_control_ac.pdf
Identify the legal topic of the following clause.,"State Government or Government allottee to become tenant of premises requisitioned or continued under requisition.— (1) On the 7th December 1996, that is the date of coming into force of Bombay Rents, Hotel and Lodging House Rates Control, Bombay Land Requisition and Bombay Government Premises (Eviction) (Amendment) Act, 1996 (Mah.",tenancy law,Section 18,eng_maharashtra_rent_control_ac.pdf
Explain the following tenancy law clause in simple terms.,"XVI of 1997) (hereinafter in this section referred to as “the said date”),— (a) the State Government, in respect of the premises requisitioned or continued under requisition and allotted to a Government allottee referred to in sub-clause (a) of clause (2) of section 7;","XVI of 1997) (hereinafter in this section referred to as “the said date”),— (a) the State Government, in respect of the premises requisitioned or continued under requisition and allotted to a Government allottee referred to in sub-clause (a) of clause (2) of section 7;",Section 18,eng_maharashtra_rent_control_ac.pdf
Summarize the following tenancy law clause.,"XVI of 1997) (hereinafter in this section referred to as “the said date”),— (a) the State Government, in respect of the premises requisitioned or continued under requisition and allotted to a Government allottee referred to in sub-clause (a) of clause (2) of section 7;","XVI of 1997) (hereinafter in this section referred to as “the said date”),— (a) the State Government, in respect of the premises requisitioned or continued under requisition and allotted to a Government allottee referred to in sub-clause (a) of clause (2) of section 7;",Section 18,eng_maharashtra_rent_control_ac.pdf
Identify the legal topic of the following clause.,"XVI of 1997) (hereinafter in this section referred to as “the said date”),— (a) the State Government, in respect of the premises requisitioned or continued under requisition and allotted to a Government allottee referred to in sub-clause (a) of clause (2) of section 7;",tenancy law,Section 18,eng_maharashtra_rent_control_ac.pdf
Interpret this legal clause related to tenancy law.,"and (b) the Government allottee, in respect of the premises requisitioned or continued under requisition and allotted to him as referred to in sub-clause (b) of clause (2) of section shall, notwithstanding anything contained in this Act, or in the Bombay Land Requisition Act, 1948 (Bom.","and (b) the Government allottee, in respect of the premises requisitioned or continued under requisition and allotted to him as referred to in sub-clause (b) of clause (2) of section shall, notwithstanding anything contained in this Act, or in the Bombay Land Requisition Act, 1948 (Bom.",Section 18,eng_maharashtra_rent_control_ac.pdf
Summarize the following tenancy law clause.,"and (b) the Government allottee, in respect of the premises requisitioned or continued under requisition and allotted to him as referred to in sub-clause (b) of clause (2) of section shall, notwithstanding anything contained in this Act, or in the Bombay Land Requisition Act, 1948 (Bom.","and (b) the Government allottee, in respect of the premises requisitioned or continued under requisition and allotted to him as referred to in sub-clause (b) of clause (2) of section shall, notwithstanding anything contained in this Act, or in the Bombay Land Requisition Act, 1948 (Bom.",Section 18,eng_maharashtra_rent_control_ac.pdf
Identify the legal topic of the following clause.,"and (b) the Government allottee, in respect of the premises requisitioned or continued under requisition and allotted to him as referred to in sub-clause (b) of clause (2) of section shall, notwithstanding anything contained in this Act, or in the Bombay Land Requisition Act, 1948 (Bom.",tenancy law,Section 18,eng_maharashtra_rent_control_ac.pdf
Explain the following tenancy law clause in simple terms.,"XVIII] The Maharashtra Rent Control Act, 1999 23 any judgement, decree or order of any court passed on or after the 11th June 1996, or in any order of eviction issued by the Competent Authority, or by the Appellate Authority, under the Bombay Land Requisition Act, 1948 (Bom.","XVIII] The Maharashtra Rent Control Act, 1999 23 any judgement, decree or order of any court passed on or after the 11th June 1996, or in any order of eviction issued by the Competent Authority, or by the Appellate Authority, under the Bombay Land Requisition Act, 1948 (Bom.",Section 18,eng_maharashtra_rent_control_ac.pdf
Summarize the following tenancy law clause.,"XVIII] The Maharashtra Rent Control Act, 1999 23 any judgement, decree or order of any court passed on or after the 11th June 1996, or in any order of eviction issued by the Competent Authority, or by the Appellate Authority, under the Bombay Land Requisition Act, 1948 (Bom.","XVIII] The Maharashtra Rent Control Act, 1999 23 any judgement, decree or order of any court passed on or after the 11th June 1996, or in any order of eviction issued by the Competent Authority, or by the Appellate Authority, under the Bombay Land Requisition Act, 1948 (Bom.",Section 18,eng_maharashtra_rent_control_ac.pdf
Identify the legal topic of the following clause.,"XVIII] The Maharashtra Rent Control Act, 1999 23 any judgement, decree or order of any court passed on or after the 11th June 1996, or in any order of eviction issued by the Competent Authority, or by the Appellate Authority, under the Bombay Land Requisition Act, 1948 (Bom.",tenancy law,Section 18,eng_maharashtra_rent_control_ac.pdf
Interpret this legal clause related to tenancy law.,"XXXIII of 1948), be deemed to have become, for the purposes of this Act, the tenant of the landlord;","XXXIII of 1948), be deemed to have become, for the purposes of this Act, the tenant of the landlord;",Section 18,eng_maharashtra_rent_control_ac.pdf
Summarize the following tenancy law clause.,"XXXIII of 1948), be deemed to have become, for the purposes of this Act, the tenant of the landlord;","XXXIII of 1948), be deemed to have become, for the purposes of this Act, the tenant of the landlord;",Section 18,eng_maharashtra_rent_control_ac.pdf
Identify the legal topic of the following clause.,"XXXIII of 1948), be deemed to have become, for the purposes of this Act, the tenant of the landlord;",tenancy law,Section 18,eng_maharashtra_rent_control_ac.pdf
Interpret this legal clause related to tenancy law.,"and such premises shall be deemed to have been let by the landlord to the State Government or, as the case may be, to such Government allottee, on payment of rent and permitted increases equal to the amount of compensation payable in respect of the premises immediately before the said date.","and such premises shall be deemed to have been let by the landlord to the State Government or, as the case may be, to such Government allottee, on payment of rent and permitted increases equal to the amount of compensation payable in respect of the premises immediately before the said date.",Section 18,eng_maharashtra_rent_control_ac.pdf
Summarize the following tenancy law clause.,"and such premises shall be deemed to have been let by the landlord to the State Government or, as the case may be, to such Government allottee, on payment of rent and permitted increases equal to the amount of compensation payable in respect of the premises immediately before the said date.","and such premises shall be deemed to have been let by the landlord to the State Government or, as the case may be, to such Government allottee, on payment of rent and permitted increases equal to the amount of compensation payable in respect of the premises immediately before the said date.",Section 18,eng_maharashtra_rent_control_ac.pdf
Identify the legal topic of the following clause.,"and such premises shall be deemed to have been let by the landlord to the State Government or, as the case may be, to such Government allottee, on payment of rent and permitted increases equal to the amount of compensation payable in respect of the premises immediately before the said date.",tenancy law,Section 18,eng_maharashtra_rent_control_ac.pdf
Explain the following tenancy law clause in simple terms.,"Inspection of premises.— The landlord shall be entitled to inspect the premises let or given on licence, at a reasonable time after giving prior notice to the tenant, licensee or occupier.","Inspection of premises.— The landlord shall be entitled to inspect the premises let or given on licence, at a reasonable time after giving prior notice to the tenant, licensee or occupier.",Section 18,eng_maharashtra_rent_control_ac.pdf
Summarize the following tenancy law clause.,"Inspection of premises.— The landlord shall be entitled to inspect the premises let or given on licence, at a reasonable time after giving prior notice to the tenant, licensee or occupier.","Inspection of premises.— The landlord shall be entitled to inspect the premises let or given on licence, at a reasonable time after giving prior notice to the tenant, licensee or occupier.",Section 18,eng_maharashtra_rent_control_ac.pdf
Identify the legal topic of the following clause.,"Inspection of premises.— The landlord shall be entitled to inspect the premises let or given on licence, at a reasonable time after giving prior notice to the tenant, licensee or occupier.",tenancy law,Section 18,eng_maharashtra_rent_control_ac.pdf
Interpret this legal clause related to tenancy law.,"Landlord not to cut-off or withhold essential supply or service.— (1) No landlord, either himself or through any person acting or purporting to act on his behalf, shall, without just or sufficient cause, cut-off or withhold any essential supply or service enjoyed by the tenant in respect of the premises let to him.","Landlord not to cut-off or withhold essential supply or service.— (1) No landlord, either himself or through any person acting or purporting to act on his behalf, shall, without just or sufficient cause, cut-off or withhold any essential supply or service enjoyed by the tenant in respect of the premises let to him.",Section 18,eng_maharashtra_rent_control_ac.pdf
Summarize the following tenancy law clause.,"Landlord not to cut-off or withhold essential supply or service.— (1) No landlord, either himself or through any person acting or purporting to act on his behalf, shall, without just or sufficient cause, cut-off or withhold any essential supply or service enjoyed by the tenant in respect of the premises let to him.","Landlord not to cut-off or withhold essential supply or service.— (1) No landlord, either himself or through any person acting or purporting to act on his behalf, shall, without just or sufficient cause, cut-off or withhold any essential supply or service enjoyed by the tenant in respect of the premises let to him.",Section 18,eng_maharashtra_rent_control_ac.pdf
Identify the legal topic of the following clause.,"Landlord not to cut-off or withhold essential supply or service.— (1) No landlord, either himself or through any person acting or purporting to act on his behalf, shall, without just or sufficient cause, cut-off or withhold any essential supply or service enjoyed by the tenant in respect of the premises let to him.",tenancy law,Section 18,eng_maharashtra_rent_control_ac.pdf
Simplify the following tenancy law provision.,"On the failure of the landlord to comply with such interim order of the court, the landlord shall be liable to the same penalty as is provided for in sub-section (4).","On the failure of the landlord to comply with such interim order of the court, the landlord shall be liable to the same penalty as is provided for in sub-section (4).",Section 18,eng_maharashtra_rent_control_ac.pdf
Provide a short summary of this legal provision.,"On the failure of the landlord to comply with such interim order of the court, the landlord shall be liable to the same penalty as is provided for in sub-section (4).","On the failure of the landlord to comply with such interim order of the court, the landlord shall be liable to the same penalty as is provided for in sub-section (4).",Section 18,eng_maharashtra_rent_control_ac.pdf
Identify the legal topic of the following clause.,"On the failure of the landlord to comply with such interim order of the court, the landlord shall be liable to the same penalty as is provided for in sub-section (4).",tenancy law,Section 18,eng_maharashtra_rent_control_ac.pdf
Interpret this legal clause related to tenancy law.,"Any landlord who fails to restore the supply or service before the date so specified, shall, for each day during which the default continues thereafter, be liable upon further directions by the court, to that effect, to fine which may extend to one hundred rupees.","Any landlord who fails to restore the supply or service before the date so specified, shall, for each day during which the default continues thereafter, be liable upon further directions by the court, to that effect, to fine which may extend to one hundred rupees.",Section 18,eng_maharashtra_rent_control_ac.pdf
Summarize the following tenancy law clause.,"Any landlord who fails to restore the supply or service before the date so specified, shall, for each day during which the default continues thereafter, be liable upon further directions by the court, to that effect, to fine which may extend to one hundred rupees.","Any landlord who fails to restore the supply or service before the date so specified, shall, for each day during which the default continues thereafter, be liable upon further directions by the court, to that effect, to fine which may extend to one hundred rupees.",Section 18,eng_maharashtra_rent_control_ac.pdf
Identify the legal topic of the following clause.,"Any landlord who fails to restore the supply or service before the date so specified, shall, for each day during which the default continues thereafter, be liable upon further directions by the court, to that effect, to fine which may extend to one hundred rupees.",tenancy law,Section 18,eng_maharashtra_rent_control_ac.pdf
Explain the following tenancy law clause in simple terms.,"Conversion of residential into commercial premises prohibited.— (1) A landlord shall not use or permit to be used for a commercial purpose any premises which, on the date of the commencement of this Act, were used for a residential purpose.","Conversion of residential into commercial premises prohibited.— (1) A landlord shall not use or permit to be used for a commercial purpose any premises which, on the date of the commencement of this Act, were used for a residential purpose.",Section 18,eng_maharashtra_rent_control_ac.pdf
Summarize the following tenancy law clause.,"Conversion of residential into commercial premises prohibited.— (1) A landlord shall not use or permit to be used for a commercial purpose any premises which, on the date of the commencement of this Act, were used for a residential purpose.","Conversion of residential into commercial premises prohibited.— (1) A landlord shall not use or permit to be used for a commercial purpose any premises which, on the date of the commencement of this Act, were used for a residential purpose.",Section 18,eng_maharashtra_rent_control_ac.pdf
Identify the legal topic of the following clause.,"Conversion of residential into commercial premises prohibited.— (1) A landlord shall not use or permit to be used for a commercial purpose any premises which, on the date of the commencement of this Act, were used for a residential purpose.",tenancy law,Section 18,eng_maharashtra_rent_control_ac.pdf
Interpret this legal clause related to tenancy law.,Giving receipt for any amount received compulsory.— (1) Every landlord shall give a written receipt for any amount at the time when such amount is received by him in respect of any premises in such form and in such manner as may be prescribed.,Giving receipt for any amount received compulsory.— (1) Every landlord shall give a written receipt for any amount at the time when such amount is received by him in respect of any premises in such form and in such manner as may be prescribed.,Section 18,eng_maharashtra_rent_control_ac.pdf
Summarize the following tenancy law clause.,Giving receipt for any amount received compulsory.— (1) Every landlord shall give a written receipt for any amount at the time when such amount is received by him in respect of any premises in such form and in such manner as may be prescribed.,Giving receipt for any amount received compulsory.— (1) Every landlord shall give a written receipt for any amount at the time when such amount is received by him in respect of any premises in such form and in such manner as may be prescribed.,Section 18,eng_maharashtra_rent_control_ac.pdf
Identify the legal topic of the following clause.,Giving receipt for any amount received compulsory.— (1) Every landlord shall give a written receipt for any amount at the time when such amount is received by him in respect of any premises in such form and in such manner as may be prescribed.,tenancy law,Section 18,eng_maharashtra_rent_control_ac.pdf
Explain the following tenancy law clause in simple terms.,"Recovery of rent according to British Calendar.— (1) Notwithstanding anything contained in any law for the time being in force or any contract, custom of local usage to the contrary, rent payable by the month or year or portion year shall be recovered according to the British Calendar.","Recovery of rent according to British Calendar.— (1) Notwithstanding anything contained in any law for the time being in force or any contract, custom of local usage to the contrary, rent payable by the month or year or portion year shall be recovered according to the British Calendar.",Section 18,eng_maharashtra_rent_control_ac.pdf
Provide a short summary of this legal provision.,"Recovery of rent according to British Calendar.— (1) Notwithstanding anything contained in any law for the time being in force or any contract, custom of local usage to the contrary, rent payable by the month or year or portion year shall be recovered according to the British Calendar.","Recovery of rent according to British Calendar.— (1) Notwithstanding anything contained in any law for the time being in force or any contract, custom of local usage to the contrary, rent payable by the month or year or portion year shall be recovered according to the British Calendar.",Section 18,eng_maharashtra_rent_control_ac.pdf
Identify the legal topic of the following clause.,"Recovery of rent according to British Calendar.— (1) Notwithstanding anything contained in any law for the time being in force or any contract, custom of local usage to the contrary, rent payable by the month or year or portion year shall be recovered according to the British Calendar.",tenancy law,Section 18,eng_maharashtra_rent_control_ac.pdf
Explain the following tenancy law clause in simple terms.,"XVIII] The Maharashtra Rent Control Act, 1999 25 Authority) and subject to the provisions of sub-section (2), no other court shall have jurisdiction to entertain any such suit, proceeding, or application or to deal with such claim or question.","XVIII] The Maharashtra Rent Control Act, 1999 25 Authority) and subject to the provisions of sub-section (2), no other court shall have jurisdiction to entertain any such suit, proceeding, or application or to deal with such claim or question.",Section 18,eng_maharashtra_rent_control_ac.pdf
Summarize the following tenancy law clause.,"XVIII] The Maharashtra Rent Control Act, 1999 25 Authority) and subject to the provisions of sub-section (2), no other court shall have jurisdiction to entertain any such suit, proceeding, or application or to deal with such claim or question.","XVIII] The Maharashtra Rent Control Act, 1999 25 Authority) and subject to the provisions of sub-section (2), no other court shall have jurisdiction to entertain any such suit, proceeding, or application or to deal with such claim or question.",Section 18,eng_maharashtra_rent_control_ac.pdf
Identify the legal topic of the following clause.,"XVIII] The Maharashtra Rent Control Act, 1999 25 Authority) and subject to the provisions of sub-section (2), no other court shall have jurisdiction to entertain any such suit, proceeding, or application or to deal with such claim or question.",tenancy law,Section 18,eng_maharashtra_rent_control_ac.pdf
Interpret this legal clause related to tenancy law.,"Saving of suit involving tittle.— Nothing contained in sections 33 and 34 shall be deemed to bar a party to a suit, proceeding or appeal mentioned therein in which a question of title to premises arises and is determined from using in a competent court to establish, his title to such premises.","Saving of suit involving tittle.— Nothing contained in sections 33 and 34 shall be deemed to bar a party to a suit, proceeding or appeal mentioned therein in which a question of title to premises arises and is determined from using in a competent court to establish, his title to such premises.",Section 18,eng_maharashtra_rent_control_ac.pdf
Summarize the following tenancy law clause.,"Saving of suit involving tittle.— Nothing contained in sections 33 and 34 shall be deemed to bar a party to a suit, proceeding or appeal mentioned therein in which a question of title to premises arises and is determined from using in a competent court to establish, his title to such premises.","Saving of suit involving tittle.— Nothing contained in sections 33 and 34 shall be deemed to bar a party to a suit, proceeding or appeal mentioned therein in which a question of title to premises arises and is determined from using in a competent court to establish, his title to such premises.",Section 18,eng_maharashtra_rent_control_ac.pdf
Identify the legal topic of the following clause.,"Saving of suit involving tittle.— Nothing contained in sections 33 and 34 shall be deemed to bar a party to a suit, proceeding or appeal mentioned therein in which a question of title to premises arises and is determined from using in a competent court to establish, his title to such premises.",tenancy law,Section 18,eng_maharashtra_rent_control_ac.pdf
Interpret this legal clause related to tenancy law.,"Definition of landlord for the purpose of Chapter VIII.— For the purposes this Chapter, landlord means a landlord who is,— (a) a person who has created a service tenancy in respect of his premises or a part thereof in favour of his employee under section 22;","Definition of landlord for the purpose of Chapter VIII.— For the purposes this Chapter, landlord means a landlord who is,— (a) a person who has created a service tenancy in respect of his premises or a part thereof in favour of his employee under section 22;",Section 18,eng_maharashtra_rent_control_ac.pdf
Provide a short summary of this legal provision.,"Definition of landlord for the purpose of Chapter VIII.— For the purposes this Chapter, landlord means a landlord who is,— (a) a person who has created a service tenancy in respect of his premises or a part thereof in favour of his employee under section 22;","Definition of landlord for the purpose of Chapter VIII.— For the purposes this Chapter, landlord means a landlord who is,— (a) a person who has created a service tenancy in respect of his premises or a part thereof in favour of his employee under section 22;",Section 18,eng_maharashtra_rent_control_ac.pdf
Identify the legal topic of the following clause.,"Definition of landlord for the purpose of Chapter VIII.— For the purposes this Chapter, landlord means a landlord who is,— (a) a person who has created a service tenancy in respect of his premises or a part thereof in favour of his employee under section 22;",tenancy law,Section 18,eng_maharashtra_rent_control_ac.pdf
Interpret this legal clause related to tenancy law.,"XVIII] The Maharashtra Rent Control Act, 1999 27 (c) a person who has given premises on licence for residence or a successor-in-interest referred to in section 24.","XVIII] The Maharashtra Rent Control Act, 1999 27 (c) a person who has given premises on licence for residence or a successor-in-interest referred to in section 24.",Section 18,eng_maharashtra_rent_control_ac.pdf
Summarize the following tenancy law clause.,"XVIII] The Maharashtra Rent Control Act, 1999 27 (c) a person who has given premises on licence for residence or a successor-in-interest referred to in section 24.","XVIII] The Maharashtra Rent Control Act, 1999 27 (c) a person who has given premises on licence for residence or a successor-in-interest referred to in section 24.",Section 18,eng_maharashtra_rent_control_ac.pdf
Identify the legal topic of the following clause.,"XVIII] The Maharashtra Rent Control Act, 1999 27 (c) a person who has given premises on licence for residence or a successor-in-interest referred to in section 24.",tenancy law,Section 18,eng_maharashtra_rent_control_ac.pdf
Interpret this legal clause related to tenancy law.,Special procedure for disposal of applications.— (1) Every application by a landlord under this Chapter for the recovery of possession shall be accompanied by such fees as may be prescribed.,Special procedure for disposal of applications.— (1) Every application by a landlord under this Chapter for the recovery of possession shall be accompanied by such fees as may be prescribed.,Section 18,eng_maharashtra_rent_control_ac.pdf
Summarize the following tenancy law clause.,Special procedure for disposal of applications.— (1) Every application by a landlord under this Chapter for the recovery of possession shall be accompanied by such fees as may be prescribed.,Special procedure for disposal of applications.— (1) Every application by a landlord under this Chapter for the recovery of possession shall be accompanied by such fees as may be prescribed.,Section 18,eng_maharashtra_rent_control_ac.pdf
Identify the legal topic of the following clause.,Special procedure for disposal of applications.— (1) Every application by a landlord under this Chapter for the recovery of possession shall be accompanied by such fees as may be prescribed.,tenancy law,Section 18,eng_maharashtra_rent_control_ac.pdf
Explain the following tenancy law clause in simple terms.,Order of Competent Authority to be non-appealable and revision by State Government.— (1) No appeal shall lie against an order for the recovery of possession of any premises made by the Competent Authority in accordance with the procedure specified in section 43.,Order of Competent Authority to be non-appealable and revision by State Government.— (1) No appeal shall lie against an order for the recovery of possession of any premises made by the Competent Authority in accordance with the procedure specified in section 43.,Section 18,eng_maharashtra_rent_control_ac.pdf
Provide a short summary of this legal provision.,Order of Competent Authority to be non-appealable and revision by State Government.— (1) No appeal shall lie against an order for the recovery of possession of any premises made by the Competent Authority in accordance with the procedure specified in section 43.,Order of Competent Authority to be non-appealable and revision by State Government.— (1) No appeal shall lie against an order for the recovery of possession of any premises made by the Competent Authority in accordance with the procedure specified in section 43.,Section 18,eng_maharashtra_rent_control_ac.pdf
Identify the legal topic of the following clause.,Order of Competent Authority to be non-appealable and revision by State Government.— (1) No appeal shall lie against an order for the recovery of possession of any premises made by the Competent Authority in accordance with the procedure specified in section 43.,tenancy law,Section 18,eng_maharashtra_rent_control_ac.pdf
Interpret this legal clause related to tenancy law.,"Effect of refusal or failure to comply with order of eviction.— If any person refuses or fails to comply with the order of eviction made under section 43 within thirty days of the date on which it has become final, the Competent Authority or any other officer duly authorised by the Competent Authority in this behalf, may evict that person from, and take possession of, the premises and deliver the same to the landlord and for that purpose, use such force as may be necessary.","Effect of refusal or failure to comply with order of eviction.— If any person refuses or fails to comply with the order of eviction made under section 43 within thirty days of the date on which it has become final, the Competent Authority or any other officer duly authorised by the Competent Authority in this behalf, may evict that person from, and take possession of, the premises and deliver the same to the landlord and for that purpose, use such force as may be necessary.",Section 18,eng_maharashtra_rent_control_ac.pdf
Provide a short summary of this legal provision.,"Effect of refusal or failure to comply with order of eviction.— If any person refuses or fails to comply with the order of eviction made under section 43 within thirty days of the date on which it has become final, the Competent Authority or any other officer duly authorised by the Competent Authority in this behalf, may evict that person from, and take possession of, the premises and deliver the same to the landlord and for that purpose, use such force as may be necessary.","Effect of refusal or failure to comply with order of eviction.— If any person refuses or fails to comply with the order of eviction made under section 43 within thirty days of the date on which it has become final, the Competent Authority or any other officer duly authorised by the Competent Authority in this behalf, may evict that person from, and take possession of, the premises and deliver the same to the landlord and for that purpose, use such force as may be necessary.",Section 18,eng_maharashtra_rent_control_ac.pdf
Identify the legal topic of the following clause.,"Effect of refusal or failure to comply with order of eviction.— If any person refuses or fails to comply with the order of eviction made under section 43 within thirty days of the date on which it has become final, the Competent Authority or any other officer duly authorised by the Competent Authority in this behalf, may evict that person from, and take possession of, the premises and deliver the same to the landlord and for that purpose, use such force as may be necessary.",tenancy law,Section 18,eng_maharashtra_rent_control_ac.pdf
Explain the following tenancy law clause in simple terms.,"Pending Suits and proceedings in courts.— (1) Subject to sub-section (2), all suits and proceedings filed by landlords, being the landlords referred to in clause (a) or (b) or (c) of section 41 for eviction of tenant on the grounds specified in section 22 or 23 or 24 and pending on the date of commencement of this Act, unless the landlord withdraws the same in relation to relief of recovery of possession of the premises claimed therein, be heard, proceeded with and disposed of by the Court in which such suit or proceeding is pending as if this Act had not been passed.","Pending Suits and proceedings in courts.— (1) Subject to sub-section (2), all suits and proceedings filed by landlords, being the landlords referred to in clause (a) or (b) or (c) of section 41 for eviction of tenant on the grounds specified in section 22 or 23 or 24 and pending on the date of commencement of this Act, unless the landlord withdraws the same in relation to relief of recovery of possession of the premises claimed therein, be heard, proceeded with and disposed of by the Court in which such suit or proceeding is pending as if this Act had not been passed.",Section 18,eng_maharashtra_rent_control_ac.pdf
Provide a short summary of this legal provision.,"Pending Suits and proceedings in courts.— (1) Subject to sub-section (2), all suits and proceedings filed by landlords, being the landlords referred to in clause (a) or (b) or (c) of section 41 for eviction of tenant on the grounds specified in section 22 or 23 or 24 and pending on the date of commencement of this Act, unless the landlord withdraws the same in relation to relief of recovery of possession of the premises claimed therein, be heard, proceeded with and disposed of by the Court in which such suit or proceeding is pending as if this Act had not been passed.","Pending Suits and proceedings in courts.— (1) Subject to sub-section (2), all suits and proceedings filed by landlords, being the landlords referred to in clause (a) or (b) or (c) of section 41 for eviction of tenant on the grounds specified in section 22 or 23 or 24 and pending on the date of commencement of this Act, unless the landlord withdraws the same in relation to relief of recovery of possession of the premises claimed therein, be heard, proceeded with and disposed of by the Court in which such suit or proceeding is pending as if this Act had not been passed.",Section 18,eng_maharashtra_rent_control_ac.pdf
Identify the legal topic of the following clause.,"Pending Suits and proceedings in courts.— (1) Subject to sub-section (2), all suits and proceedings filed by landlords, being the landlords referred to in clause (a) or (b) or (c) of section 41 for eviction of tenant on the grounds specified in section 22 or 23 or 24 and pending on the date of commencement of this Act, unless the landlord withdraws the same in relation to relief of recovery of possession of the premises claimed therein, be heard, proceeded with and disposed of by the Court in which such suit or proceeding is pending as if this Act had not been passed.",tenancy law,Section 18,eng_maharashtra_rent_control_ac.pdf
Interpret this legal clause related to tenancy law.,"Tenancy agreement to be compulsorily registered.— (1) Notwithstanding anything contained in this Act or any other law for the time being in force, any agreement for leave and licence or letting of any premises, entered into between the landlord and the tenant or the licensee, as the case may be, after the commencement of this Act, shall be in writing and shall be registered under the Registration Act, 1908 (XVI of 1908).","Tenancy agreement to be compulsorily registered.— (1) Notwithstanding anything contained in this Act or any other law for the time being in force, any agreement for leave and licence or letting of any premises, entered into between the landlord and the tenant or the licensee, as the case may be, after the commencement of this Act, shall be in writing and shall be registered under the Registration Act, 1908 (XVI of 1908).",Section 18,eng_maharashtra_rent_control_ac.pdf
Summarize the following tenancy law clause.,"Tenancy agreement to be compulsorily registered.— (1) Notwithstanding anything contained in this Act or any other law for the time being in force, any agreement for leave and licence or letting of any premises, entered into between the landlord and the tenant or the licensee, as the case may be, after the commencement of this Act, shall be in writing and shall be registered under the Registration Act, 1908 (XVI of 1908).","Tenancy agreement to be compulsorily registered.— (1) Notwithstanding anything contained in this Act or any other law for the time being in force, any agreement for leave and licence or letting of any premises, entered into between the landlord and the tenant or the licensee, as the case may be, after the commencement of this Act, shall be in writing and shall be registered under the Registration Act, 1908 (XVI of 1908).",Section 18,eng_maharashtra_rent_control_ac.pdf
Identify the legal topic of the following clause.,"Tenancy agreement to be compulsorily registered.— (1) Notwithstanding anything contained in this Act or any other law for the time being in force, any agreement for leave and licence or letting of any premises, entered into between the landlord and the tenant or the licensee, as the case may be, after the commencement of this Act, shall be in writing and shall be registered under the Registration Act, 1908 (XVI of 1908).",tenancy law,Section 18,eng_maharashtra_rent_control_ac.pdf
Explain the following tenancy law clause in simple terms.,"Right of tenant and landlord to receive lawful charges.— Notwithstanding anything contained in this Act, it shall be lawful for,— (i) the tenant or any person acting or purporting to act on behalf of the tenant to claim or receive any sum or any consideration, as a condition of the relinquishment, transfer or assignment of his tenancy of any premises;","Right of tenant and landlord to receive lawful charges.— Notwithstanding anything contained in this Act, it shall be lawful for,— (i) the tenant or any person acting or purporting to act on behalf of the tenant to claim or receive any sum or any consideration, as a condition of the relinquishment, transfer or assignment of his tenancy of any premises;",Section 18,eng_maharashtra_rent_control_ac.pdf
Provide a short summary of this legal provision.,"Right of tenant and landlord to receive lawful charges.— Notwithstanding anything contained in this Act, it shall be lawful for,— (i) the tenant or any person acting or purporting to act on behalf of the tenant to claim or receive any sum or any consideration, as a condition of the relinquishment, transfer or assignment of his tenancy of any premises;","Right of tenant and landlord to receive lawful charges.— Notwithstanding anything contained in this Act, it shall be lawful for,— (i) the tenant or any person acting or purporting to act on behalf of the tenant to claim or receive any sum or any consideration, as a condition of the relinquishment, transfer or assignment of his tenancy of any premises;",Section 18,eng_maharashtra_rent_control_ac.pdf
Identify the legal topic of the following clause.,"Right of tenant and landlord to receive lawful charges.— Notwithstanding anything contained in this Act, it shall be lawful for,— (i) the tenant or any person acting or purporting to act on behalf of the tenant to claim or receive any sum or any consideration, as a condition of the relinquishment, transfer or assignment of his tenancy of any premises;",tenancy law,Section 18,eng_maharashtra_rent_control_ac.pdf
Interpret this legal clause related to tenancy law.,"XVIII (b) the authority from which a declaration, and the manner and the form in which declaration or a certificate from a notified architect asserting that it is necessary to undertake repairs and the extent thereof and estimated cost thereof, to be obtained by the landlord, and the manner and the form in which, a certificate from such authority or such architect confirming that the repairs were carried out in accordance with the declaration, or as the case may be, the certificate aforesaid, and fixing the date of completion of the repairs and the actual expenses thereof, to be obtained by the landlord under clause (b) of sub-section (5) of section 11;","XVIII (b) the authority from which a declaration, and the manner and the form in which declaration or a certificate from a notified architect asserting that it is necessary to undertake repairs and the extent thereof and estimated cost thereof, to be obtained by the landlord, and the manner and the form in which, a certificate from such authority or such architect confirming that the repairs were carried out in accordance with the declaration, or as the case may be, the certificate aforesaid, and fixing the date of completion of the repairs and the actual expenses thereof, to be obtained by the landlord under clause (b) of sub-section (5) of section 11;",Section 18,eng_maharashtra_rent_control_ac.pdf
Provide a short summary of this legal provision.,"XVIII (b) the authority from which a declaration, and the manner and the form in which declaration or a certificate from a notified architect asserting that it is necessary to undertake repairs and the extent thereof and estimated cost thereof, to be obtained by the landlord, and the manner and the form in which, a certificate from such authority or such architect confirming that the repairs were carried out in accordance with the declaration, or as the case may be, the certificate aforesaid, and fixing the date of completion of the repairs and the actual expenses thereof, to be obtained by the landlord under clause (b) of sub-section (5) of section 11;","XVIII (b) the authority from which a declaration, and the manner and the form in which declaration or a certificate from a notified architect asserting that it is necessary to undertake repairs and the extent thereof and estimated cost thereof, to be obtained by the landlord, and the manner and the form in which, a certificate from such authority or such architect confirming that the repairs were carried out in accordance with the declaration, or as the case may be, the certificate aforesaid, and fixing the date of completion of the repairs and the actual expenses thereof, to be obtained by the landlord under clause (b) of sub-section (5) of section 11;",Section 18,eng_maharashtra_rent_control_ac.pdf
Identify the legal topic of the following clause.,"XVIII (b) the authority from which a declaration, and the manner and the form in which declaration or a certificate from a notified architect asserting that it is necessary to undertake repairs and the extent thereof and estimated cost thereof, to be obtained by the landlord, and the manner and the form in which, a certificate from such authority or such architect confirming that the repairs were carried out in accordance with the declaration, or as the case may be, the certificate aforesaid, and fixing the date of completion of the repairs and the actual expenses thereof, to be obtained by the landlord under clause (b) of sub-section (5) of section 11;",tenancy law,Section 18,eng_maharashtra_rent_control_ac.pdf
Interpret this legal clause related to tenancy law.,"and Berar Act XI of 1946) including the Central Provinces and Berar Letting of Houses and Rent Control Order, 1949;","and Berar Act XI of 1946) including the Central Provinces and Berar Letting of Houses and Rent Control Order, 1949;",Section 18,eng_maharashtra_rent_control_ac.pdf
Provide a short summary of this legal provision.,"and Berar Act XI of 1946) including the Central Provinces and Berar Letting of Houses and Rent Control Order, 1949;","and Berar Act XI of 1946) including the Central Provinces and Berar Letting of Houses and Rent Control Order, 1949;",Section 18,eng_maharashtra_rent_control_ac.pdf
Identify the legal topic of the following clause.,"and Berar Act XI of 1946) including the Central Provinces and Berar Letting of Houses and Rent Control Order, 1949;",tenancy law,Section 18,eng_maharashtra_rent_control_ac.pdf
Interpret this legal clause related to tenancy law.,"and (c) the Hyderabad Houses (Rent, Eviction and Lease) Control Act, 1954 (Hyd.","and (c) the Hyderabad Houses (Rent, Eviction and Lease) Control Act, 1954 (Hyd.",Section 18,eng_maharashtra_rent_control_ac.pdf
Provide a short summary of this legal provision.,"and (c) the Hyderabad Houses (Rent, Eviction and Lease) Control Act, 1954 (Hyd.","and (c) the Hyderabad Houses (Rent, Eviction and Lease) Control Act, 1954 (Hyd.",Section 18,eng_maharashtra_rent_control_ac.pdf
Identify the legal topic of the following clause.,"and (c) the Hyderabad Houses (Rent, Eviction and Lease) Control Act, 1954 (Hyd.",tenancy law,Section 18,eng_maharashtra_rent_control_ac.pdf
Explain the following tenancy law clause in simple terms.,"XVIII] The Maharashtra Rent Control Act, 1999 31 (d) all prosecutions instituted under the provisions of any of the repealed Acts shall be effective and disposed of in accordance with the law.","XVIII] The Maharashtra Rent Control Act, 1999 31 (d) all prosecutions instituted under the provisions of any of the repealed Acts shall be effective and disposed of in accordance with the law.",Section 18,eng_maharashtra_rent_control_ac.pdf
Provide a short summary of this legal provision.,"XVIII] The Maharashtra Rent Control Act, 1999 31 (d) all prosecutions instituted under the provisions of any of the repealed Acts shall be effective and disposed of in accordance with the law.","XVIII] The Maharashtra Rent Control Act, 1999 31 (d) all prosecutions instituted under the provisions of any of the repealed Acts shall be effective and disposed of in accordance with the law.",Section 18,eng_maharashtra_rent_control_ac.pdf
Identify the legal topic of the following clause.,"XVIII] The Maharashtra Rent Control Act, 1999 31 (d) all prosecutions instituted under the provisions of any of the repealed Acts shall be effective and disposed of in accordance with the law.",tenancy law,Section 18,eng_maharashtra_rent_control_ac.pdf
Simplify the following tenancy law provision.,"Removal of difficulty.— If any difficulty arises in giving effect to the provisions of this Act unifying, consolidating and amending the laws relating to the control of rent and eviction and other connected matters in the repealed Acts, and as are contained in this Act, the State Government may, as occasion arises, by order do anything which appears to it to be necessary for the purpose of removing the difficulty: Provided that, no such order shall be made after the expiry of the period of two years from the date of commencement of this Act.","Removal of difficulty.— If any difficulty arises in giving effect to the provisions of this Act unifying, consolidating and amending the laws relating to the control of rent and eviction and other connected matters in the repealed Acts, and as are contained in this Act, the State Government may, as occasion arises, by order do anything which appears to it to be necessary for the purpose of removing the difficulty: Provided that, no such order shall be made after the expiry of the period of two years from the date of commencement of this Act.",Section 18,eng_maharashtra_rent_control_ac.pdf
Provide a short summary of this legal provision.,"Removal of difficulty.— If any difficulty arises in giving effect to the provisions of this Act unifying, consolidating and amending the laws relating to the control of rent and eviction and other connected matters in the repealed Acts, and as are contained in this Act, the State Government may, as occasion arises, by order do anything which appears to it to be necessary for the purpose of removing the difficulty: Provided that, no such order shall be made after the expiry of the period of two years from the date of commencement of this Act.","Removal of difficulty.— If any difficulty arises in giving effect to the provisions of this Act unifying, consolidating and amending the laws relating to the control of rent and eviction and other connected matters in the repealed Acts, and as are contained in this Act, the State Government may, as occasion arises, by order do anything which appears to it to be necessary for the purpose of removing the difficulty: Provided that, no such order shall be made after the expiry of the period of two years from the date of commencement of this Act.",Section 18,eng_maharashtra_rent_control_ac.pdf
Identify the legal topic of the following clause.,"Removal of difficulty.— If any difficulty arises in giving effect to the provisions of this Act unifying, consolidating and amending the laws relating to the control of rent and eviction and other connected matters in the repealed Acts, and as are contained in this Act, the State Government may, as occasion arises, by order do anything which appears to it to be necessary for the purpose of removing the difficulty: Provided that, no such order shall be made after the expiry of the period of two years from the date of commencement of this Act.",tenancy law,Section 18,eng_maharashtra_rent_control_ac.pdf
Interpret this legal clause related to tenancy law.,"XX of 1954) were extended before the commencement of the Maharashtra Rent Control Act, 1999 (Mah.","XX of 1954) were extended before the commencement of the Maharashtra Rent Control Act, 1999 (Mah.",Section 18,eng_maharashtra_rent_control_ac.pdf
Provide a short summary of this legal provision.,"XX of 1954) were extended before the commencement of the Maharashtra Rent Control Act, 1999 (Mah.","XX of 1954) were extended before the commencement of the Maharashtra Rent Control Act, 1999 (Mah.",Section 18,eng_maharashtra_rent_control_ac.pdf
Identify the legal topic of the following clause.,"XX of 1954) were extended before the commencement of the Maharashtra Rent Control Act, 1999 (Mah.",tenancy law,Section 18,eng_maharashtra_rent_control_ac.pdf
Interpret this legal clause related to tenancy law.,"XVIII] The Maharashtra Rent Control Act, 1999 33 (1) (2) 22 Wada.","XVIII] The Maharashtra Rent Control Act, 1999 33 (1) (2) 22 Wada.",Section 18,eng_maharashtra_rent_control_ac.pdf
Summarize the following tenancy law clause.,"XVIII] The Maharashtra Rent Control Act, 1999 33 (1) (2) 22 Wada.","XVIII] The Maharashtra Rent Control Act, 1999 33 (1) (2) 22 Wada.",Section 18,eng_maharashtra_rent_control_ac.pdf
Identify the legal topic of the following clause.,"XVIII] The Maharashtra Rent Control Act, 1999 33 (1) (2) 22 Wada.",tenancy law,Section 18,eng_maharashtra_rent_control_ac.pdf
Simplify the following tenancy law provision.,"XVIII] The Maharashtra Rent Control Act, 1999 35 (1) (2) 22 Devlad, Bhanvaj, Rahatvad, Vihari.","XVIII] The Maharashtra Rent Control Act, 1999 35 (1) (2) 22 Devlad, Bhanvaj, Rahatvad, Vihari.",Section 18,eng_maharashtra_rent_control_ac.pdf
Summarize the following tenancy law clause.,"XVIII] The Maharashtra Rent Control Act, 1999 35 (1) (2) 22 Devlad, Bhanvaj, Rahatvad, Vihari.","XVIII] The Maharashtra Rent Control Act, 1999 35 (1) (2) 22 Devlad, Bhanvaj, Rahatvad, Vihari.",Section 18,eng_maharashtra_rent_control_ac.pdf
Identify the legal topic of the following clause.,"XVIII] The Maharashtra Rent Control Act, 1999 35 (1) (2) 22 Devlad, Bhanvaj, Rahatvad, Vihari.",tenancy law,Section 18,eng_maharashtra_rent_control_ac.pdf
Interpret this legal clause related to tenancy law.,"XVIII] The Maharashtra Rent Control Act, 1999 37 (1) (2) 9 Sawada Municipal Council.","XVIII] The Maharashtra Rent Control Act, 1999 37 (1) (2) 9 Sawada Municipal Council.",Section 18,eng_maharashtra_rent_control_ac.pdf
Summarize the following tenancy law clause.,"XVIII] The Maharashtra Rent Control Act, 1999 37 (1) (2) 9 Sawada Municipal Council.","XVIII] The Maharashtra Rent Control Act, 1999 37 (1) (2) 9 Sawada Municipal Council.",Section 18,eng_maharashtra_rent_control_ac.pdf
Identify the legal topic of the following clause.,"XVIII] The Maharashtra Rent Control Act, 1999 37 (1) (2) 9 Sawada Municipal Council.",tenancy law,Section 18,eng_maharashtra_rent_control_ac.pdf
Simplify the following tenancy law provision.,"XVIII] The Maharashtra Rent Control Act, 1999 39 (1) (2) 2 Ichalkaranji Municipal Council.","XVIII] The Maharashtra Rent Control Act, 1999 39 (1) (2) 2 Ichalkaranji Municipal Council.",Section 18,eng_maharashtra_rent_control_ac.pdf
Summarize the following tenancy law clause.,"XVIII] The Maharashtra Rent Control Act, 1999 39 (1) (2) 2 Ichalkaranji Municipal Council.","XVIII] The Maharashtra Rent Control Act, 1999 39 (1) (2) 2 Ichalkaranji Municipal Council.",Section 18,eng_maharashtra_rent_control_ac.pdf
Identify the legal topic of the following clause.,"XVIII] The Maharashtra Rent Control Act, 1999 39 (1) (2) 2 Ichalkaranji Municipal Council.",tenancy law,Section 18,eng_maharashtra_rent_control_ac.pdf
Simplify the following tenancy law provision.,"XVIII] The Maharashtra Rent Control Act, 1999 41 (1) (2) Nagpur District — 1 Nagpur Municipal Corporation.","XVIII] The Maharashtra Rent Control Act, 1999 41 (1) (2) Nagpur District — 1 Nagpur Municipal Corporation.",Section 18,eng_maharashtra_rent_control_ac.pdf
Provide a short summary of this legal provision.,"XVIII] The Maharashtra Rent Control Act, 1999 41 (1) (2) Nagpur District — 1 Nagpur Municipal Corporation.","XVIII] The Maharashtra Rent Control Act, 1999 41 (1) (2) Nagpur District — 1 Nagpur Municipal Corporation.",Section 18,eng_maharashtra_rent_control_ac.pdf
Identify the legal topic of the following clause.,"XVIII] The Maharashtra Rent Control Act, 1999 41 (1) (2) Nagpur District — 1 Nagpur Municipal Corporation.",tenancy law,Section 18,eng_maharashtra_rent_control_ac.pdf
Interpret this legal clause related to tenancy law.,"XVIII] The Maharashtra Rent Control Act, 1999 43 SCHEDULE II [See section 2 (3)] (Area to which the Maharashtra Rent Control Act, 1999 applies) Serial Name of Population of Name of the district in the area which the No.","XVIII] The Maharashtra Rent Control Act, 1999 43 SCHEDULE II [See section 2 (3)] (Area to which the Maharashtra Rent Control Act, 1999 applies) Serial Name of Population of Name of the district in the area which the No.",Section 18,eng_maharashtra_rent_control_ac.pdf
Summarize the following tenancy law clause.,"XVIII] The Maharashtra Rent Control Act, 1999 43 SCHEDULE II [See section 2 (3)] (Area to which the Maharashtra Rent Control Act, 1999 applies) Serial Name of Population of Name of the district in the area which the No.","XVIII] The Maharashtra Rent Control Act, 1999 43 SCHEDULE II [See section 2 (3)] (Area to which the Maharashtra Rent Control Act, 1999 applies) Serial Name of Population of Name of the district in the area which the No.",Section 18,eng_maharashtra_rent_control_ac.pdf
Identify the legal topic of the following clause.,"XVIII] The Maharashtra Rent Control Act, 1999 43 SCHEDULE II [See section 2 (3)] (Area to which the Maharashtra Rent Control Act, 1999 applies) Serial Name of Population of Name of the district in the area which the No.",tenancy law,Section 18,eng_maharashtra_rent_control_ac.pdf
Interpret this legal clause related to tenancy law.,XVIII SCHEDULE III [See section 43 (2)] Form of summons in a case where recovery of possession of premises is prayed of under Chapter XI.,XVIII SCHEDULE III [See section 43 (2)] Form of summons in a case where recovery of possession of premises is prayed of under Chapter XI.,Section 18,eng_maharashtra_rent_control_ac.pdf
Summarize the following tenancy law clause.,XVIII SCHEDULE III [See section 43 (2)] Form of summons in a case where recovery of possession of premises is prayed of under Chapter XI.,XVIII SCHEDULE III [See section 43 (2)] Form of summons in a case where recovery of possession of premises is prayed of under Chapter XI.,Section 18,eng_maharashtra_rent_control_ac.pdf
Identify the legal topic of the following clause.,XVIII SCHEDULE III [See section 43 (2)] Form of summons in a case where recovery of possession of premises is prayed of under Chapter XI.,tenancy law,Section 18,eng_maharashtra_rent_control_ac.pdf
Explain the following tenancy law clause in simple terms.,"WHEREAS Shri…………………………………......filed an application (a copy of which is annexed) for your eviction from (here insert the particulars of the premises) on the ground specified in section 23/24 of the Maharashtra Rent Control Act, 1999.","WHEREAS Shri…………………………………......filed an application (a copy of which is annexed) for your eviction from (here insert the particulars of the premises) on the ground specified in section 23/24 of the Maharashtra Rent Control Act, 1999.",Section 18,eng_maharashtra_rent_control_ac.pdf
Summarize the following tenancy law clause.,"WHEREAS Shri…………………………………......filed an application (a copy of which is annexed) for your eviction from (here insert the particulars of the premises) on the ground specified in section 23/24 of the Maharashtra Rent Control Act, 1999.","WHEREAS Shri…………………………………......filed an application (a copy of which is annexed) for your eviction from (here insert the particulars of the premises) on the ground specified in section 23/24 of the Maharashtra Rent Control Act, 1999.",Section 18,eng_maharashtra_rent_control_ac.pdf
Identify the legal topic of the following clause.,"WHEREAS Shri…………………………………......filed an application (a copy of which is annexed) for your eviction from (here insert the particulars of the premises) on the ground specified in section 23/24 of the Maharashtra Rent Control Act, 1999.",tenancy law,Section 18,eng_maharashtra_rent_control_ac.pdf
Interpret this legal clause related to tenancy law.,"within fifteen days of the service hereof and to obtain the leave of the Competent Authority to contest the application for eviction on the ground aforesaid, in default whereof, the applicant will be entitled at any time after the expiry of the said period of fifteen days to obtain an order for your eviction from the said premises.","within fifteen days of the service hereof and to obtain the leave of the Competent Authority to contest the application for eviction on the ground aforesaid, in default whereof, the applicant will be entitled at any time after the expiry of the said period of fifteen days to obtain an order for your eviction from the said premises.",Section 18,eng_maharashtra_rent_control_ac.pdf
Summarize the following tenancy law clause.,"within fifteen days of the service hereof and to obtain the leave of the Competent Authority to contest the application for eviction on the ground aforesaid, in default whereof, the applicant will be entitled at any time after the expiry of the said period of fifteen days to obtain an order for your eviction from the said premises.","within fifteen days of the service hereof and to obtain the leave of the Competent Authority to contest the application for eviction on the ground aforesaid, in default whereof, the applicant will be entitled at any time after the expiry of the said period of fifteen days to obtain an order for your eviction from the said premises.",Section 18,eng_maharashtra_rent_control_ac.pdf
Identify the legal topic of the following clause.,"within fifteen days of the service hereof and to obtain the leave of the Competent Authority to contest the application for eviction on the ground aforesaid, in default whereof, the applicant will be entitled at any time after the expiry of the said period of fifteen days to obtain an order for your eviction from the said premises.",tenancy law,Section 18,eng_maharashtra_rent_control_ac.pdf
Simplify the following tenancy law provision.,What is Lease Deed (for a term of years) Rent Agreement? A rent or lease agreement is an agreement that lays down pre-discussed terms and conditions under which a property is to be rented or leased between a tenant and landlord.,What is Lease Deed (for a term of years) Rent Agreement? A rent or lease agreement is an agreement that lays down pre-discussed terms and conditions under which a property is to be rented or leased between a tenant and landlord.,Unknown,docum.pdf
Summarize the following tenancy law clause.,What is Lease Deed (for a term of years) Rent Agreement? A rent or lease agreement is an agreement that lays down pre-discussed terms and conditions under which a property is to be rented or leased between a tenant and landlord.,What is Lease Deed (for a term of years) Rent Agreement? A rent or lease agreement is an agreement that lays down pre-discussed terms and conditions under which a property is to be rented or leased between a tenant and landlord.,Unknown,docum.pdf
Identify the legal topic of the following clause.,What is Lease Deed (for a term of years) Rent Agreement? A rent or lease agreement is an agreement that lays down pre-discussed terms and conditions under which a property is to be rented or leased between a tenant and landlord.,tenancy law,Unknown,docum.pdf
Explain the following tenancy law clause in simple terms.,A lease agreement is essentially an agreement for leasing of an immovable property for up to 11 months.,A lease agreement is essentially an agreement for leasing of an immovable property for up to 11 months.,Unknown,docum.pdf
Provide a short summary of this legal provision.,A lease agreement is essentially an agreement for leasing of an immovable property for up to 11 months.,A lease agreement is essentially an agreement for leasing of an immovable property for up to 11 months.,Unknown,docum.pdf
Identify the legal topic of the following clause.,A lease agreement is essentially an agreement for leasing of an immovable property for up to 11 months.,tenancy law,Unknown,docum.pdf
Simplify the following tenancy law provision.,A rent agreement can be an agreement of more than a year.,A rent agreement can be an agreement of more than a year.,Unknown,docum.pdf
Summarize the following tenancy law clause.,A rent agreement can be an agreement of more than a year.,A rent agreement can be an agreement of more than a year.,Unknown,docum.pdf
Identify the legal topic of the following clause.,A rent agreement can be an agreement of more than a year.,tenancy law,Unknown,docum.pdf
Explain the following tenancy law clause in simple terms.,"All important clauses stating the terms, conditions and promises between both the parties must be included in a lease or rent agreement.","All important clauses stating the terms, conditions and promises between both the parties must be included in a lease or rent agreement.",Unknown,docum.pdf
Summarize the following tenancy law clause.,"All important clauses stating the terms, conditions and promises between both the parties must be included in a lease or rent agreement.","All important clauses stating the terms, conditions and promises between both the parties must be included in a lease or rent agreement.",Unknown,docum.pdf
Identify the legal topic of the following clause.,"All important clauses stating the terms, conditions and promises between both the parties must be included in a lease or rent agreement.",tenancy law,Unknown,docum.pdf
Simplify the following tenancy law provision.,Why is Lease Deed (for a term of years) Rent Agreement required? A lease or rent agreement is an essential document that evidences the leasing or renting of an immovable property.,Why is Lease Deed (for a term of years) Rent Agreement required? A lease or rent agreement is an essential document that evidences the leasing or renting of an immovable property.,Unknown,docum.pdf
Provide a short summary of this legal provision.,Why is Lease Deed (for a term of years) Rent Agreement required? A lease or rent agreement is an essential document that evidences the leasing or renting of an immovable property.,Why is Lease Deed (for a term of years) Rent Agreement required? A lease or rent agreement is an essential document that evidences the leasing or renting of an immovable property.,Unknown,docum.pdf
Identify the legal topic of the following clause.,Why is Lease Deed (for a term of years) Rent Agreement required? A lease or rent agreement is an essential document that evidences the leasing or renting of an immovable property.,tenancy law,Unknown,docum.pdf
Explain the following tenancy law clause in simple terms.,"All terms relating to such lease/rent including the time period for such lease and the purpose for which the property must be used, among other terms, must form a part of a rent agreement.","All terms relating to such lease/rent including the time period for such lease and the purpose for which the property must be used, among other terms, must form a part of a rent agreement.",Unknown,docum.pdf
Provide a short summary of this legal provision.,"All terms relating to such lease/rent including the time period for such lease and the purpose for which the property must be used, among other terms, must form a part of a rent agreement.","All terms relating to such lease/rent including the time period for such lease and the purpose for which the property must be used, among other terms, must form a part of a rent agreement.",Unknown,docum.pdf
Identify the legal topic of the following clause.,"All terms relating to such lease/rent including the time period for such lease and the purpose for which the property must be used, among other terms, must form a part of a rent agreement.",tenancy law,Unknown,docum.pdf
Explain the following tenancy law clause in simple terms.,A lease or rent agreement must be drafted in an error free manner in order to protect the interests of both the parties.,A lease or rent agreement must be drafted in an error free manner in order to protect the interests of both the parties.,Unknown,docum.pdf
Summarize the following tenancy law clause.,A lease or rent agreement must be drafted in an error free manner in order to protect the interests of both the parties.,A lease or rent agreement must be drafted in an error free manner in order to protect the interests of both the parties.,Unknown,docum.pdf
Identify the legal topic of the following clause.,A lease or rent agreement must be drafted in an error free manner in order to protect the interests of both the parties.,tenancy law,Unknown,docum.pdf
Interpret this legal clause related to tenancy law.,What should a Lease Deed (for a term of years) Rent Agreement cover? 1.,What should a Lease Deed (for a term of years) Rent Agreement cover? 1.,Unknown,docum.pdf
Provide a short summary of this legal provision.,What should a Lease Deed (for a term of years) Rent Agreement cover? 1.,What should a Lease Deed (for a term of years) Rent Agreement cover? 1.,Unknown,docum.pdf
Identify the legal topic of the following clause.,What should a Lease Deed (for a term of years) Rent Agreement cover? 1.,tenancy law,Unknown,docum.pdf
Interpret this legal clause related to tenancy law.,Draft of Deed of Lease (for a Term of Years) Rent Agreement This Deed of Lease is made at .....,Draft of Deed of Lease (for a Term of Years) Rent Agreement This Deed of Lease is made at .....,Unknown,docum.pdf
Summarize the following tenancy law clause.,Draft of Deed of Lease (for a Term of Years) Rent Agreement This Deed of Lease is made at .....,Draft of Deed of Lease (for a Term of Years) Rent Agreement This Deed of Lease is made at .....,Unknown,docum.pdf
Identify the legal topic of the following clause.,Draft of Deed of Lease (for a Term of Years) Rent Agreement This Deed of Lease is made at .....,tenancy law,Unknown,docum.pdf
Interpret this legal clause related to tenancy law.,WHEREAS the Lessor is absolutely seized and possessed of or otherwise well and sufficiently entitled to the land and premises described in the Schedule hereunder written.,WHEREAS the Lessor is absolutely seized and possessed of or otherwise well and sufficiently entitled to the land and premises described in the Schedule hereunder written.,Unknown,docum.pdf
Summarize the following tenancy law clause.,WHEREAS the Lessor is absolutely seized and possessed of or otherwise well and sufficiently entitled to the land and premises described in the Schedule hereunder written.,WHEREAS the Lessor is absolutely seized and possessed of or otherwise well and sufficiently entitled to the land and premises described in the Schedule hereunder written.,Unknown,docum.pdf
Identify the legal topic of the following clause.,WHEREAS the Lessor is absolutely seized and possessed of or otherwise well and sufficiently entitled to the land and premises described in the Schedule hereunder written.,tenancy law,Unknown,docum.pdf
Interpret this legal clause related to tenancy law.,AND WHEREAS the Lessor has agreed to grant to the Lessee a lease in respect of the said land and premises for a term of ....,AND WHEREAS the Lessor has agreed to grant to the Lessee a lease in respect of the said land and premises for a term of ....,Unknown,docum.pdf
Provide a short summary of this legal provision.,AND WHEREAS the Lessor has agreed to grant to the Lessee a lease in respect of the said land and premises for a term of ....,AND WHEREAS the Lessor has agreed to grant to the Lessee a lease in respect of the said land and premises for a term of ....,Unknown,docum.pdf
Identify the legal topic of the following clause.,AND WHEREAS the Lessor has agreed to grant to the Lessee a lease in respect of the said land and premises for a term of ....,tenancy law,Unknown,docum.pdf
Explain the following tenancy law clause in simple terms.,"In pursuance of the said agreement and in consideration of the rent hereby reserved and of the terms and conditions, convenants and agreements herein contained and on the part of the Lessee to be observed and performed the Lessor doth hereby demise unto the Lessee all that the said land and premises situated at.............…………..and described in the Schedule hereunder written (hereinafter for the brevity's sake referred to as 'the demised premises') to hold the demised premises unto the Lessee (and his heirs, executors, administrators and assigns) for a term of .......","In pursuance of the said agreement and in consideration of the rent hereby reserved and of the terms and conditions, convenants and agreements herein contained and on the part of the Lessee to be observed and performed the Lessor doth hereby demise unto the Lessee all that the said land and premises situated at.............…………..and described in the Schedule hereunder written (hereinafter for the brevity's sake referred to as 'the demised premises') to hold the demised premises unto the Lessee (and his heirs, executors, administrators and assigns) for a term of .......",Unknown,docum.pdf
Provide a short summary of this legal provision.,"In pursuance of the said agreement and in consideration of the rent hereby reserved and of the terms and conditions, convenants and agreements herein contained and on the part of the Lessee to be observed and performed the Lessor doth hereby demise unto the Lessee all that the said land and premises situated at.............…………..and described in the Schedule hereunder written (hereinafter for the brevity's sake referred to as 'the demised premises') to hold the demised premises unto the Lessee (and his heirs, executors, administrators and assigns) for a term of .......","In pursuance of the said agreement and in consideration of the rent hereby reserved and of the terms and conditions, convenants and agreements herein contained and on the part of the Lessee to be observed and performed the Lessor doth hereby demise unto the Lessee all that the said land and premises situated at.............…………..and described in the Schedule hereunder written (hereinafter for the brevity's sake referred to as 'the demised premises') to hold the demised premises unto the Lessee (and his heirs, executors, administrators and assigns) for a term of .......",Unknown,docum.pdf
Identify the legal topic of the following clause.,"In pursuance of the said agreement and in consideration of the rent hereby reserved and of the terms and conditions, convenants and agreements herein contained and on the part of the Lessee to be observed and performed the Lessor doth hereby demise unto the Lessee all that the said land and premises situated at.............…………..and described in the Schedule hereunder written (hereinafter for the brevity's sake referred to as 'the demised premises') to hold the demised premises unto the Lessee (and his heirs, executors, administrators and assigns) for a term of .......",tenancy law,Unknown,docum.pdf
Interpret this legal clause related to tenancy law.,"years commencing from the 1st day of ...……….., 20___, but subject to the earlier determination of this demise as hereinafter provided and yielding and paying therefor during the said term the monthly ground rent of Rs ........","years commencing from the 1st day of ...……….., 20___, but subject to the earlier determination of this demise as hereinafter provided and yielding and paying therefor during the said term the monthly ground rent of Rs ........",Unknown,docum.pdf
Summarize the following tenancy law clause.,"years commencing from the 1st day of ...……….., 20___, but subject to the earlier determination of this demise as hereinafter provided and yielding and paying therefor during the said term the monthly ground rent of Rs ........","years commencing from the 1st day of ...……….., 20___, but subject to the earlier determination of this demise as hereinafter provided and yielding and paying therefor during the said term the monthly ground rent of Rs ........",Unknown,docum.pdf
Identify the legal topic of the following clause.,"years commencing from the 1st day of ...……….., 20___, but subject to the earlier determination of this demise as hereinafter provided and yielding and paying therefor during the said term the monthly ground rent of Rs ........",tenancy law,Unknown,docum.pdf
Interpret this legal clause related to tenancy law.,The first of such monthly ground rent shall be paid on the ___ day of .......,The first of such monthly ground rent shall be paid on the ___ day of .......,Unknown,docum.pdf
Provide a short summary of this legal provision.,The first of such monthly ground rent shall be paid on the ___ day of .......,The first of such monthly ground rent shall be paid on the ___ day of .......,Unknown,docum.pdf
Identify the legal topic of the following clause.,The first of such monthly ground rent shall be paid on the ___ day of .......,tenancy law,Unknown,docum.pdf
Interpret this legal clause related to tenancy law.,and the subsequent rent to be paid on or before the ___ day of every succeeding month regularly.,and the subsequent rent to be paid on or before the ___ day of every succeeding month regularly.,Unknown,docum.pdf
Provide a short summary of this legal provision.,and the subsequent rent to be paid on or before the ___ day of every succeeding month regularly.,and the subsequent rent to be paid on or before the ___ day of every succeeding month regularly.,Unknown,docum.pdf
Identify the legal topic of the following clause.,and the subsequent rent to be paid on or before the ___ day of every succeeding month regularly.,tenancy law,Unknown,docum.pdf
Interpret this legal clause related to tenancy law.,To pay the ground rent hereby reserved on the days and in the manner aforesaid clear of all deductions.,To pay the ground rent hereby reserved on the days and in the manner aforesaid clear of all deductions.,Unknown,docum.pdf
Summarize the following tenancy law clause.,To pay the ground rent hereby reserved on the days and in the manner aforesaid clear of all deductions.,To pay the ground rent hereby reserved on the days and in the manner aforesaid clear of all deductions.,Unknown,docum.pdf
Identify the legal topic of the following clause.,To pay the ground rent hereby reserved on the days and in the manner aforesaid clear of all deductions.,tenancy law,Unknown,docum.pdf
Simplify the following tenancy law provision.,The first of such monthly rent as hereinbefore provided shall be paid on the....,The first of such monthly rent as hereinbefore provided shall be paid on the....,Unknown,docum.pdf
Provide a short summary of this legal provision.,The first of such monthly rent as hereinbefore provided shall be paid on the....,The first of such monthly rent as hereinbefore provided shall be paid on the....,Unknown,docum.pdf
Identify the legal topic of the following clause.,The first of such monthly rent as hereinbefore provided shall be paid on the....,tenancy law,Unknown,docum.pdf
Explain the following tenancy law clause in simple terms.,day of every succeeding month regularly and If the-ground rent is not paid on the due dates the Lessee shall pay interest thereon at the rate of .......,day of every succeeding month regularly and If the-ground rent is not paid on the due dates the Lessee shall pay interest thereon at the rate of .......,Unknown,docum.pdf
Provide a short summary of this legal provision.,day of every succeeding month regularly and If the-ground rent is not paid on the due dates the Lessee shall pay interest thereon at the rate of .......,day of every succeeding month regularly and If the-ground rent is not paid on the due dates the Lessee shall pay interest thereon at the rate of .......,Unknown,docum.pdf
Identify the legal topic of the following clause.,day of every succeeding month regularly and If the-ground rent is not paid on the due dates the Lessee shall pay interest thereon at the rate of .......,tenancy law,Unknown,docum.pdf
Simplify the following tenancy law provision.,"% per annum from the due date till payment, though the payment of Interest shall not entitle the Lessee to make default in payment of rent on due dates.","% per annum from the due date till payment, though the payment of Interest shall not entitle the Lessee to make default in payment of rent on due dates.",Unknown,docum.pdf
Provide a short summary of this legal provision.,"% per annum from the due date till payment, though the payment of Interest shall not entitle the Lessee to make default in payment of rent on due dates.","% per annum from the due date till payment, though the payment of Interest shall not entitle the Lessee to make default in payment of rent on due dates.",Unknown,docum.pdf
Identify the legal topic of the following clause.,"% per annum from the due date till payment, though the payment of Interest shall not entitle the Lessee to make default in payment of rent on due dates.",tenancy law,Unknown,docum.pdf
Explain the following tenancy law clause in simple terms.,"To keep the buildings and structures on the demised premises ,in good and tenantable repairs in the same way as the Lessor is liable to do under the law provided that if the Lessee so desires he shall have power to demolish any existing building or structure without being accountable to the Lessor for the building material of such building and structure and the Lessee shall have also power to construct any new buildings in their place.","To keep the buildings and structures on the demised premises ,in good and tenantable repairs in the same way as the Lessor is liable to do under the law provided that if the Lessee so desires he shall have power to demolish any existing building or structure without being accountable to the Lessor for the building material of such building and structure and the Lessee shall have also power to construct any new buildings in their place.",Unknown,docum.pdf
Summarize the following tenancy law clause.,"To keep the buildings and structures on the demised premises ,in good and tenantable repairs in the same way as the Lessor is liable to do under the law provided that if the Lessee so desires he shall have power to demolish any existing building or structure without being accountable to the Lessor for the building material of such building and structure and the Lessee shall have also power to construct any new buildings in their place.","To keep the buildings and structures on the demised premises ,in good and tenantable repairs in the same way as the Lessor is liable to do under the law provided that if the Lessee so desires he shall have power to demolish any existing building or structure without being accountable to the Lessor for the building material of such building and structure and the Lessee shall have also power to construct any new buildings in their place.",Unknown,docum.pdf
Identify the legal topic of the following clause.,"To keep the buildings and structures on the demised premises ,in good and tenantable repairs in the same way as the Lessor is liable to do under the law provided that if the Lessee so desires he shall have power to demolish any existing building or structure without being accountable to the Lessor for the building material of such building and structure and the Lessee shall have also power to construct any new buildings in their place.",tenancy law,Unknown,docum.pdf
Simplify the following tenancy law provision.,The Lessee shall be at liberty to carry out any additions or alterations to the buildings or structures at present existing on the demised premises or to put up any additional structures or buildings on the demised premises In accordance with the plans approved by the authorities at any time or from time to time during the subsistence of the term hereby created.,The Lessee shall be at liberty to carry out any additions or alterations to the buildings or structures at present existing on the demised premises or to put up any additional structures or buildings on the demised premises In accordance with the plans approved by the authorities at any time or from time to time during the subsistence of the term hereby created.,Unknown,docum.pdf
Provide a short summary of this legal provision.,The Lessee shall be at liberty to carry out any additions or alterations to the buildings or structures at present existing on the demised premises or to put up any additional structures or buildings on the demised premises In accordance with the plans approved by the authorities at any time or from time to time during the subsistence of the term hereby created.,The Lessee shall be at liberty to carry out any additions or alterations to the buildings or structures at present existing on the demised premises or to put up any additional structures or buildings on the demised premises In accordance with the plans approved by the authorities at any time or from time to time during the subsistence of the term hereby created.,Unknown,docum.pdf
Identify the legal topic of the following clause.,The Lessee shall be at liberty to carry out any additions or alterations to the buildings or structures at present existing on the demised premises or to put up any additional structures or buildings on the demised premises In accordance with the plans approved by the authorities at any time or from time to time during the subsistence of the term hereby created.,tenancy law,Unknown,docum.pdf
Interpret this legal clause related to tenancy law.,To use or permit to be used the buildings and structures to be constructed on the demised premises for any and all lawful purposes as may be permitted by the authorities from time to time.,To use or permit to be used the buildings and structures to be constructed on the demised premises for any and all lawful purposes as may be permitted by the authorities from time to time.,Unknown,docum.pdf
Provide a short summary of this legal provision.,To use or permit to be used the buildings and structures to be constructed on the demised premises for any and all lawful purposes as may be permitted by the authorities from time to time.,To use or permit to be used the buildings and structures to be constructed on the demised premises for any and all lawful purposes as may be permitted by the authorities from time to time.,Unknown,docum.pdf
Identify the legal topic of the following clause.,To use or permit to be used the buildings and structures to be constructed on the demised premises for any and all lawful purposes as may be permitted by the authorities from time to time.,tenancy law,Unknown,docum.pdf
Simplify the following tenancy law provision.,the Lessor now has in himself good right full power and absolute authority to demise unto the Lessee the demised premises and the buildings and structures standing thereon In the manner herein appearing………..,the Lessor now has in himself good right full power and absolute authority to demise unto the Lessee the demised premises and the buildings and structures standing thereon In the manner herein appearing………..,Unknown,docum.pdf
Summarize the following tenancy law clause.,the Lessor now has in himself good right full power and absolute authority to demise unto the Lessee the demised premises and the buildings and structures standing thereon In the manner herein appearing………..,the Lessor now has in himself good right full power and absolute authority to demise unto the Lessee the demised premises and the buildings and structures standing thereon In the manner herein appearing………..,Unknown,docum.pdf
Identify the legal topic of the following clause.,the Lessor now has in himself good right full power and absolute authority to demise unto the Lessee the demised premises and the buildings and structures standing thereon In the manner herein appearing………..,tenancy law,Unknown,docum.pdf
Interpret this legal clause related to tenancy law.,"that on the Lessee paying the said monthly ground rent on the due dates thereof and in the manner herein provided and observing and performing the covenants,conditions, and stipulations herein contained and on his part to be observed and performed shall and may peaceably and quietly hold, possess and enjoy the demised premises together with the buildings and structures standing thereon during the term hereby created without any eviction, interruption, disturbance, claim and demand whatsoever by the Lessor or any person or persons lawfully or equitably claiming by, from, under or in trust for him.","that on the Lessee paying the said monthly ground rent on the due dates thereof and in the manner herein provided and observing and performing the covenants,conditions, and stipulations herein contained and on his part to be observed and performed shall and may peaceably and quietly hold, possess and enjoy the demised premises together with the buildings and structures standing thereon during the term hereby created without any eviction, interruption, disturbance, claim and demand whatsoever by the Lessor or any person or persons lawfully or equitably claiming by, from, under or in trust for him.",Unknown,docum.pdf
Summarize the following tenancy law clause.,"that on the Lessee paying the said monthly ground rent on the due dates thereof and in the manner herein provided and observing and performing the covenants,conditions, and stipulations herein contained and on his part to be observed and performed shall and may peaceably and quietly hold, possess and enjoy the demised premises together with the buildings and structures standing thereon during the term hereby created without any eviction, interruption, disturbance, claim and demand whatsoever by the Lessor or any person or persons lawfully or equitably claiming by, from, under or in trust for him.","that on the Lessee paying the said monthly ground rent on the due dates thereof and in the manner herein provided and observing and performing the covenants,conditions, and stipulations herein contained and on his part to be observed and performed shall and may peaceably and quietly hold, possess and enjoy the demised premises together with the buildings and structures standing thereon during the term hereby created without any eviction, interruption, disturbance, claim and demand whatsoever by the Lessor or any person or persons lawfully or equitably claiming by, from, under or in trust for him.",Unknown,docum.pdf
Identify the legal topic of the following clause.,"that on the Lessee paying the said monthly ground rent on the due dates thereof and in the manner herein provided and observing and performing the covenants,conditions, and stipulations herein contained and on his part to be observed and performed shall and may peaceably and quietly hold, possess and enjoy the demised premises together with the buildings and structures standing thereon during the term hereby created without any eviction, interruption, disturbance, claim and demand whatsoever by the Lessor or any person or persons lawfully or equitably claiming by, from, under or in trust for him.",tenancy law,Unknown,docum.pdf
Simplify the following tenancy law provision.,It is hereby agreed and declared that these presents are granted on the express condition that if the said monthly ground rent or any part thereof payable in the manner hereinbefore mentioned shall be an arrears for the space of ......,It is hereby agreed and declared that these presents are granted on the express condition that if the said monthly ground rent or any part thereof payable in the manner hereinbefore mentioned shall be an arrears for the space of ......,Unknown,docum.pdf
Summarize the following tenancy law clause.,It is hereby agreed and declared that these presents are granted on the express condition that if the said monthly ground rent or any part thereof payable in the manner hereinbefore mentioned shall be an arrears for the space of ......,It is hereby agreed and declared that these presents are granted on the express condition that if the said monthly ground rent or any part thereof payable in the manner hereinbefore mentioned shall be an arrears for the space of ......,Unknown,docum.pdf
Identify the legal topic of the following clause.,It is hereby agreed and declared that these presents are granted on the express condition that if the said monthly ground rent or any part thereof payable in the manner hereinbefore mentioned shall be an arrears for the space of ......,tenancy law,Unknown,docum.pdf
Interpret this legal clause related to tenancy law.,"determine but without prejudice to the right of action of the Lessor in respect of any breach of any of the covenants by the Lessee herein contained PROVIDED ALWAYS that, no re-entry shall be made under the foregoing power for breach of the covenants and stipulations herein contained and on the part of the Lessee to be observed and performed (save and except the covenant for payment of rent) unless and until the Lessor shall have given to the Lessee a notice in writing specifying the covenants and conditions or stipulations which require to be complied with or carried out and the Lessee shall have failed to comply with or carry out the same within .....","determine but without prejudice to the right of action of the Lessor in respect of any breach of any of the covenants by the Lessee herein contained PROVIDED ALWAYS that, no re-entry shall be made under the foregoing power for breach of the covenants and stipulations herein contained and on the part of the Lessee to be observed and performed (save and except the covenant for payment of rent) unless and until the Lessor shall have given to the Lessee a notice in writing specifying the covenants and conditions or stipulations which require to be complied with or carried out and the Lessee shall have failed to comply with or carry out the same within .....",Unknown,docum.pdf
Provide a short summary of this legal provision.,"determine but without prejudice to the right of action of the Lessor in respect of any breach of any of the covenants by the Lessee herein contained PROVIDED ALWAYS that, no re-entry shall be made under the foregoing power for breach of the covenants and stipulations herein contained and on the part of the Lessee to be observed and performed (save and except the covenant for payment of rent) unless and until the Lessor shall have given to the Lessee a notice in writing specifying the covenants and conditions or stipulations which require to be complied with or carried out and the Lessee shall have failed to comply with or carry out the same within .....","determine but without prejudice to the right of action of the Lessor in respect of any breach of any of the covenants by the Lessee herein contained PROVIDED ALWAYS that, no re-entry shall be made under the foregoing power for breach of the covenants and stipulations herein contained and on the part of the Lessee to be observed and performed (save and except the covenant for payment of rent) unless and until the Lessor shall have given to the Lessee a notice in writing specifying the covenants and conditions or stipulations which require to be complied with or carried out and the Lessee shall have failed to comply with or carry out the same within .....",Unknown,docum.pdf
Identify the legal topic of the following clause.,"determine but without prejudice to the right of action of the Lessor in respect of any breach of any of the covenants by the Lessee herein contained PROVIDED ALWAYS that, no re-entry shall be made under the foregoing power for breach of the covenants and stipulations herein contained and on the part of the Lessee to be observed and performed (save and except the covenant for payment of rent) unless and until the Lessor shall have given to the Lessee a notice in writing specifying the covenants and conditions or stipulations which require to be complied with or carried out and the Lessee shall have failed to comply with or carry out the same within .....",tenancy law,Unknown,docum.pdf
Simplify the following tenancy law provision.,"The Lessee shall not be entitled, without obtaining In writing the permission of the Lessor, to assign mortgage, sublet (except to the extent of creating monthly tenancies) or otherwise part with possession of the demised premises or any of them or any part thereof and the buildings and structure standing thereon though such permission shall not be unreasonably withheld.","The Lessee shall not be entitled, without obtaining In writing the permission of the Lessor, to assign mortgage, sublet (except to the extent of creating monthly tenancies) or otherwise part with possession of the demised premises or any of them or any part thereof and the buildings and structure standing thereon though such permission shall not be unreasonably withheld.",Unknown,docum.pdf
Provide a short summary of this legal provision.,"The Lessee shall not be entitled, without obtaining In writing the permission of the Lessor, to assign mortgage, sublet (except to the extent of creating monthly tenancies) or otherwise part with possession of the demised premises or any of them or any part thereof and the buildings and structure standing thereon though such permission shall not be unreasonably withheld.","The Lessee shall not be entitled, without obtaining In writing the permission of the Lessor, to assign mortgage, sublet (except to the extent of creating monthly tenancies) or otherwise part with possession of the demised premises or any of them or any part thereof and the buildings and structure standing thereon though such permission shall not be unreasonably withheld.",Unknown,docum.pdf
Identify the legal topic of the following clause.,"The Lessee shall not be entitled, without obtaining In writing the permission of the Lessor, to assign mortgage, sublet (except to the extent of creating monthly tenancies) or otherwise part with possession of the demised premises or any of them or any part thereof and the buildings and structure standing thereon though such permission shall not be unreasonably withheld.",tenancy law,Unknown,docum.pdf
Simplify the following tenancy law provision.,Documents Required for Lease Deed (for a term of years) Rent Agreement There are no specific documents required for the drafting and execution of an agreement for rent/lease.,Documents Required for Lease Deed (for a term of years) Rent Agreement There are no specific documents required for the drafting and execution of an agreement for rent/lease.,Unknown,docum.pdf
Provide a short summary of this legal provision.,Documents Required for Lease Deed (for a term of years) Rent Agreement There are no specific documents required for the drafting and execution of an agreement for rent/lease.,Documents Required for Lease Deed (for a term of years) Rent Agreement There are no specific documents required for the drafting and execution of an agreement for rent/lease.,Unknown,docum.pdf
Identify the legal topic of the following clause.,Documents Required for Lease Deed (for a term of years) Rent Agreement There are no specific documents required for the drafting and execution of an agreement for rent/lease.,tenancy law,Unknown,docum.pdf
Simplify the following tenancy law provision.,Documents evidencing the landlord's clear title of the property in question should also be examined.,Documents evidencing the landlord's clear title of the property in question should also be examined.,Unknown,docum.pdf
Provide a short summary of this legal provision.,Documents evidencing the landlord's clear title of the property in question should also be examined.,Documents evidencing the landlord's clear title of the property in question should also be examined.,Unknown,docum.pdf
Identify the legal topic of the following clause.,Documents evidencing the landlord's clear title of the property in question should also be examined.,tenancy law,Unknown,docum.pdf
Simplify the following tenancy law provision.,Procedure for Lease Deed (for a term of years) Rent Agreement No set procedure is applicable in the making of a rent/lease agreement.,Procedure for Lease Deed (for a term of years) Rent Agreement No set procedure is applicable in the making of a rent/lease agreement.,Unknown,docum.pdf
Summarize the following tenancy law clause.,Procedure for Lease Deed (for a term of years) Rent Agreement No set procedure is applicable in the making of a rent/lease agreement.,Procedure for Lease Deed (for a term of years) Rent Agreement No set procedure is applicable in the making of a rent/lease agreement.,Unknown,docum.pdf
Identify the legal topic of the following clause.,Procedure for Lease Deed (for a term of years) Rent Agreement No set procedure is applicable in the making of a rent/lease agreement.,tenancy law,Unknown,docum.pdf
Simplify the following tenancy law provision.,The agreement for rent/lease must be printed on stamp paper/e-stamp paper of proper value,The agreement for rent/lease must be printed on stamp paper/e-stamp paper of proper value,Unknown,docum.pdf
Provide a short summary of this legal provision.,The agreement for rent/lease must be printed on stamp paper/e-stamp paper of proper value,The agreement for rent/lease must be printed on stamp paper/e-stamp paper of proper value,Unknown,docum.pdf
Identify the legal topic of the following clause.,The agreement for rent/lease must be printed on stamp paper/e-stamp paper of proper value,tenancy law,Unknown,docum.pdf
Simplify the following tenancy law provision.,"If the rent period is of more than 11 months, the agreement is mandatorily required to be registered according to state laws.","If the rent period is of more than 11 months, the agreement is mandatorily required to be registered according to state laws.",Unknown,docum.pdf
Provide a short summary of this legal provision.,"If the rent period is of more than 11 months, the agreement is mandatorily required to be registered according to state laws.","If the rent period is of more than 11 months, the agreement is mandatorily required to be registered according to state laws.",Unknown,docum.pdf
Identify the legal topic of the following clause.,"If the rent period is of more than 11 months, the agreement is mandatorily required to be registered according to state laws.",tenancy law,Unknown,docum.pdf
Simplify the following tenancy law provision.,"Legal Considerations for Lease Deed (for a term of years) Rent Agreement A rent or lease agreement is required to be printed on stamp paper of correct value, as per laws in different States.","Legal Considerations for Lease Deed (for a term of years) Rent Agreement A rent or lease agreement is required to be printed on stamp paper of correct value, as per laws in different States.",Unknown,docum.pdf
Summarize the following tenancy law clause.,"Legal Considerations for Lease Deed (for a term of years) Rent Agreement A rent or lease agreement is required to be printed on stamp paper of correct value, as per laws in different States.","Legal Considerations for Lease Deed (for a term of years) Rent Agreement A rent or lease agreement is required to be printed on stamp paper of correct value, as per laws in different States.",Unknown,docum.pdf
Identify the legal topic of the following clause.,"Legal Considerations for Lease Deed (for a term of years) Rent Agreement A rent or lease agreement is required to be printed on stamp paper of correct value, as per laws in different States.",tenancy law,Unknown,docum.pdf
Interpret this legal clause related to tenancy law.,"If the lease agreement is up to 11 months, it does not mandatorily need registration.","If the lease agreement is up to 11 months, it does not mandatorily need registration.",Unknown,docum.pdf
Summarize the following tenancy law clause.,"If the lease agreement is up to 11 months, it does not mandatorily need registration.","If the lease agreement is up to 11 months, it does not mandatorily need registration.",Unknown,docum.pdf
Identify the legal topic of the following clause.,"If the lease agreement is up to 11 months, it does not mandatorily need registration.",tenancy law,Unknown,docum.pdf
Interpret this legal clause related to tenancy law.,"However, a rent agreement more than 11 months is required to be registered.","However, a rent agreement more than 11 months is required to be registered.",Unknown,docum.pdf
Provide a short summary of this legal provision.,"However, a rent agreement more than 11 months is required to be registered.","However, a rent agreement more than 11 months is required to be registered.",Unknown,docum.pdf
Identify the legal topic of the following clause.,"However, a rent agreement more than 11 months is required to be registered.",tenancy law,Unknown,docum.pdf
Interpret this legal clause related to tenancy law.,How can a lawyer help to draft Lease Deed (for a term of years) Rent Agreement? One of the first and the most important steps that you must undertake is to hire a good documentation lawyer as he/she is aware of the nitty gritty of the legal procedures and necessary requirements involved in drafting of rent/lease agreements.,How can a lawyer help to draft Lease Deed (for a term of years) Rent Agreement? One of the first and the most important steps that you must undertake is to hire a good documentation lawyer as he/she is aware of the nitty gritty of the legal procedures and necessary requirements involved in drafting of rent/lease agreements.,Unknown,docum.pdf
Provide a short summary of this legal provision.,How can a lawyer help to draft Lease Deed (for a term of years) Rent Agreement? One of the first and the most important steps that you must undertake is to hire a good documentation lawyer as he/she is aware of the nitty gritty of the legal procedures and necessary requirements involved in drafting of rent/lease agreements.,How can a lawyer help to draft Lease Deed (for a term of years) Rent Agreement? One of the first and the most important steps that you must undertake is to hire a good documentation lawyer as he/she is aware of the nitty gritty of the legal procedures and necessary requirements involved in drafting of rent/lease agreements.,Unknown,docum.pdf
Identify the legal topic of the following clause.,How can a lawyer help to draft Lease Deed (for a term of years) Rent Agreement? One of the first and the most important steps that you must undertake is to hire a good documentation lawyer as he/she is aware of the nitty gritty of the legal procedures and necessary requirements involved in drafting of rent/lease agreements.,tenancy law,Unknown,docum.pdf
Explain the following tenancy law clause in simple terms.,"Even if you have received a rent/lease agreement from the other party, it is the best step to hire a lawyer to proofread / vet the agreement before signing, in order to ensure that the terms and conditions stated in agreement are not against your interests or that it is not a one-sided agreement.","Even if you have received a rent/lease agreement from the other party, it is the best step to hire a lawyer to proofread / vet the agreement before signing, in order to ensure that the terms and conditions stated in agreement are not against your interests or that it is not a one-sided agreement.",Unknown,docum.pdf
Provide a short summary of this legal provision.,"Even if you have received a rent/lease agreement from the other party, it is the best step to hire a lawyer to proofread / vet the agreement before signing, in order to ensure that the terms and conditions stated in agreement are not against your interests or that it is not a one-sided agreement.","Even if you have received a rent/lease agreement from the other party, it is the best step to hire a lawyer to proofread / vet the agreement before signing, in order to ensure that the terms and conditions stated in agreement are not against your interests or that it is not a one-sided agreement.",Unknown,docum.pdf
Identify the legal topic of the following clause.,"Even if you have received a rent/lease agreement from the other party, it is the best step to hire a lawyer to proofread / vet the agreement before signing, in order to ensure that the terms and conditions stated in agreement are not against your interests or that it is not a one-sided agreement.",tenancy law,Unknown,docum.pdf
Explain the following tenancy law clause in simple terms.,The Settlers have therefore proposed to dedicate the said house and premises to the said Deity and to continue to worship the same and with these objects they have decided to create a private Trust of the said property.,The Settlers have therefore proposed to dedicate the said house and premises to the said Deity and to continue to worship the same and with these objects they have decided to create a private Trust of the said property.,Unknown,docum.pdf
Provide a short summary of this legal provision.,The Settlers have therefore proposed to dedicate the said house and premises to the said Deity and to continue to worship the same and with these objects they have decided to create a private Trust of the said property.,The Settlers have therefore proposed to dedicate the said house and premises to the said Deity and to continue to worship the same and with these objects they have decided to create a private Trust of the said property.,Unknown,docum.pdf
Identify the legal topic of the following clause.,The Settlers have therefore proposed to dedicate the said house and premises to the said Deity and to continue to worship the same and with these objects they have decided to create a private Trust of the said property.,tenancy law,Unknown,docum.pdf
Explain the following tenancy law clause in simple terms.,NOW this Deed witnesseth that pursuant to the said desire of the settlers and in the premises aforesaid the settlers do and each of them doth hereby grant and transfer the said house with the land appurtenant thereto situate at...........,NOW this Deed witnesseth that pursuant to the said desire of the settlers and in the premises aforesaid the settlers do and each of them doth hereby grant and transfer the said house with the land appurtenant thereto situate at...........,Unknown,docum.pdf
Summarize the following tenancy law clause.,NOW this Deed witnesseth that pursuant to the said desire of the settlers and in the premises aforesaid the settlers do and each of them doth hereby grant and transfer the said house with the land appurtenant thereto situate at...........,NOW this Deed witnesseth that pursuant to the said desire of the settlers and in the premises aforesaid the settlers do and each of them doth hereby grant and transfer the said house with the land appurtenant thereto situate at...........,Unknown,docum.pdf
Identify the legal topic of the following clause.,NOW this Deed witnesseth that pursuant to the said desire of the settlers and in the premises aforesaid the settlers do and each of them doth hereby grant and transfer the said house with the land appurtenant thereto situate at...........,tenancy law,Unknown,docum.pdf
Explain the following tenancy law clause in simple terms.,"AND WHEREAS the Centre is a member of ________________ Society, having its registered address at____________ and hereinafter referred to as the ""said Society"" and is in possession, use and occupation of the premises _________________, hereinafter referred to as the ""said Premises"".","AND WHEREAS the Centre is a member of ________________ Society, having its registered address at____________ and hereinafter referred to as the ""said Society"" and is in possession, use and occupation of the premises _________________, hereinafter referred to as the ""said Premises"".",Unknown,docum.pdf
Provide a short summary of this legal provision.,"AND WHEREAS the Centre is a member of ________________ Society, having its registered address at____________ and hereinafter referred to as the ""said Society"" and is in possession, use and occupation of the premises _________________, hereinafter referred to as the ""said Premises"".","AND WHEREAS the Centre is a member of ________________ Society, having its registered address at____________ and hereinafter referred to as the ""said Society"" and is in possession, use and occupation of the premises _________________, hereinafter referred to as the ""said Premises"".",Unknown,docum.pdf
Identify the legal topic of the following clause.,"AND WHEREAS the Centre is a member of ________________ Society, having its registered address at____________ and hereinafter referred to as the ""said Society"" and is in possession, use and occupation of the premises _________________, hereinafter referred to as the ""said Premises"".",tenancy law,Unknown,docum.pdf
Interpret this legal clause related to tenancy law.,AND WHEREAS the Centre is carrying on the business of providing office services in the name and style of ------------------- at the said premises --------------------------------- and for that purpose has made arrangements to render office facilities and services to persons who require such facilities for their business temporarily and on contract;,AND WHEREAS the Centre is carrying on the business of providing office services in the name and style of ------------------- at the said premises --------------------------------- and for that purpose has made arrangements to render office facilities and services to persons who require such facilities for their business temporarily and on contract;,Unknown,docum.pdf
Provide a short summary of this legal provision.,AND WHEREAS the Centre is carrying on the business of providing office services in the name and style of ------------------- at the said premises --------------------------------- and for that purpose has made arrangements to render office facilities and services to persons who require such facilities for their business temporarily and on contract;,AND WHEREAS the Centre is carrying on the business of providing office services in the name and style of ------------------- at the said premises --------------------------------- and for that purpose has made arrangements to render office facilities and services to persons who require such facilities for their business temporarily and on contract;,Unknown,docum.pdf
Identify the legal topic of the following clause.,AND WHEREAS the Centre is carrying on the business of providing office services in the name and style of ------------------- at the said premises --------------------------------- and for that purpose has made arrangements to render office facilities and services to persons who require such facilities for their business temporarily and on contract;,tenancy law,Unknown,docum.pdf
Simplify the following tenancy law provision.,"The Centre hereby agrees to grant to the Client certain office facilities in the said premises as set out herein to more conveniently carry on its said business in the name and style of --------- --------------- and as incidental to such office services the Centre has permitted the Client to use until otherwise decided, a portion of the said premises and also to make available other ancillary office facilities, amenities, conveniences and services therein.","The Centre hereby agrees to grant to the Client certain office facilities in the said premises as set out herein to more conveniently carry on its said business in the name and style of --------- --------------- and as incidental to such office services the Centre has permitted the Client to use until otherwise decided, a portion of the said premises and also to make available other ancillary office facilities, amenities, conveniences and services therein.",Unknown,docum.pdf
Provide a short summary of this legal provision.,"The Centre hereby agrees to grant to the Client certain office facilities in the said premises as set out herein to more conveniently carry on its said business in the name and style of --------- --------------- and as incidental to such office services the Centre has permitted the Client to use until otherwise decided, a portion of the said premises and also to make available other ancillary office facilities, amenities, conveniences and services therein.","The Centre hereby agrees to grant to the Client certain office facilities in the said premises as set out herein to more conveniently carry on its said business in the name and style of --------- --------------- and as incidental to such office services the Centre has permitted the Client to use until otherwise decided, a portion of the said premises and also to make available other ancillary office facilities, amenities, conveniences and services therein.",Unknown,docum.pdf
Identify the legal topic of the following clause.,"The Centre hereby agrees to grant to the Client certain office facilities in the said premises as set out herein to more conveniently carry on its said business in the name and style of --------- --------------- and as incidental to such office services the Centre has permitted the Client to use until otherwise decided, a portion of the said premises and also to make available other ancillary office facilities, amenities, conveniences and services therein.",tenancy law,Unknown,docum.pdf
Interpret this legal clause related to tenancy law.,"to occupy and use a portion of the Business Centre at the said premises for itself, its bonafide employees and visitors, for the purpose of carrying on the client's said business ii.","to occupy and use a portion of the Business Centre at the said premises for itself, its bonafide employees and visitors, for the purpose of carrying on the client's said business ii.",Unknown,docum.pdf
Summarize the following tenancy law clause.,"to occupy and use a portion of the Business Centre at the said premises for itself, its bonafide employees and visitors, for the purpose of carrying on the client's said business ii.","to occupy and use a portion of the Business Centre at the said premises for itself, its bonafide employees and visitors, for the purpose of carrying on the client's said business ii.",Unknown,docum.pdf
Identify the legal topic of the following clause.,"to occupy and use a portion of the Business Centre at the said premises for itself, its bonafide employees and visitors, for the purpose of carrying on the client's said business ii.",tenancy law,Unknown,docum.pdf
Explain the following tenancy law clause in simple terms.,not to allow or permit any outsiders to use the premises or any part thereof.,not to allow or permit any outsiders to use the premises or any part thereof.,Unknown,docum.pdf
Summarize the following tenancy law clause.,not to allow or permit any outsiders to use the premises or any part thereof.,not to allow or permit any outsiders to use the premises or any part thereof.,Unknown,docum.pdf
Identify the legal topic of the following clause.,not to allow or permit any outsiders to use the premises or any part thereof.,tenancy law,Unknown,docum.pdf
Interpret this legal clause related to tenancy law.,h.Not to do or suffer to be done anything in or around the said premises which is or is likely to cause prejudice to the rights and entitlements of the Centre as the member of the Society.,h.Not to do or suffer to be done anything in or around the said premises which is or is likely to cause prejudice to the rights and entitlements of the Centre as the member of the Society.,Unknown,docum.pdf
Provide a short summary of this legal provision.,h.Not to do or suffer to be done anything in or around the said premises which is or is likely to cause prejudice to the rights and entitlements of the Centre as the member of the Society.,h.Not to do or suffer to be done anything in or around the said premises which is or is likely to cause prejudice to the rights and entitlements of the Centre as the member of the Society.,Unknown,docum.pdf
Identify the legal topic of the following clause.,h.Not to do or suffer to be done anything in or around the said premises which is or is likely to cause prejudice to the rights and entitlements of the Centre as the member of the Society.,tenancy law,Unknown,docum.pdf
Explain the following tenancy law clause in simple terms.,"Not to make any structural or other alterations, modifications or additions in the said premises, except with the prior written consent of the Centre which shall not be unreasonably withheld.","Not to make any structural or other alterations, modifications or additions in the said premises, except with the prior written consent of the Centre which shall not be unreasonably withheld.",Unknown,docum.pdf
Summarize the following tenancy law clause.,"Not to make any structural or other alterations, modifications or additions in the said premises, except with the prior written consent of the Centre which shall not be unreasonably withheld.","Not to make any structural or other alterations, modifications or additions in the said premises, except with the prior written consent of the Centre which shall not be unreasonably withheld.",Unknown,docum.pdf
Identify the legal topic of the following clause.,"Not to make any structural or other alterations, modifications or additions in the said premises, except with the prior written consent of the Centre which shall not be unreasonably withheld.",tenancy law,Unknown,docum.pdf
Interpret this legal clause related to tenancy law.,"Not to alter or change the original colour on the outer or inner wall of the said premises, except with the written consent of the Centre.","Not to alter or change the original colour on the outer or inner wall of the said premises, except with the written consent of the Centre.",Unknown,docum.pdf
Provide a short summary of this legal provision.,"Not to alter or change the original colour on the outer or inner wall of the said premises, except with the written consent of the Centre.","Not to alter or change the original colour on the outer or inner wall of the said premises, except with the written consent of the Centre.",Unknown,docum.pdf
Identify the legal topic of the following clause.,"Not to alter or change the original colour on the outer or inner wall of the said premises, except with the written consent of the Centre.",tenancy law,Unknown,docum.pdf
Explain the following tenancy law clause in simple terms.,These bills shall be paid by the Client within a week and in any event before demanding refund of the security deposit amount deposited by the Client with the Centre.,These bills shall be paid by the Client within a week and in any event before demanding refund of the security deposit amount deposited by the Client with the Centre.,Unknown,docum.pdf
Summarize the following tenancy law clause.,These bills shall be paid by the Client within a week and in any event before demanding refund of the security deposit amount deposited by the Client with the Centre.,These bills shall be paid by the Client within a week and in any event before demanding refund of the security deposit amount deposited by the Client with the Centre.,Unknown,docum.pdf
Identify the legal topic of the following clause.,These bills shall be paid by the Client within a week and in any event before demanding refund of the security deposit amount deposited by the Client with the Centre.,tenancy law,Unknown,docum.pdf
Simplify the following tenancy law provision.,"No tenancy, leave and license or any other protected rights whatsoever permitting the Client or its employees to come upon and use the said premises or any part thereof is created or intended or sought to be created by these presents and the parties hereto shall not plead any oral variation to the provisions thereof.","No tenancy, leave and license or any other protected rights whatsoever permitting the Client or its employees to come upon and use the said premises or any part thereof is created or intended or sought to be created by these presents and the parties hereto shall not plead any oral variation to the provisions thereof.",Unknown,docum.pdf
Provide a short summary of this legal provision.,"No tenancy, leave and license or any other protected rights whatsoever permitting the Client or its employees to come upon and use the said premises or any part thereof is created or intended or sought to be created by these presents and the parties hereto shall not plead any oral variation to the provisions thereof.","No tenancy, leave and license or any other protected rights whatsoever permitting the Client or its employees to come upon and use the said premises or any part thereof is created or intended or sought to be created by these presents and the parties hereto shall not plead any oral variation to the provisions thereof.",Unknown,docum.pdf
Identify the legal topic of the following clause.,"No tenancy, leave and license or any other protected rights whatsoever permitting the Client or its employees to come upon and use the said premises or any part thereof is created or intended or sought to be created by these presents and the parties hereto shall not plead any oral variation to the provisions thereof.",tenancy law,Unknown,docum.pdf
Simplify the following tenancy law provision.,The Client shall be allowed to display its name board outside the premises at the place allotted by the Centre.,The Client shall be allowed to display its name board outside the premises at the place allotted by the Centre.,Unknown,docum.pdf
Provide a short summary of this legal provision.,The Client shall be allowed to display its name board outside the premises at the place allotted by the Centre.,The Client shall be allowed to display its name board outside the premises at the place allotted by the Centre.,Unknown,docum.pdf
Identify the legal topic of the following clause.,The Client shall be allowed to display its name board outside the premises at the place allotted by the Centre.,tenancy law,Unknown,docum.pdf
Interpret this legal clause related to tenancy law.,"from the date of receipt of the bill, the arrangement herein shall not be extended and thereupon on expiry of the two weeks, the Centre shall be entitled to prevent access to the Client and its employees in to the said premises and every part thereof and allow the Client one day's time to remove its belongings.","from the date of receipt of the bill, the arrangement herein shall not be extended and thereupon on expiry of the two weeks, the Centre shall be entitled to prevent access to the Client and its employees in to the said premises and every part thereof and allow the Client one day's time to remove its belongings.",Unknown,docum.pdf
Provide a short summary of this legal provision.,"from the date of receipt of the bill, the arrangement herein shall not be extended and thereupon on expiry of the two weeks, the Centre shall be entitled to prevent access to the Client and its employees in to the said premises and every part thereof and allow the Client one day's time to remove its belongings.","from the date of receipt of the bill, the arrangement herein shall not be extended and thereupon on expiry of the two weeks, the Centre shall be entitled to prevent access to the Client and its employees in to the said premises and every part thereof and allow the Client one day's time to remove its belongings.",Unknown,docum.pdf
Identify the legal topic of the following clause.,"from the date of receipt of the bill, the arrangement herein shall not be extended and thereupon on expiry of the two weeks, the Centre shall be entitled to prevent access to the Client and its employees in to the said premises and every part thereof and allow the Client one day's time to remove its belongings.",tenancy law,Unknown,docum.pdf
Simplify the following tenancy law provision.,"In the event of the Client refusing or neglecting to remove its belonging from the said premises, the Centre shall be entitled to open the premises or any part thereof allotted to the said Client using the original key in their possession and in the presence of witness remove the articles and things therein after making a list thereof.","In the event of the Client refusing or neglecting to remove its belonging from the said premises, the Centre shall be entitled to open the premises or any part thereof allotted to the said Client using the original key in their possession and in the presence of witness remove the articles and things therein after making a list thereof.",Unknown,docum.pdf
Summarize the following tenancy law clause.,"In the event of the Client refusing or neglecting to remove its belonging from the said premises, the Centre shall be entitled to open the premises or any part thereof allotted to the said Client using the original key in their possession and in the presence of witness remove the articles and things therein after making a list thereof.","In the event of the Client refusing or neglecting to remove its belonging from the said premises, the Centre shall be entitled to open the premises or any part thereof allotted to the said Client using the original key in their possession and in the presence of witness remove the articles and things therein after making a list thereof.",Unknown,docum.pdf
Identify the legal topic of the following clause.,"In the event of the Client refusing or neglecting to remove its belonging from the said premises, the Centre shall be entitled to open the premises or any part thereof allotted to the said Client using the original key in their possession and in the presence of witness remove the articles and things therein after making a list thereof.",tenancy law,Unknown,docum.pdf
Explain the following tenancy law clause in simple terms.,"Theft, loss, damage or destruction of any property of the Client or any person living in or visiting the said premises or in the said building from any cause whatsoever.","Theft, loss, damage or destruction of any property of the Client or any person living in or visiting the said premises or in the said building from any cause whatsoever.",Unknown,docum.pdf
Summarize the following tenancy law clause.,"Theft, loss, damage or destruction of any property of the Client or any person living in or visiting the said premises or in the said building from any cause whatsoever.","Theft, loss, damage or destruction of any property of the Client or any person living in or visiting the said premises or in the said building from any cause whatsoever.",Unknown,docum.pdf
Identify the legal topic of the following clause.,"Theft, loss, damage or destruction of any property of the Client or any person living in or visiting the said premises or in the said building from any cause whatsoever.",tenancy law,Unknown,docum.pdf
Interpret this legal clause related to tenancy law.,For any personal or other injury caused to the person for the time being in the said premises on any account.,For any personal or other injury caused to the person for the time being in the said premises on any account.,Unknown,docum.pdf
Summarize the following tenancy law clause.,For any personal or other injury caused to the person for the time being in the said premises on any account.,For any personal or other injury caused to the person for the time being in the said premises on any account.,Unknown,docum.pdf
Identify the legal topic of the following clause.,For any personal or other injury caused to the person for the time being in the said premises on any account.,tenancy law,Unknown,docum.pdf
Interpret this legal clause related to tenancy law.,As security for the due performance of the provisions hereof the Client shall deposit with Centre an interest free security deposit of a sum of Rs.-----/- (Rupees --- ).,As security for the due performance of the provisions hereof the Client shall deposit with Centre an interest free security deposit of a sum of Rs.-----/- (Rupees --- ).,Unknown,docum.pdf
Provide a short summary of this legal provision.,As security for the due performance of the provisions hereof the Client shall deposit with Centre an interest free security deposit of a sum of Rs.-----/- (Rupees --- ).,As security for the due performance of the provisions hereof the Client shall deposit with Centre an interest free security deposit of a sum of Rs.-----/- (Rupees --- ).,Unknown,docum.pdf
Identify the legal topic of the following clause.,As security for the due performance of the provisions hereof the Client shall deposit with Centre an interest free security deposit of a sum of Rs.-----/- (Rupees --- ).,tenancy law,Unknown,docum.pdf
Interpret this legal clause related to tenancy law.,"The said interest free security deposit, after deducting there from the amount of arrear or other dues if any from the Client shall be refunded by Centre to the Client without interest on the arrangement herein coming to an end, howsoever and when so ever, and upon the Client removing itself and all its belongings and things from the said premises.","The said interest free security deposit, after deducting there from the amount of arrear or other dues if any from the Client shall be refunded by Centre to the Client without interest on the arrangement herein coming to an end, howsoever and when so ever, and upon the Client removing itself and all its belongings and things from the said premises.",Unknown,docum.pdf
Summarize the following tenancy law clause.,"The said interest free security deposit, after deducting there from the amount of arrear or other dues if any from the Client shall be refunded by Centre to the Client without interest on the arrangement herein coming to an end, howsoever and when so ever, and upon the Client removing itself and all its belongings and things from the said premises.","The said interest free security deposit, after deducting there from the amount of arrear or other dues if any from the Client shall be refunded by Centre to the Client without interest on the arrangement herein coming to an end, howsoever and when so ever, and upon the Client removing itself and all its belongings and things from the said premises.",Unknown,docum.pdf
Identify the legal topic of the following clause.,"The said interest free security deposit, after deducting there from the amount of arrear or other dues if any from the Client shall be refunded by Centre to the Client without interest on the arrangement herein coming to an end, howsoever and when so ever, and upon the Client removing itself and all its belongings and things from the said premises.",tenancy law,Unknown,docum.pdf
Explain the following tenancy law clause in simple terms.,"7.The Centre shall be at liberty to terminate this Agreement or any renewal thereof by giving the Client three months notice in writing stating therein its desire to do so and on the expiry of such notice, and on the client removing itself, it's employees and belongings from the said premises and otherwise performing it's obligation under this agreement the Centre shall refund to the Client the interest free security deposit amount as contained in clause 6.","7.The Centre shall be at liberty to terminate this Agreement or any renewal thereof by giving the Client three months notice in writing stating therein its desire to do so and on the expiry of such notice, and on the client removing itself, it's employees and belongings from the said premises and otherwise performing it's obligation under this agreement the Centre shall refund to the Client the interest free security deposit amount as contained in clause 6.",Unknown,docum.pdf
Provide a short summary of this legal provision.,"7.The Centre shall be at liberty to terminate this Agreement or any renewal thereof by giving the Client three months notice in writing stating therein its desire to do so and on the expiry of such notice, and on the client removing itself, it's employees and belongings from the said premises and otherwise performing it's obligation under this agreement the Centre shall refund to the Client the interest free security deposit amount as contained in clause 6.","7.The Centre shall be at liberty to terminate this Agreement or any renewal thereof by giving the Client three months notice in writing stating therein its desire to do so and on the expiry of such notice, and on the client removing itself, it's employees and belongings from the said premises and otherwise performing it's obligation under this agreement the Centre shall refund to the Client the interest free security deposit amount as contained in clause 6.",Unknown,docum.pdf
Identify the legal topic of the following clause.,"7.The Centre shall be at liberty to terminate this Agreement or any renewal thereof by giving the Client three months notice in writing stating therein its desire to do so and on the expiry of such notice, and on the client removing itself, it's employees and belongings from the said premises and otherwise performing it's obligation under this agreement the Centre shall refund to the Client the interest free security deposit amount as contained in clause 6.",tenancy law,Unknown,docum.pdf
Simplify the following tenancy law provision.,"Upon the termination of this Agreement or sooner determination and upon the failure of the Client to remove itself, its employees and its belongings from the said premises.","Upon the termination of this Agreement or sooner determination and upon the failure of the Client to remove itself, its employees and its belongings from the said premises.",Unknown,docum.pdf
Summarize the following tenancy law clause.,"Upon the termination of this Agreement or sooner determination and upon the failure of the Client to remove itself, its employees and its belongings from the said premises.","Upon the termination of this Agreement or sooner determination and upon the failure of the Client to remove itself, its employees and its belongings from the said premises.",Unknown,docum.pdf
Identify the legal topic of the following clause.,"Upon the termination of this Agreement or sooner determination and upon the failure of the Client to remove itself, its employees and its belongings from the said premises.",tenancy law,Unknown,docum.pdf
Interpret this legal clause related to tenancy law.,The Client shall be liable and hereby agrees to pay to the Centre liquidated damages of Rs._____________ (Rupees __________only) and compensation and/or manse profits of Rs.__________ (Rupees____________) per day for the wrongful and unauthorised use of the said premises and the facilities provided therein.,The Client shall be liable and hereby agrees to pay to the Centre liquidated damages of Rs._____________ (Rupees __________only) and compensation and/or manse profits of Rs.__________ (Rupees____________) per day for the wrongful and unauthorised use of the said premises and the facilities provided therein.,Unknown,docum.pdf
Provide a short summary of this legal provision.,The Client shall be liable and hereby agrees to pay to the Centre liquidated damages of Rs._____________ (Rupees __________only) and compensation and/or manse profits of Rs.__________ (Rupees____________) per day for the wrongful and unauthorised use of the said premises and the facilities provided therein.,The Client shall be liable and hereby agrees to pay to the Centre liquidated damages of Rs._____________ (Rupees __________only) and compensation and/or manse profits of Rs.__________ (Rupees____________) per day for the wrongful and unauthorised use of the said premises and the facilities provided therein.,Unknown,docum.pdf
Identify the legal topic of the following clause.,The Client shall be liable and hereby agrees to pay to the Centre liquidated damages of Rs._____________ (Rupees __________only) and compensation and/or manse profits of Rs.__________ (Rupees____________) per day for the wrongful and unauthorised use of the said premises and the facilities provided therein.,tenancy law,Unknown,docum.pdf
Simplify the following tenancy law provision.,The Centre shall be entitled without prejudice to its other rights to forfeit the security deposit in the event of any breach on the part of the client.,The Centre shall be entitled without prejudice to its other rights to forfeit the security deposit in the event of any breach on the part of the client.,Unknown,docum.pdf
Provide a short summary of this legal provision.,The Centre shall be entitled without prejudice to its other rights to forfeit the security deposit in the event of any breach on the part of the client.,The Centre shall be entitled without prejudice to its other rights to forfeit the security deposit in the event of any breach on the part of the client.,Unknown,docum.pdf
Identify the legal topic of the following clause.,The Centre shall be entitled without prejudice to its other rights to forfeit the security deposit in the event of any breach on the part of the client.,tenancy law,Unknown,docum.pdf
Interpret this legal clause related to tenancy law.,"9.It is further agreed and declared between the parties hereto that the permission hereby granted by the Centre to the Client to use a portion of the said premises is incidental to the availing of office facilities, amenities and services provided by the Business Centre to the Client and the Client shall not be entitled to avail other facilities separately as the arrangement is composite, impartibly and indivisible.","9.It is further agreed and declared between the parties hereto that the permission hereby granted by the Centre to the Client to use a portion of the said premises is incidental to the availing of office facilities, amenities and services provided by the Business Centre to the Client and the Client shall not be entitled to avail other facilities separately as the arrangement is composite, impartibly and indivisible.",Unknown,docum.pdf
Provide a short summary of this legal provision.,"9.It is further agreed and declared between the parties hereto that the permission hereby granted by the Centre to the Client to use a portion of the said premises is incidental to the availing of office facilities, amenities and services provided by the Business Centre to the Client and the Client shall not be entitled to avail other facilities separately as the arrangement is composite, impartibly and indivisible.","9.It is further agreed and declared between the parties hereto that the permission hereby granted by the Centre to the Client to use a portion of the said premises is incidental to the availing of office facilities, amenities and services provided by the Business Centre to the Client and the Client shall not be entitled to avail other facilities separately as the arrangement is composite, impartibly and indivisible.",Unknown,docum.pdf
Identify the legal topic of the following clause.,"9.It is further agreed and declared between the parties hereto that the permission hereby granted by the Centre to the Client to use a portion of the said premises is incidental to the availing of office facilities, amenities and services provided by the Business Centre to the Client and the Client shall not be entitled to avail other facilities separately as the arrangement is composite, impartibly and indivisible.",tenancy law,Unknown,docum.pdf
Explain the following tenancy law clause in simple terms.,"Legal notice for refund of money can be filed for anyone from a dealer to an employee, tenant, friend, company, bank, etc.","Legal notice for refund of money can be filed for anyone from a dealer to an employee, tenant, friend, company, bank, etc.",Unknown,docum.pdf
Provide a short summary of this legal provision.,"Legal notice for refund of money can be filed for anyone from a dealer to an employee, tenant, friend, company, bank, etc.","Legal notice for refund of money can be filed for anyone from a dealer to an employee, tenant, friend, company, bank, etc.",Unknown,docum.pdf
Identify the legal topic of the following clause.,"Legal notice for refund of money can be filed for anyone from a dealer to an employee, tenant, friend, company, bank, etc.",tenancy law,Unknown,docum.pdf
Explain the following tenancy law clause in simple terms.,The goods so manufactured with the said trade mark applied to them will be supplied and delivered by the Licensee to the Licensor at the latter s business premises at _______ at his own costs of transport.,The goods so manufactured with the said trade mark applied to them will be supplied and delivered by the Licensee to the Licensor at the latter s business premises at _______ at his own costs of transport.,Section 438,docum.pdf
Provide a short summary of this legal provision.,The goods so manufactured with the said trade mark applied to them will be supplied and delivered by the Licensee to the Licensor at the latter s business premises at _______ at his own costs of transport.,The goods so manufactured with the said trade mark applied to them will be supplied and delivered by the Licensee to the Licensor at the latter s business premises at _______ at his own costs of transport.,Section 438,docum.pdf
Identify the legal topic of the following clause.,The goods so manufactured with the said trade mark applied to them will be supplied and delivered by the Licensee to the Licensor at the latter s business premises at _______ at his own costs of transport.,tenancy law,Section 438,docum.pdf
Simplify the following tenancy law provision.,The Licensor shall have the right to reject any goods supplied if they are not as per specifications or quality which are made known to the Licensee and in the event of such rejection the Licensee shall take back the rejected goods from the Licensor's premises at his own costs and until such removal they will be at the risk of the Licensee.,The Licensor shall have the right to reject any goods supplied if they are not as per specifications or quality which are made known to the Licensee and in the event of such rejection the Licensee shall take back the rejected goods from the Licensor's premises at his own costs and until such removal they will be at the risk of the Licensee.,Section 438,docum.pdf
Summarize the following tenancy law clause.,The Licensor shall have the right to reject any goods supplied if they are not as per specifications or quality which are made known to the Licensee and in the event of such rejection the Licensee shall take back the rejected goods from the Licensor's premises at his own costs and until such removal they will be at the risk of the Licensee.,The Licensor shall have the right to reject any goods supplied if they are not as per specifications or quality which are made known to the Licensee and in the event of such rejection the Licensee shall take back the rejected goods from the Licensor's premises at his own costs and until such removal they will be at the risk of the Licensee.,Section 438,docum.pdf
Identify the legal topic of the following clause.,The Licensor shall have the right to reject any goods supplied if they are not as per specifications or quality which are made known to the Licensee and in the event of such rejection the Licensee shall take back the rejected goods from the Licensor's premises at his own costs and until such removal they will be at the risk of the Licensee.,tenancy law,Section 438,docum.pdf
Interpret this legal clause related to tenancy law.,The Licensor will also have the right to enter upon the premises of the Licensee where the goods are manufactured and to take inspection of the goods manufactured.,The Licensor will also have the right to enter upon the premises of the Licensee where the goods are manufactured and to take inspection of the goods manufactured.,Section 438,docum.pdf
Provide a short summary of this legal provision.,The Licensor will also have the right to enter upon the premises of the Licensee where the goods are manufactured and to take inspection of the goods manufactured.,The Licensor will also have the right to enter upon the premises of the Licensee where the goods are manufactured and to take inspection of the goods manufactured.,Section 438,docum.pdf
Identify the legal topic of the following clause.,The Licensor will also have the right to enter upon the premises of the Licensee where the goods are manufactured and to take inspection of the goods manufactured.,tenancy law,Section 438,docum.pdf
Explain the following tenancy law clause in simple terms.,The goods so manufactured with the said trade mark applied to them will be supplied and delivered by the Licensee to the Licensor at the latter s business premises at _______ at his own,The goods so manufactured with the said trade mark applied to them will be supplied and delivered by the Licensee to the Licensor at the latter s business premises at _______ at his own,Section 499,legaldoc.pdf
Summarize the following tenancy law clause.,The goods so manufactured with the said trade mark applied to them will be supplied and delivered by the Licensee to the Licensor at the latter s business premises at _______ at his own,The goods so manufactured with the said trade mark applied to them will be supplied and delivered by the Licensee to the Licensor at the latter s business premises at _______ at his own,Section 499,legaldoc.pdf
Identify the legal topic of the following clause.,The goods so manufactured with the said trade mark applied to them will be supplied and delivered by the Licensee to the Licensor at the latter s business premises at _______ at his own,tenancy law,Section 499,legaldoc.pdf
