clause,section,page,source_pdf
Rent Authority to determine the revised rent in case of dispute.,s.,1,Model-Tenancy-Act-English-02_06_2021.pdf
Original tenancy agreement to be retained by landlord and tenant.,s.,1,Model-Tenancy-Act-English-02_06_2021.pdf
Rent and other charges payable and receipt for payment thereof.,s.,1,Model-Tenancy-Act-English-02_06_2021.pdf
Eviction and recovery of possession of premises by landlord.,s.,2,Model-Tenancy-Act-English-02_06_2021.pdf
Eviction and recovery of possession of premises in case of death of landlord.,s.,2,Model-Tenancy-Act-English-02_06_2021.pdf
Enhancement of rent in case of refusal by tenant to vacate.,s.,2,Model-Tenancy-Act-English-02_06_2021.pdf
Provisions regarding notice of giving up possession by tenant.,s.,2,Model-Tenancy-Act-English-02_06_2021.pdf
Procedure to be followed in Rent Court and Rent Tribunal.,s.,2,Model-Tenancy-Act-English-02_06_2021.pdf
"Officers and other employees of Rent Authority, Rent Court and Rent Tribunal.",s.,3,Model-Tenancy-Act-English-02_06_2021.pdf
"THE MODEL TENANCY ACT, 2021 An Act to establish Rent Authority to regulate renting of premises and to protect the interests of landlords and tenants and to provide speedy adjudication mechanism for resolution of disputes and matters connected therewith or incidental thereto.",section,4,Model-Tenancy-Act-English-02_06_2021.pdf
"(1) This Act may be called the (Name of State/Union territory) Short title, extent and Tenancy Act, 2020.",section,4,Model-Tenancy-Act-English-02_06_2021.pdf
"(a) “landlord”, whether called landowner or lessor or by any other name, means a person who receives or is entitled to receive, the rent of any premises, on his own account, if the premises were let to a tenant, and shall include –– (i) his successor-in-interest;",section,4,Model-Tenancy-Act-English-02_06_2021.pdf
"and (ii) a trustee or guardian or receiver receiving rent for any premises or is entitled to so receive, on account of or on behalf of or for the benefit of, any other person such as minor or person of unsound mind who cannot enter into a contract;",section,4,Model-Tenancy-Act-English-02_06_2021.pdf
"(d) “premises” means any building or part of a building which is, or is intended to be, let on rent for the purpose of residencial or commercial use except for hotel, lodging house, dharamshala, inn and for industrial use but includes– (i) garden, garage or closed parking area, vacant land, grounds and out-houses, if any, appertaining to such building or part of the building;",section,5,Model-Tenancy-Act-English-02_06_2021.pdf
(f) “property manager” means a person or any legal entity including rental agent who is authorised by the landlord to manage the premises and who represents the landlord in his dealings with the tenant;,section,5,Model-Tenancy-Act-English-02_06_2021.pdf
"(g) “rental agent” means any person, who negotiates or acts on behalf of landlord or tenant or both in a transaction of renting of any premises and receives remuneration or fees or any other charges for his services whether as a commission or otherwise and includes a person who introduces, through any medium, prospective landlord and tenant to each other for negotiation for renting of premises and includes property dealers, brokers or middlemen, by whatever name called;",section,5,Model-Tenancy-Act-English-02_06_2021.pdf
(h) “Rent Authority” means an officer appointed under section 30;,section,5,Model-Tenancy-Act-English-02_06_2021.pdf
(i) “Rent Court” means a Rent Court constituted under section 33;,section,5,Model-Tenancy-Act-English-02_06_2021.pdf
(j) “Rent payable” in relation to any premises means the rent as specified in section 8;,section,5,Model-Tenancy-Act-English-02_06_2021.pdf
(k) “Rent Tribunal” means a Rent Tribunal constituted under section 34;,section,5,Model-Tenancy-Act-English-02_06_2021.pdf
(m) “Sub-tenant” means a person to whom the tenant sublets whole or part of the premises held by him or transfers or assigns his rights accrued under the tenancy agreement or any part thereof upon entering into a supplementary agreement to the existing tenancy agreement;,section,5,Model-Tenancy-Act-English-02_06_2021.pdf
"(n) “Tenant”, whether called lessee or by any other name, means a person by whom or on whose account or on behalf of whom, the rent of any premises is payable to the landlord under a tenancy agreement and includes any person occupying the premises as a sub-tenant and also, any person continuing in possession after the termination of his tenancy whether before or after the commencement of this Act;",section,5,Model-Tenancy-Act-English-02_06_2021.pdf
but shall not include any person against whom any order or decree for eviction has been made.,section,5,Model-Tenancy-Act-English-02_06_2021.pdf
(1) Nothing in this Act shall apply to any–– Act not to apply to (a) premises owned or promoted by the Central Government or State certain Government or Union territory Administration or local authority or a premises.,section,6,Model-Tenancy-Act-English-02_06_2021.pdf
"(b) premises owned by a company, University or organisation given on rent to its employees as part of service contract;",section,6,Model-Tenancy-Act-English-02_06_2021.pdf
"(c) premises owned by religious or charitable institutions as may be specified, by notification by the State Government/Union territory Administration;",section,6,Model-Tenancy-Act-English-02_06_2021.pdf
"43 of (d) premises owned by auqaf registered under the Waqf Act, 1995 or 1995 by any trust registered under the public trust law of the State/Union territory for the time being in force;",section,6,Model-Tenancy-Act-English-02_06_2021.pdf
"(2) Notwithstanding anything contained in sub-section (1), if the owner and tenant of the premises referred to in clause (a) to clause (e) of the said sub-section agrees that the tenancy agreement entered into between such landlord and tenant be regulated under the provisions of this Act, such landlord may inform the Rent Authority of the agreement to do so at the time of information of the tenancy agreement under section 4.",section,6,Model-Tenancy-Act-English-02_06_2021.pdf
"(1) Notwithstanding anything contained in this Act or any other law Tenancy for the time being in force, no person shall, after the commencement agreement.",section,6,Model-Tenancy-Act-English-02_06_2021.pdf
"of this Act, let or take on rent any premises except by an agreement in writing, which shall be informed to the Rent Authority by the landlord and tenant jointly, in the form specified in the First Schedule within a period of two months from the date of tenancy agreement.",section,6,Model-Tenancy-Act-English-02_06_2021.pdf
"(2) Where the landlord and the tenant fail to jointly inform the execution of the tenancy agreement referred to in sub-section (1), the landlord and tenant shall separately inform the execution of tenancy agreement to the Rent Authority within a period of one month from the date of expiry of the period specified in sub-section (1).",section,6,Model-Tenancy-Act-English-02_06_2021.pdf
"(3) The Rent Authority shall, within three months from the date of its appointment, put in place a digital platform in the local vernacular language or the language of the State/Union territory for enabling submissions of document in such form and manner as may be prescribed.",section,6,Model-Tenancy-Act-English-02_06_2021.pdf
"(4) The Rent Authority shall, after receiving information about the execution of tenancy agreement along with the documents specified in the First Schedule,–– Page 6 of 28",section,6,Model-Tenancy-Act-English-02_06_2021.pdf
"and (b) upload details of the tenancy agreement on its website in local vernacular language or the language of the State/Union territory, within seven working days from the date of receipt of such information, in such manner along with such documents as it may deem fit.",section,7,Model-Tenancy-Act-English-02_06_2021.pdf
"(5) The terms of authorisation of the property manager, if any, by the landlord to deal with the tenant shall be such as agreed to by the landlord and tenant in that behalf in the tenancy agreement.",section,7,Model-Tenancy-Act-English-02_06_2021.pdf
"(6) The information provided under sub-section (1) and sub-section (2) shall be conclusive proof of the facts relating to tenancy and matters connected therewith, and in the absence of any statement of information, the landlord and the tenant shall not be entitled to any relief under the provisions of this Act.",section,7,Model-Tenancy-Act-English-02_06_2021.pdf
(1) Every tenancy entered into after the commencement of this Act Period of shall be valid for a period as agreed upon between the landlord and tenancy.,section,7,Model-Tenancy-Act-English-02_06_2021.pdf
the tenant and as specified in the tenancy agreement.,section,7,Model-Tenancy-Act-English-02_06_2021.pdf
"(2) The tenant may request the landlord for renewal or extension of the tenancy, within the period agreed to in the tenancy agreement, and if agreeable to the landlord, may enter into a new tenancy agreement with the landlord on mutually agreed terms and conditions.",section,7,Model-Tenancy-Act-English-02_06_2021.pdf
"(3) Where a tenancy for a fixed term ends and has not been renewed or the tenant fails to vacate the premises at the end of such tenancy, then such tenant shall be liable to pay an enhanced rent to the landlord as provided in section 23.",section,7,Model-Tenancy-Act-English-02_06_2021.pdf
"notwithstanding anything contained in this section, if the term of tenancy expires at a time when the locality where the premises let out on rent is situated is affected by any disastrous event of force majeure, then, subject to requisition by the tenant, the landlord shall allow the tenant to continue in possession of the said premises till a period of one month from the date of cessation of such disastrous event on the same terms and conditions of the tenancy agreement already entered into.",section,7,Model-Tenancy-Act-English-02_06_2021.pdf
".–– For the purposes of this section, “force majeure” means a situation of war, flood, drought, fire, cyclone, earthquake or any other calamity caused by nature affecting the habitation of the tenant in the premises let out on rent.",section,7,Model-Tenancy-Act-English-02_06_2021.pdf
"The terms of agreement executed between landlord and tenant, Rights and obligations of shall be binding upon their successors in the event of the death of successor in the landlord or tenant, as the case may be, and in such case, the case of death.",section,7,Model-Tenancy-Act-English-02_06_2021.pdf
successors of the deceased landlord or tenant shall have the same Page 7 of 28,section,7,Model-Tenancy-Act-English-02_06_2021.pdf
rights and obligations as agreed to in the tenancy agreement for the remaining period of such tenancy.,section,8,Model-Tenancy-Act-English-02_06_2021.pdf
"(1) After the commencement of this Act, no tenant shall, except Restriction on sub-letting.",section,8,Model-Tenancy-Act-English-02_06_2021.pdf
"by entering into a supplementary agreement to the existing tenancy agreement, (a) sub-let whole or part of the premises held by him as a tenant;",section,8,Model-Tenancy-Act-English-02_06_2021.pdf
(b) transfer or assign his rights in the tenancy agreement or any part thereof.,section,8,Model-Tenancy-Act-English-02_06_2021.pdf
"(2) Where the premises is sub-let upon entering into a supplementary agreement to the existing tenancy agreement as referred to in sub- section (1), the landlord and tenant shall jointly inform the Rent Authority about the sub-tenancy within a period of two months from the date of execution of such agreement in the Form specified in the First Schedule.",section,8,Model-Tenancy-Act-English-02_06_2021.pdf
The rent payable in respect of a premises shall be the rent agreed Rent payable.,section,8,Model-Tenancy-Act-English-02_06_2021.pdf
to between the landlord and the tenant in accordance with the terms of the tenancy agreement.,section,8,Model-Tenancy-Act-English-02_06_2021.pdf
(1) The revision of rent between the landlord and the tenant shall be in accordance with the terms of the tenancy agreement.,section,8,Model-Tenancy-Act-English-02_06_2021.pdf
"(2) Where, after the commencement of tenancy, the landlord has entered into an agreement in writing with the tenant prior to the commencement of the work and has incurred expenditure for carrying out improvement, addition or structural alteration in the premises occupied by the tenant, which does not include repairs necessary to be carried out under section 15, the landlord may increase the rent of the premises by an amount as agreed to between the landlord and the tenant, and such increase in rent shall become effective from one month after the completion of such work.",section,8,Model-Tenancy-Act-English-02_06_2021.pdf
"In case of any dispute between landlord and tenant regarding Rent Authority to determine the revision of rent, the Rent Authority may, on an application made by revised rent in the landlord or tenant, determine the revised rent and other charges case of dispute.",section,8,Model-Tenancy-Act-English-02_06_2021.pdf
payable by the tenant and also fix the date from which such revised rent becomes payable.,section,8,Model-Tenancy-Act-English-02_06_2021.pdf
"(1) The security deposit to be paid by the tenant in advance shall be such as may be agreed upon between the landlord and the tenant in the tenancy agreement, which shall –– Page 8 of 28",section,8,Model-Tenancy-Act-English-02_06_2021.pdf
"(a) not exceed two months rent, in case of residential premises;",section,9,Model-Tenancy-Act-English-02_06_2021.pdf
"and (b) not exceed six months rent, in case of non-residential premises.",section,9,Model-Tenancy-Act-English-02_06_2021.pdf
"(2) The security deposit shall be refunded to the tenant on the date of taking over vacant possession of the premises from the tenant, after making due deduction of any liability of the tenant.",section,9,Model-Tenancy-Act-English-02_06_2021.pdf
"The tenancy agreement shall be signed in duplicate by both the Original tenancy agreement to be landlord and tenant, and one each of such original signed tenancy retained by agreement shall be retained by the landlord and tenant.",section,9,Model-Tenancy-Act-English-02_06_2021.pdf
(1) Every tenant shall pay rent and other charges payable within Rent and other such period as agreed to in the tenancy agreement.,section,9,Model-Tenancy-Act-English-02_06_2021.pdf
"(2) Every landlord or his property manager shall, on receipt of payment towards rent and other charges payable within the stipulated period as in the tenancy agreement from the tenant, provide forthwith against acknowledgement, a duly signed receipt for the amount received by him: Provided that",section,9,Model-Tenancy-Act-English-02_06_2021.pdf
"where the payment of rent or other charges is made by the tenant to the landlord through the electronic mode, the bank acknowledgment thereof shall be conclusive proof of such payment.",section,9,Model-Tenancy-Act-English-02_06_2021.pdf
"(1) Where the landlord refuses to accept any rent and other Deposit of rent charges payable or refuses to give a receipt, the rent and other with Rent Authority.",section,9,Model-Tenancy-Act-English-02_06_2021.pdf
"charges shall be paid to the landlord by postal money order or any other method, in such manner as may be prescribed, consecutively for two months, and if the landlord refuses to accept the rent and other charges within such period, then the tenant may deposit the same with the Rent Authority in such manner as may be prescribed.",section,9,Model-Tenancy-Act-English-02_06_2021.pdf
"(2) Where the tenant is unable to decide to whom the rent is payable during the period of tenancy agreement, the tenant may, in such case, deposit the rent with the Rent Authority in such manner as may be prescribed.",section,9,Model-Tenancy-Act-English-02_06_2021.pdf
"(3) Where the rent is deposited under sub-section (1) or sub-section (2), the Rent Authority shall enquire the case as to whom the rent is payable and pass orders as may deem fit on the basis of the facts of the case.",section,9,Model-Tenancy-Act-English-02_06_2021.pdf
"(4) The withdrawal of rent and other charges payable, deposited Page 9 of 28",section,9,Model-Tenancy-Act-English-02_06_2021.pdf
"under sub-section (1) or sub-section (2), shall not by itself operate as an admission against the landlord or any other claim made by the tenant, if the landlord withdraws it to the extent of rent agreed upon under the tenancy agreement.",section,10,Model-Tenancy-Act-English-02_06_2021.pdf
"landlord and the tenant shall keep the premises in as good a condition as at the commencement of the tenancy, except for normal wear and tear, and shall respectively be responsible to repair and maintain the said premises as specified in the Second Schedule or as agreed to in the tenancy agreement.",section,10,Model-Tenancy-Act-English-02_06_2021.pdf
"(2) In case of common facilities shared among the tenants or with the landlord, the respective responsibilities of the tenant and landlord to repair and maintain those facilities shall be such as may be specified in the tenancy agreement.",section,10,Model-Tenancy-Act-English-02_06_2021.pdf
"(3) If the tenant fails or refuses to carry out the repairs referred to in sub-section (1) or sub-section (2), the landlord may carry out the repairs or remove the additional structure erected by tenant without consent of landlord and deduct the amount incurred for such repairs or removal as the case may be, from the security deposit and the amount so deducted shall be paid by the tenant within a period of one month of issue of notice by the landlord in that regard: Provided that",section,10,Model-Tenancy-Act-English-02_06_2021.pdf
"if the cost for such repairs exceed the security deposit, the tenant shall be liable to pay the excess cost including the security deposit so deducted to the landlord within a period of one month of the issue of notice by the landlord in that regard.",section,10,Model-Tenancy-Act-English-02_06_2021.pdf
"(4) In case the landlord refuses to carry out the repairs referred to in sub-section (1) or sub-section (2), the tenant may carry out such repairs and deduct the expenditure incurred towards the same from the rent to be paid for the succeeding months: Provided that",section,10,Model-Tenancy-Act-English-02_06_2021.pdf
in no case the deduction from rent in any one month shall exceed fifty per cent of the agreed rent for a month.,section,10,Model-Tenancy-Act-English-02_06_2021.pdf
"(5) Where the premises is uninhabitable without the repairs and the landlord refuses to carry out the required repairs, after being called upon by the tenant in writing to do so, the tenant may abandon the premises after giving the landlord fifteen days notice in writing.",section,10,Model-Tenancy-Act-English-02_06_2021.pdf
"(6) Where the premises let out on rent becomes uninhabitable for the tenant due to an event of force majeure or the tenant is unable to reside due to occurrence of such event, the landlord shall not charge rent from the tenant until the said premises is restored by the landlord, subject to the provisions of this section, to be inhabitable: Provided that",section,10,Model-Tenancy-Act-English-02_06_2021.pdf
where the rented premises becomes uninhabitable as specified in sub-section (5) or this sub-section and the landlord Page 10 of 28,section,10,Model-Tenancy-Act-English-02_06_2021.pdf
"fails to carry out the required repairs to make it inhabitable or the said premises could not be made inhabitable, then, the security deposit and advance rent shall be refunded by the landlord to the tenant within a period of fifteen days of the expiry of the notice period, after making due deduction of liability of the tenant, if any.",section,11,Model-Tenancy-Act-English-02_06_2021.pdf
"During the subsistence of tenancy, the tenant shall –– Tenant to look after premises.",section,11,Model-Tenancy-Act-English-02_06_2021.pdf
(a) not intentionally or negligently damage the premises or permit such damage;,section,11,Model-Tenancy-Act-English-02_06_2021.pdf
(b) inform in writing the landlord of any damage;,section,11,Model-Tenancy-Act-English-02_06_2021.pdf
(c) take reasonable care of the premises and its contents including fitting and fixtures and keep it reasonably habitable having regard to its condition at the commencement of tenancy and the normal incidence of living.,section,11,Model-Tenancy-Act-English-02_06_2021.pdf
"(1) Every landlord or the property manager may enter the Entry into premises let out on rent after serving a notice, in writing or through premises.",section,11,Model-Tenancy-Act-English-02_06_2021.pdf
"electronic mode, to the tenant at least twenty four hours before the time of entry under the following circumstances, namely:–– (a) to carry out repairs or replacement or to do or to get work done in the premises;",section,11,Model-Tenancy-Act-English-02_06_2021.pdf
or (b) to carry out an inspection of the premises for the purpose of determining whether the premises are in a habitable state;,section,11,Model-Tenancy-Act-English-02_06_2021.pdf
or (c) for any other reasonable cause for entry specified in the tenancy agreement.,section,11,Model-Tenancy-Act-English-02_06_2021.pdf
no person shall enter the premises before sun rise and after sun set.,section,11,Model-Tenancy-Act-English-02_06_2021.pdf
"Provided further that nothing contained in this section shall prevent the landlord from entering into the premises let out on rent without prior notice to the tenant in case of emergent situations like war, flood, fire, cyclone, earthquake or any other natural calamity, which may affect that premises.",section,11,Model-Tenancy-Act-English-02_06_2021.pdf
"In case the landlord has engaged a property manager, the Information landlord shall provide the following information to the tenant, as to property namely:–– manager.",section,12,Model-Tenancy-Act-English-02_06_2021.pdf
(b) proof that such property manager is authorised by the landlord;,section,12,Model-Tenancy-Act-English-02_06_2021.pdf
(c) specific purposes for which the property manager has been authorised by the landlord and the period of such authorisation;,section,12,Model-Tenancy-Act-English-02_06_2021.pdf
"and (d) if the property manager is a legal entity, the name of the entity and the person authorised in this behalf by that legal entity who may be contacted in relation to the tenancy agreement.",section,12,Model-Tenancy-Act-English-02_06_2021.pdf
"(1) The duties of the property manager shall include the Duties of following, namely:–– property manager (a) to collect rent against receipt;",section,12,Model-Tenancy-Act-English-02_06_2021.pdf
and consequences (b) to do essential repairs on behalf of the landlord;,section,12,Model-Tenancy-Act-English-02_06_2021.pdf
(c) to inspect the premises from time to time;,section,12,Model-Tenancy-Act-English-02_06_2021.pdf
(d) to give notices to tenant for–– (i) proper maintenance of the premises;,section,12,Model-Tenancy-Act-English-02_06_2021.pdf
(e) help in resolution of disputes among tenants and between landlord and tenant;,section,12,Model-Tenancy-Act-English-02_06_2021.pdf
(f) any other matters relating to tenancy to be acted upon only on the instructions of the landlord.,section,12,Model-Tenancy-Act-English-02_06_2021.pdf
"(2) Where the property manager acts, in contravention of the provisions of sub-section (1) or against the instructions of the landlord, the Rent Authority may, on an application made to it by the landlord or tenant in that behalf, remove the property manager or impose such costs on the property manager so as to compensate any loss incurred by the landlord or tenant due to such contravention.",section,12,Model-Tenancy-Act-English-02_06_2021.pdf
"(1) No landlord or property manager shall, either by himself or Withholding essential supply through any other person, withhold any essential supply or service in or service.",section,12,Model-Tenancy-Act-English-02_06_2021.pdf
"(2) In case of contravention of provisions of sub-section (1) and on application made by the tenant in this behalf, the Rent Authority after examining the matter, may pass an interim order directing the Page 12 of 28",section,12,Model-Tenancy-Act-English-02_06_2021.pdf
"restoration of supply of essential services immediately on service of such order upon the landlord or property manager, as the case may be, pending the inquiry referred to in sub-section (3).",section,13,Model-Tenancy-Act-English-02_06_2021.pdf
"(3) The Rent Authority shall conduct an enquiry in respect of the application made by the tenant under sub-section (2), and complete the inquiry within one month of filing such application.",section,13,Model-Tenancy-Act-English-02_06_2021.pdf
"(4) The Rent Authority may, after giving a reasonable opportunity of being heard, award a compensation not exceeding two months rent to be paid by the person responsible for withholding the essential supply, so as to compensate the loss incurred.",section,13,Model-Tenancy-Act-English-02_06_2021.pdf
"(5) The Rent Authority may levy a penalty of a sum not exceeding twice the monthly rent to the tenant, if it finds that the application was frivolous or vexatious.",section,13,Model-Tenancy-Act-English-02_06_2021.pdf
"(1) A tenant shall not be evicted during the continuance of Eviction and tenancy agreement unless otherwise agreed to in writing by the recovery of possession of landlord and tenant, except in accordance with the provisions of sub- premises by section (2) or in accordance with the provisions of section 22.",section,13,Model-Tenancy-Act-English-02_06_2021.pdf
"(2) The Rent Court may, on an application made to it by the landlord in such manner as may be prescribed, make an order for eviction and recovery of possession of the premises on one or more of the following grounds, namely: - (a) that the tenant does not agree to pay the rent payable under section 8;",section,13,Model-Tenancy-Act-English-02_06_2021.pdf
"(b) that the tenant has not paid the arrears of rent and other charges payable in full as specified in sub-section (1) of section 13 for two consecutive months, including interest for delayed payment as may be specified in the tenancy agreement within a period of one month from the date of service of notice of demand for payment of such arrears of rent and other charges payable to 4 of the landlord in the manner provided in sub-section (4) of section 1882 106 of the Transfer of Property Act, 1882;",section,13,Model-Tenancy-Act-English-02_06_2021.pdf
"(c) that the tenant has, after the commencement of this Act, parted with the possession of whole or any part of the premises Page 13 of 28",section,13,Model-Tenancy-Act-English-02_06_2021.pdf
without obtaining the written consent of the landlord;,section,14,Model-Tenancy-Act-English-02_06_2021.pdf
(d) that the tenant has continued to misuse the premises even after receipt of notice from the landlord to desist from such misuse.,section,14,Model-Tenancy-Act-English-02_06_2021.pdf
".–– For the purposes of this clause, “misuse of premises” means encroachment of additional space by the tenant or use of premises which causes public nuisance or causes damage to the property or is detrimental to the interest of the landlord or for immoral or illegal purposes;",section,14,Model-Tenancy-Act-English-02_06_2021.pdf
"(e) where it is necessary for the landlord to carry out any repair or construction or rebuilding or addition or alteration or demolition in respect of the premises or any part thereof, which is not possible to be carried out without the premises being vacated: Provided that",section,14,Model-Tenancy-Act-English-02_06_2021.pdf
"after such repair, construction, rebuilding, addition or alteration, the tenant may be allowed to reoccupy the premises only when it has been mutually agreed to between the landlord and the tenant and a new tenancy agreement has been submitted with the Rent Authority: Provided further that the tenant shall not be allowed to reoccupy the premises–– (i) in the absence of submission of such mutual tenancy agreement with the Rent Authority;",section,14,Model-Tenancy-Act-English-02_06_2021.pdf
and (ii) in cases where the tenant has been evicted under the orders of a Rent Court;,section,14,Model-Tenancy-Act-English-02_06_2021.pdf
"(f) that the premises or any part thereof is required by the landlord for carrying out any repairs, construction, rebuilding, additions, alterations or demolition, for change of its use as a consequence of change of land use by the competent authority.",section,14,Model-Tenancy-Act-English-02_06_2021.pdf
".–– For the purposes of this clause, the expression “competent authority” means the Municipal Corporation or the Municipality or the Development Authority or any other authority, as the case may be, which provides permission on matters relating to repair or redevelopment or demolition of building or permission for change in land use: (g) that the tenant has given written notice to vacate the premises let out on rent and in consequence of that notice the landlord has contracted to sell the said premises or has taken any other step, as a result of which his interests would seriously suffer if he is not put in possession of that premises;",section,14,Model-Tenancy-Act-English-02_06_2021.pdf
(h) that the tenant has carried out any structural change or erected any permanent structure in the premises let out on rent without the written consent of the landlord.,section,14,Model-Tenancy-Act-English-02_06_2021.pdf
"(3) No order for eviction of the tenant on account of failure to pay the rent specified in clause (b) of sub-section (2) shall be made, if the tenant makes payment to the landlord or deposits with the Rent Court the arrears of rent and other charges payable, if any, including interest within one month from the date of service of the said demand notice upon him.",s.,15,Model-Tenancy-Act-English-02_06_2021.pdf
"(4) Where the tenant fails to pay rent consecutively for two months subsequent to the grant of the relief specified in sub-section (3) in any one year, then the tenant shall not be entitled to such relief again.",s.,15,Model-Tenancy-Act-English-02_06_2021.pdf
"(5) In any proceedings for eviction under clause (e) of sub-section (2), the Rent Court may allow eviction from only a part of the premises, if the landlord agrees for the same.",s.,15,Model-Tenancy-Act-English-02_06_2021.pdf
"(1) Notwithstanding anything contained in this Act or any other Eviction and law for the time being in force, in case of death of the landlord, where recovery of there is a bonafide requirement of the premises let out on rent by the possession of premises in case legal heirs of the landlord during the period of tenancy, such legal of death of heirs may file an application in this behalf for eviction and recovery of landlord.",s.,15,Model-Tenancy-Act-English-02_06_2021.pdf
"possession of the said premises before the Rent Court in such form and manner, as may be prescribed.",s.,15,Model-Tenancy-Act-English-02_06_2021.pdf
"(2) The Rent Court may, on an application made to it under sub- section (1), if it is satisfied that the legal heirs of the deceased landlord are in bonafide requirement of the premises let out on rent, pass necessary orders against the tenant for handing over vacant possession of the said premises to the legal heirs of the deceased landlord.",s.,15,Model-Tenancy-Act-English-02_06_2021.pdf
Where the tenant fails to vacate the premises let out on rent in Enhancement of rent in case of accordance with the tenancy agreement on the expiration of the refusal by tenant period of tenancy or termination of tenancy by an order or notice to vacate.,s.,15,Model-Tenancy-Act-English-02_06_2021.pdf
"under the provisions of this Act, such tenant shall be liable to pay the landlord –– (a) twice the monthly rent for the first two months;",s.,15,Model-Tenancy-Act-English-02_06_2021.pdf
and (b) four times the monthly rent thereafter till the tenant continues to occupy the said premises.,s.,15,Model-Tenancy-Act-English-02_06_2021.pdf
"(1) Where a landlord exercises the right of recovery of Refund of advance rent by possession under sub-section (2) of section 21 or under section 22, landlord.",s.,15,Model-Tenancy-Act-English-02_06_2021.pdf
"and he had received any rent or any other payment in advance from the tenant, he shall before recovery of possession, refund to the tenant such amount after deducting the rent and other charges due to him.",s.,15,Model-Tenancy-Act-English-02_06_2021.pdf
"(2) If the landlord fails to make any refund, he shall be liable to pay Page 15 of 28",s.,15,Model-Tenancy-Act-English-02_06_2021.pdf
simple interest to the tenant at such rate as may be prescribed from time to time on the amount which he has omitted or failed to refund.,section,16,Model-Tenancy-Act-English-02_06_2021.pdf
In any proceedings for recovery of possession on any ground Payment of rent during eviction other than that referred to in clause (a) or clause (b) of sub-section proceedings.,section,16,Model-Tenancy-Act-English-02_06_2021.pdf
"(2) of section 21, where the tenant contests the claim for eviction, the landlord may at any stage of the proceedings apply to the Rent Court to direct the tenant to pay him the rent payable, as under section 8, and the Rent Court may order the tenant to make such payment and all other charges due from the tenant along with penal charges, if any, due to delay in payment, in accordance with the provisions of sub-section (1) of section 14.",section,16,Model-Tenancy-Act-English-02_06_2021.pdf
(1) Tenant shall not carry out any structural change or erect any Permission to build additional permanent structure in the premises let out on rent without the structures.,section,16,Model-Tenancy-Act-English-02_06_2021.pdf
"(2) Where the landlord proposes to make any improvement in or construct any additional structure on any premises which has been let out to a tenant and the tenant refuses to allow the landlord to make such improvement or construct such additional structure, the landlord may make an application in this behalf to the Rent Court.",section,16,Model-Tenancy-Act-English-02_06_2021.pdf
"(3) On an application made by the landlord under sub-section (2), if the Rent Court is satisfied that the landlord is ready and willing to commence the work which is necessary, the Rent Court may permit the landlord to do such work and may make such other order as it may deem fit: Provided that",section,16,Model-Tenancy-Act-English-02_06_2021.pdf
such improvement or additional structure shall not decrease or diminish or deteriorate the accommodation or housing services in the premises which may cause undue hardship to the tenant.,section,16,Model-Tenancy-Act-English-02_06_2021.pdf
Provided further that it shall be the responsibility of the tenant to remove any such additional structure built by tenant without consent of landlord.,section,16,Model-Tenancy-Act-English-02_06_2021.pdf
"(1) Notwithstanding anything contained in section 21 or section Special provision 22, where any premises let out for rent comprises vacant land, upon regarding vacant which it is permissible under the municipal bye-laws for the time land.",section,16,Model-Tenancy-Act-English-02_06_2021.pdf
"being in force to erect any building whether for residence or for any other purpose, and the landlord who intends to erect such building is unable to obtain possession of the same from the tenant on the basis of the tenancy agreement, the landlord or, in case of death of the landlord, his legal heirs, may file an application in this behalf, in such form and manner as may be prescribed, before the Rent Court.",section,16,Model-Tenancy-Act-English-02_06_2021.pdf
"(2) The Rent Court may, on receipt of the application referred to in sub-section (1), if it is satisfied that the landlord is or, as the case may be, his legal heirs are ready and willing to commence the work and that the severance of the vacant land from the rest of the premises shall not cause undue hardship to the tenant,–– (a) direct such severance after such enquiry as it may deem fit;",section,17,Model-Tenancy-Act-English-02_06_2021.pdf
(b) place the landlord in possession of the vacant land;,section,17,Model-Tenancy-Act-English-02_06_2021.pdf
(c) determine the rent payable by the tenant in respect of the rest of the premises;,section,17,Model-Tenancy-Act-English-02_06_2021.pdf
"Notwithstanding anything contained in any other law for the time Vacant possession to being in force, where the interest, of a landlord or in case of death of landlord.",section,17,Model-Tenancy-Act-English-02_06_2021.pdf
"the landlord, of his legal heirs in any premises is determined for any reason whatsoever and any order is made by the Rent Court under this Act for the recovery of possession of such premises, such order shall, subject to the provisions of sub-section (3) of section 21, be binding on all occupants who may be in occupation of the premises and vacant possession thereof shall be given by all such occupants to the landlord or to the legal heirs of the landlord.",section,17,Model-Tenancy-Act-English-02_06_2021.pdf
"Notwithstanding anything contained in this Act or any other law Provisions regarding notice for the time being in force, a tenant may give up possession of the of giving up premises on giving such written notice as is required under the possession by tenancy agreement and in the absence of any stipulation relating to tenant.",section,17,Model-Tenancy-Act-English-02_06_2021.pdf
"such notice, the tenant shall give notice to the landlord of at least one month before giving up possession of the premises.",section,17,Model-Tenancy-Act-English-02_06_2021.pdf
"The District Collector or District Magistrate shall, with the Rent Authority.",section,17,Model-Tenancy-Act-English-02_06_2021.pdf
"previous approval of the State Government/Union territory Administration, appoint an officer, not below the rank of Deputy Collector, to be the Rent Authority within his jurisdiction.",section,17,Model-Tenancy-Act-English-02_06_2021.pdf
The Rent Authority shall have all the powers as are vested in a Power and Page 17 of 28,section,17,Model-Tenancy-Act-English-02_06_2021.pdf
Rent Court under this Act in respect of any proceedings initiated procedure of Rent Authority.,section,18,Model-Tenancy-Act-English-02_06_2021.pdf
(1) Any person aggrieved by the order of the Rent Authority may Appeals.,section,18,Model-Tenancy-Act-English-02_06_2021.pdf
prefer an appeal to the Rent Court having territorial jurisdiction.,section,18,Model-Tenancy-Act-English-02_06_2021.pdf
(2) The appeal under sub-section (1) shall be preferred within a period of thirty days from the date of the order of the Rent Authority.,section,18,Model-Tenancy-Act-English-02_06_2021.pdf
"The District Collector or District Magistrate shall, with the previous approval of the State Government/ Union territory Rent Court Administration, appoint Additional Collector or Additional District Magistrate or an officer of equivalent rank, to be the Rent Court for the purposes of this Act, within his jurisdiction.",section,18,Model-Tenancy-Act-English-02_06_2021.pdf
"The State Government/ Union territory Administration may, in consultation with the jurisdictional High Court, may by notification, Rent Tribunal appoint District Judge or Additional District Judge as Rent Tribunal in each district.",section,18,Model-Tenancy-Act-English-02_06_2021.pdf
"(1) Save as provided in this section, nothing contained in the Code of Civil Procedure, 1908 shall apply to the Rent Courts and Procedure to be 5 of followed in Rent Rent Tribunals, which shall be guided by the principles of natural 1908 Court and Rent justice and shall have power to regulate their own procedure in the Tribunal.",section,18,Model-Tenancy-Act-English-02_06_2021.pdf
"following manner, namely:–– (a) the landlord or the tenant may file an application or appeal before the Rent Court or, as the case may be, the Rent Tribunal accompanied by affidavit and documents, if any;",section,18,Model-Tenancy-Act-English-02_06_2021.pdf
"(b) the Rent Court or, as the case may be, the Rent Tribunal shall then issue notice to the opposite party, accompanied by copies of application or appeal, affidavit and documents;",section,18,Model-Tenancy-Act-English-02_06_2021.pdf
"(e) the Rent Court or, as the case may be, the Rent Tribunal shall fix a date of hearing and may hold such summary inquiry as it deems necessary.",section,19,Model-Tenancy-Act-English-02_06_2021.pdf
"(2) The Rent Court or, as the case may be, the Rent Tribunal shall endeavor to dispose the case as expeditiously as possible, not exceeding a period of sixty days from the date of receipt of the application or appeal: Provided that",section,19,Model-Tenancy-Act-English-02_06_2021.pdf
"where any such application or, as the case may be, appeal could not be disposed of within the said period of sixty days, the Rent Court or the Rent Tribunal shall record its reasons in writing for not disposing of the application or appeal within that period.",section,19,Model-Tenancy-Act-English-02_06_2021.pdf
"(3) In every application or appeal, before the Rent Court or the Rent Tribunal, the evidence of a witness shall be given by affidavit: Provided that",section,19,Model-Tenancy-Act-English-02_06_2021.pdf
"the Rent Court or, as the case may be, the Rent Tribunal may, where it appears to it that it is necessary in the interest of justice to call a witness for examination or cross-examination, order attendance of such witness to be present for examination or cross-examination.",section,19,Model-Tenancy-Act-English-02_06_2021.pdf
"5 of (4) The provisions of the Code of Civil Procedure, 1908 regarding 1908 service of summons shall be applicable mutatis mutandis for service of notice by the Rent Court or Rent Tribunal.",section,19,Model-Tenancy-Act-English-02_06_2021.pdf
"(6) The Rent Authority or Rent Court or the Rent Tribunal as the case may be, shall not allow more than three adjournments at the request of a party throughout the proceedings and in case of reasonable and sufficient cause to do so, it shall record the reasons for the same in writing and order the party requesting adjournment to pay a reasonable cost.",section,19,Model-Tenancy-Act-English-02_06_2021.pdf
"(7) Every application under clauses (a), (b), (e), (f) and (g) of sub- section (2) of section 21 or under section 22 shall be decided within ninety days from the date of filing of such application in the Rent Court.",section,19,Model-Tenancy-Act-English-02_06_2021.pdf
(8) The Rent Court shall decide every application filed under clause (c) and (d) of sub-section (2) of section 21 within thirty days from the date of filing of such application.,section,19,Model-Tenancy-Act-English-02_06_2021.pdf
"(1) The Rent Court and the Rent Tribunal shall, for discharging Powers of Rent their functions under this Act, have the same powers as are vested in Court and Rent 5 of Tribunal.",section,19,Model-Tenancy-Act-English-02_06_2021.pdf
(j) revision of orders and decisions of Rent Authority and Rent Court and;,section,20,Model-Tenancy-Act-English-02_06_2021.pdf
"(2) Any proceedings before the Rent Court or Rent Tribunal shall be deemed to be a judicial proceeding within the meaning of section 193 and 228, and for the purpose of section 196, of the Indian Penal 45 of 1860.",section,20,Model-Tenancy-Act-English-02_06_2021.pdf
"1974 (3) For the purposes of holding any inquiry or discharging any duty under this Act, the Rent Court may,–– (a) after giving not less than twenty-four hours notice in writing, enter and inspect or authorise any officer, subordinate to it, to enter and inspect, any premises at any time between sunrise and sunset;",section,20,Model-Tenancy-Act-English-02_06_2021.pdf
"(4) The Rent Court may, if it thinks fit, appoint one or more persons having special knowledge of the matter under consideration as an assessor or valuer to advise it in the proceeding before it.",section,20,Model-Tenancy-Act-English-02_06_2021.pdf
"(5) Any clerical or arithmetical mistake in any order passed by the Rent Court or any other error arising out of any accidental omission may, at any time, be corrected by the Rent Court on an application received by it in this behalf from any of the parties or otherwise.",section,20,Model-Tenancy-Act-English-02_06_2021.pdf
"(7) An order made by a Rent Court or an order passed in appeal or revision, or review under this Chapter shall be executable by the Page 20 of 28",section,20,Model-Tenancy-Act-English-02_06_2021.pdf
"Rent Court as a decree of a civil court and for this purpose, the Rent Court shall have the powers of a civil court.",s.,21,Model-Tenancy-Act-English-02_06_2021.pdf
(8) The Rent Court may set aside any order passed ex-parte if the aggrieved party files an application and satisfies it that notice was not duly served or that he was prevented by any sufficient cause from appearing when the case was taken up for hearing.,s.,21,Model-Tenancy-Act-English-02_06_2021.pdf
"(9) Save as otherwise expressly provided in this Act, every order made by the Rent Court shall, subject to decision in appeal, be final and shall not be called in question in any original suit, application or execution proceedings.",s.,21,Model-Tenancy-Act-English-02_06_2021.pdf
"(1) Any person aggrieved by an order passed by the Rent Court, Appeal to Rent may prefer an appeal along with a certified copy of such order to the Tribunal.",s.,21,Model-Tenancy-Act-English-02_06_2021.pdf
"jurisdictional Rent Tribunal within the local limits of which the premises is situated, within a period of thirty days from the date of that order.",s.,21,Model-Tenancy-Act-English-02_06_2021.pdf
"(2) The Rent Tribunal, upon filing an appeal under sub-section (1) shall serve notice, along with a copy of appeal to the respondent and fix a hearing not later than thirty days from the date of service of notice of appeal on the respondent and the appeal shall be disposed of within a period of sixty days from such date of service.",s.,21,Model-Tenancy-Act-English-02_06_2021.pdf
"(3) Where the Rent Tribunal considers it necessary in the interest of arriving at a just and proper decision, it may allow documents at any stage of the proceedings in appeal: Provided that",s.,21,Model-Tenancy-Act-English-02_06_2021.pdf
"(4) The Rent Tribunal may, in its discretion, pass such interlocutory order during the pendency of the appeal, as it may deem fit.",s.,21,Model-Tenancy-Act-English-02_06_2021.pdf
"(5) While deciding the appeal, the Rent Tribunal may, after recording reasons therefor, confirm, set aside or modify the order passed by a Rent Court.",s.,21,Model-Tenancy-Act-English-02_06_2021.pdf
"(1) The Rent Court shall, on an application filed by any party, execute an order of a Rent Court or a Rent Tribunal or any other Execution of order made under this Act, in such manner as may be prescribed, order by–– Page 21 of 28",s.,21,Model-Tenancy-Act-English-02_06_2021.pdf
(a) delivering possession of the premises to the person in whose favour the decision has been made;,s.,22,Model-Tenancy-Act-English-02_06_2021.pdf
or (c) appointing any advocate or any other competent person including officers of the Rent Court or local administration or local body for the execution of such order.,s.,22,Model-Tenancy-Act-English-02_06_2021.pdf
(2) The Rent Court may take the help from the Local Government or local body or the local police for the execution of the final orders: Provided that,s.,22,Model-Tenancy-Act-English-02_06_2021.pdf
no applicant shall obtain police help unless he pays such costs as may be decided by the Rent Court.,s.,22,Model-Tenancy-Act-English-02_06_2021.pdf
"(3) The Rent Court shall conduct the execution proceedings, in relation to its order or an order of a Rent Tribunal or any other order passed under this Act, in a summary manner and dispose of the application for execution made under this section within a period of thirty days from the date of service of notice on opposite party.",s.,22,Model-Tenancy-Act-English-02_06_2021.pdf
"The State Government/Union territory Administration may, in Officers and consultation with the Rent Authority or Rent Court or Rent Tribunal, other employees determine the nature and categories of officers and other employees of Rent Authority, as it considers necessary and appoint such officers and other Rent Court and Rent Tribunal.",s.,22,Model-Tenancy-Act-English-02_06_2021.pdf
(2) The jurisdiction of the Rent Court shall be limited to tenancy agreement submitted to it as specified in the First Schedule and shall not extend to the question of title or ownership of premises.,s.,22,Model-Tenancy-Act-English-02_06_2021.pdf
"1870 respect of applications or appeals to be presented before the Rent Authority or Rent Court or Rent Tribunal, as the case may be.",s.,23,Model-Tenancy-Act-English-02_06_2021.pdf
"(2) For the purposes of computation of court fees, the application for recovery of possession made to the Rent Court and the memorandum of appeals presented before the Rent Tribunal, shall be deemed to be a suit between the landlord and the tenant.",s.,23,Model-Tenancy-Act-English-02_06_2021.pdf
(3) The court fees for the application filed before the Rent Authority shall be same as that of an interlocutory application presented in a civil court.,s.,23,Model-Tenancy-Act-English-02_06_2021.pdf
"Every member of Rent Authority, Rent Court and Rent Tribunal Members, etc., to 45 of appointed under this Act shall be deemed to be a public servant be public 1860 within the meaning of section 21 of the Indian Penal Code.",s.,23,Model-Tenancy-Act-English-02_06_2021.pdf
"No suit, prosecution or other legal proceeding shall lie against Protection of any person, Rent Authority, Rent Court or Rent Tribunal in respect of action taken in good faith.",s.,23,Model-Tenancy-Act-English-02_06_2021.pdf
"(2) In particular and without prejudice to the generality of the foregoing power, such rules may provide for all or any of the following matters, namely:–– (a) the form and manner of digital platform to be put in place by the Rent Authority in the local vernacular language or the language of the State/Union territory for enabling submissions of documents under sub- section (3) of section 4;",s.,23,Model-Tenancy-Act-English-02_06_2021.pdf
"(b) the manner of payment of rent and other charges to the landlord by the tenant by postal money order or any other method and the manner of deposit of rent and other charges with the Rent Authority on refusal by landlord to accept the same under sub-section (1) and the manner of deposit of rent with the Rent Authority under sub-section (2), of section 14;",s.,23,Model-Tenancy-Act-English-02_06_2021.pdf
(c) manner of making an application for the recovery of possession of the premises under sub-section (2) of section 21;,s.,23,Model-Tenancy-Act-English-02_06_2021.pdf
(d) form and manner of making an application for the recovery of possession of the premises under sub- section (1) of section 22;,section,24,Model-Tenancy-Act-English-02_06_2021.pdf
(e) rate of interest payable to the tenant where the landlord fails to make refund under sub-section (2) of section 24;,section,24,Model-Tenancy-Act-English-02_06_2021.pdf
(f) the form and manner of filing application by the landlord before the Rent Court for obtaining possession of the premises let out on rent for erecting building under sub- section (1) of section 27;,section,24,Model-Tenancy-Act-English-02_06_2021.pdf
(g) the form of filing application before Rent Court and appeal before the Rent Tribunal under sub-section (5) of section 35;,section,24,Model-Tenancy-Act-English-02_06_2021.pdf
(i) the manner of execution of an order of a Rent Court or a Rent Tribunal or any other order made under this Act under sub-section (1) of section 38;,section,24,Model-Tenancy-Act-English-02_06_2021.pdf
"(1) The State/Union territory Rent Control Act, which is in force Repeal and immediately before the commencement of this Act, is hereby savings.",section,24,Model-Tenancy-Act-English-02_06_2021.pdf
"(2) Notwithstanding such repeal, all cases and other proceedings under the said State/Union territory Rent Control Act pending, at the commencement of this Act, shall be continued and disposed of in accordance with the provisions of the said State/Union territory Rent Control Act, as if that Act had continued to be in force and this Act had not been enacted.",section,25,Model-Tenancy-Act-English-02_06_2021.pdf
"THE FIRST SCHEDULE [See section 4(1)] FORM FOR INFORMATION OF TENANCY To, The Rent Authority ___________________ ________________ (Address) 1.",section,26,Model-Tenancy-Act-English-02_06_2021.pdf
Name and address of the landlord : _____________________ 2.,section,26,Model-Tenancy-Act-English-02_06_2021.pdf
"Name(s) and address of the tenant, including : _____________________ email and contact details, 4.",section,26,Model-Tenancy-Act-English-02_06_2021.pdf
"Description of previous tenancy, if any : _____________________ 5.",section,26,Model-Tenancy-Act-English-02_06_2021.pdf
"Description of premises let to the tenant : _____________________ including appurtenant land, if any 6.",section,26,Model-Tenancy-Act-English-02_06_2021.pdf
Date from which possession is given to the : _____________________ tenant 7.,section,26,Model-Tenancy-Act-English-02_06_2021.pdf
Rent payable as in section 8 : _____________________ 8.,section,26,Model-Tenancy-Act-English-02_06_2021.pdf
Furniture and other equipment provided to the : _____________________ tenant 9.,section,26,Model-Tenancy-Act-English-02_06_2021.pdf
Attach rent or lease or tenancy agreement : _____________________ 11.,section,26,Model-Tenancy-Act-English-02_06_2021.pdf
Duration of tenancy (Period for which let) : _____________________ 12.,section,26,Model-Tenancy-Act-English-02_06_2021.pdf
Permanent Account Number (PAN) of landlord: : _____________________ 13.,section,26,Model-Tenancy-Act-English-02_06_2021.pdf
Mobile Number & E-mail id of landlord : ___________________ (if available) 15.,section,26,Model-Tenancy-Act-English-02_06_2021.pdf
Permanent Account Number (PAN)of tenant : _____________________ Page 26 of 28,section,26,Model-Tenancy-Act-English-02_06_2021.pdf
Mobile Number & E-mail id : _____________________________ of tenant 18.,section,27,Model-Tenancy-Act-English-02_06_2021.pdf
Mobile Number & E-mail id of : _____________________________ Property Manager (if any) Name and signature of landlord Name and signature of tenant Photograph of Photograph of tenant landlord Enclosed: 1.,section,27,Model-Tenancy-Act-English-02_06_2021.pdf
Self-attested copies of PAN and Aadhaar of landlord.,section,27,Model-Tenancy-Act-English-02_06_2021.pdf
Self-attested copies of PAN and Aadhaar of tenant.,section,27,Model-Tenancy-Act-English-02_06_2021.pdf
"THE SECOND SCHEDULE [See section 15 (1)] DIVISION OF MAINTENANCE RESPONSIBILITY BETWEEN THE LANDLORD AND THE TENANTS Unless otherwise agreed in the tenancy agreement, the landlord shall be responsible for repairs relating to matters falling under Part A and the tenant shall be responsible for matters falling under Part B.",section,28,Model-Tenancy-Act-English-02_06_2021.pdf
Structural repairs except those necessitated by damage caused by the tenant.,section,28,Model-Tenancy-Act-English-02_06_2021.pdf
Maintenance of gardens and open spaces let out to or used by the tenant.,section,28,Model-Tenancy-Act-English-02_06_2021.pdf
"XVIII] 1 THE MAHARASHTRA RENT CONTROL ACT, 1999 [Text as on 7th March 2025] __________ CONTENTS PREAMBLE.",s.,1,eng_maharashtra_rent_control_ac.pdf
"Power of State Government to issue orders in respect of premises belonging to local authority, etc.",s.,1,eng_maharashtra_rent_control_ac.pdf
Provisions with regard to standard rent not to apply to certain premises.,s.,1,eng_maharashtra_rent_control_ac.pdf
Court may fix standard rent and permitted increase in certain cases.,s.,1,eng_maharashtra_rent_control_ac.pdf
No applications for standard rent in certain circumstances.,s.,1,eng_maharashtra_rent_control_ac.pdf
"Increase in rent annually and on account of improvement, etc., special addition, etc., and special or heavy repairs.",s.,1,eng_maharashtra_rent_control_ac.pdf
"Increase in rent on account of payment of rates, etc.",s.,1,eng_maharashtra_rent_control_ac.pdf
Landlords’ duty to keep premises in good repair.,s.,1,eng_maharashtra_rent_control_ac.pdf
No ejectment ordinarily to be made if tenant pays or is ready and willing to pay standard rent and permitted increases.,s.,1,eng_maharashtra_rent_control_ac.pdf
Tenants’ right to give notice to landlord of his intention to occupy tenement in new building.,s.,1,eng_maharashtra_rent_control_ac.pdf
Landlord to intimate to tenant date of completion and tenant’s right to occupy premises in new building.,s.,1,eng_maharashtra_rent_control_ac.pdf
"2 The Maharashtra Rent Control Act, 1999 [2000 : Mah.",s.,2,eng_maharashtra_rent_control_ac.pdf
Recovery of possession in case of tenancy created during service period.,s.,2,eng_maharashtra_rent_control_ac.pdf
"Members of armed forces of the Union, scientists or their successor-in-interest entitled to recover possession of premises required for their occupation.",s.,2,eng_maharashtra_rent_control_ac.pdf
Landlord entitled to recover possession of premises given on licence on expiry.,s.,2,eng_maharashtra_rent_control_ac.pdf
Certain sub-tenants to become tenants on determination of tenancy.,s.,2,eng_maharashtra_rent_control_ac.pdf
In absence of contract tenant not to sub-let or transfer or to give on licence.,s.,2,eng_maharashtra_rent_control_ac.pdf
State Government or Government allottee to become tenant of premises requisitioned or continued under requisition.,s.,2,eng_maharashtra_rent_control_ac.pdf
Landlord not to cut-off or withhold essential supply or service.,s.,2,eng_maharashtra_rent_control_ac.pdf
Definition of landlord for the purpose of Chapter VIII.,s.,2,eng_maharashtra_rent_control_ac.pdf
Special provision for making application to Competent Authority by landlord to evict tenant or licensee.,s.,2,eng_maharashtra_rent_control_ac.pdf
Effect of refusal or failure to comply with order of eviction.,s.,2,eng_maharashtra_rent_control_ac.pdf
"XVIII] The Maharashtra Rent Control Act, 1999 3 48.",Section,3,eng_maharashtra_rent_control_ac.pdf
Right of tenant and landlord to receive lawful charges.,Section,3,eng_maharashtra_rent_control_ac.pdf
"4 The Maharashtra Rent Control Act, 1999 [2000 : Mah.",Section,4,eng_maharashtra_rent_control_ac.pdf
"XVIII] The Maharashtra Rent Control Act, 1999 5 MAHARASHTRA ACT No.",Section,5,eng_maharashtra_rent_control_ac.pdf
"XVIII OF 20001 [THE MAHARASHTRA RENT CONTROL ACT, 1999.] [This Act received the assent of the President on the 8th March 2000;",Section,5,eng_maharashtra_rent_control_ac.pdf
"assent was first published in the Maharashtra Government Gazette, Part-IV, on the 10th March 2000.] An Act to unify, consolidate and amend the law relating to the control of rent and repairs of certain premises and of eviction and for encouraging the construction of new houses by assuring a fair return on the investment by landlords and to provide for the matters connected with the purposes aforesaid.",Section,5,eng_maharashtra_rent_control_ac.pdf
"WHEREAS it is expedient to unify, consolidate and amend the laws prevailing in the different parts of the State relating to the control of rents and repairs of certain premises and of eviction and for encouraging the construction of new houses by assuring a fair return and to provide for the matters connected with the purposes aforesaid;",Section,5,eng_maharashtra_rent_control_ac.pdf
"Short title, extent and commencement.— (1) This Act may be called the Maharashtra Rent Control Act, 1999.",Section,5,eng_maharashtra_rent_control_ac.pdf
"Application.— (1) This Act shall, in the first instance, apply to premises let for the purposes of residence, education, business, trade or storage in the areas specified in Schedule I and Schedule II.",Section,5,eng_maharashtra_rent_control_ac.pdf
"(2) Notwithstanding anything contained in sub-section (1),it shall also apply in the premises or, as the case may be, houses let out in the areas to which the Bombay Rents, Hotel and Lodging House Rates Control Act, 1947 (Bom.",Section,5,eng_maharashtra_rent_control_ac.pdf
"LVII of 1947) or the Central Provinces and Berar Letting of Houses and Rent Control Order, 1949 issued under the Central Provinces and Berar Regulation of Letting of Accommodation Act, 1946 (C.",Section,5,eng_maharashtra_rent_control_ac.pdf
"and Berar Act XI of 1946) and Hyderabad Houses (Rent, Eviction and Lease) Control Act, 1954 (Hyd.",Section,5,eng_maharashtra_rent_control_ac.pdf
"XX of 1954) were extended and applied before the date of commencement of this Act and such premises or houses continue to be so let on that date in such areas which are specified in Schedule I to this Act, notwithstanding that the area ceases to be of the description therein specified.",Section,5,eng_maharashtra_rent_control_ac.pdf
(3) It shall also apply to the premises let for the purposes specified in sub-section (1) in such of the cities or towns as specified in Schedule II.,Section,5,eng_maharashtra_rent_control_ac.pdf
(b) this Act shall apply to any premises let for any or all purposes specified in sub-section (1) in the areas other than those specified in Schedule I and Schedule II.,Section,5,eng_maharashtra_rent_control_ac.pdf
"Exemption.— (1) This Act shall not apply,— (a) to any premises belonging to the Government or a local authority or apply as against the Government to any tenancy, licence or other like relationship created by a grant from or a licence given by the Government in respect of premises requisitioned or taken on lease or on licence by the Government, including any premises taken on behalf of the Government on the basis of 1 For Statement of Objects and Reasons of the L.",Section,5,eng_maharashtra_rent_control_ac.pdf
"6 The Maharashtra Rent Control Act, 1999 [2000 : Mah.",section,6,eng_maharashtra_rent_control_ac.pdf
"XVIII tenancy or of licence or other or other like relationship by, or in the name of any officer subordinate to the Government authorised in this behalf;",section,6,eng_maharashtra_rent_control_ac.pdf
"but it shall apply in respect of premises let, or given on licence, to the Government or a local authority or taken on behalf of the Government on such basis by, or in the name of such officer;",section,6,eng_maharashtra_rent_control_ac.pdf
"(b) to any premises let or sub-let to banks, or any Public Sector Undertakings or any Corporation established by or under any Central or State Act, or foreign missions, international agencies, multinational companies, and private limited companies and public limited companies having a paid up share capital of rupees one crore or more.",section,6,eng_maharashtra_rent_control_ac.pdf
"(2) The State Government may direct that all or any of the provisions of this Act, shall, subject to such conditions and terms, as it may specify, not apply— (i) to premises used for public purpose of a charitable nature or to any class of premises used for such purpose;",section,6,eng_maharashtra_rent_control_ac.pdf
(ii) to premises held by a public trust for a religious or charitable purpose and let at a nominal or concessional rent;,section,6,eng_maharashtra_rent_control_ac.pdf
(iii) to premises held by a public trust for a religious or charitable purpose and administered by a local authority;,section,6,eng_maharashtra_rent_control_ac.pdf
or (iv) to premises belonging to or vested in an university established by any law for the time being force: Provided that,section,6,eng_maharashtra_rent_control_ac.pdf
", before issuing any direction under this sub-section, the State Government shall ensure that the tenancy rights of the existing tenants are not adversely affected.",section,6,eng_maharashtra_rent_control_ac.pdf
"(3) The expression “premises belonging to the Government or a local authority” in sub-section (1) shall, notwithstanding anything contained in the said sub-section or in any judgement, decree or order of a court, not include a building erected on any land held by any person from the Government or a local authority under an agreement, lease, licence or other grant, although having regard to the provisions of such agreement, lease, licence or grant, the building so erected may belong or continue to belong the Government or the local authority, as the case may be, and such person shall be entitled to create a tenancy in respect of such building or a part thereof.",section,6,eng_maharashtra_rent_control_ac.pdf
"Power of State Government to issue orders in respect of premises belonging to local authority, etc.— Notwithstanding anything contained in this Act, the State Government may from time to time, by general or special order, direct that the exemption granted to a local authority under sub-section (1) of section 3 shall be subject to such conditions and terms as it may specify either generally or specially in any particular case, as the State Government may in its discretion determine.",section,6,eng_maharashtra_rent_control_ac.pdf
"XVIII] The Maharashtra Rent Control Act, 1999 7 6.",section,7,eng_maharashtra_rent_control_ac.pdf
"Provisions with regard to standard rent not to apply to certain premises.— Notwithstanding anything contained in this Act, from the commencement of this Act, the provisions relating to standard rent and permitted increases shall not apply to any premises let to or given on licence in a building, whether newly constructed or otherwise where such premises were not let or given on licence for a continuous period of one year: Provided that",section,7,eng_maharashtra_rent_control_ac.pdf
", nothing in this section shall apply to,— (a) the premises referred to in sections 20 and 21;",section,7,eng_maharashtra_rent_control_ac.pdf
"(b) the premises which are constructed or reconstructed in any housing scheme, undertaken by Government or the Maharashtra Housing and Area Development Authority or by any of its Boards established under section 18 of the Maharashtra Housing Area Development Act, 1976 (Mah.",section,7,eng_maharashtra_rent_control_ac.pdf
"(2) “Government allottee”,— (a) In relation to any premises requisitioned or continued under requisition which are allotted the State Government for any non-residential purpose to any Department or office of the State Government or Central Government or any public sector undertaking or corporation owned or controlled fully or partly by the State Government or any Co- operative Society registered under the Maharashtra Co-operative Societies Act, 1960 (Mah.",section,7,eng_maharashtra_rent_control_ac.pdf
"XXIV of 1961) or any foreign consulate, by whatever name called, and on the 7th December 1996, being the date of coming into force of the Bombay Rents, Hotel and Lodging House Rates Control, Bombay Rents, Hotel and Lodging House Rates Control, Bombay Land Requisition and Bombay Government Premises (Eviction) (Amendment) Act, 1996 (Mah.",section,7,eng_maharashtra_rent_control_ac.pdf
"and (b) in relation to any premises requisitioned or continued under requisition which were allotted by the State Government for residential purpose to any person and on the 7th December 1996, being the date of coming into force of the Bombay Rents, Hotel and Lodging House Rates Control, Bombay Land Requisition and Bombay Government Premises (Eviction) (Amendment) Act, 1996 (Mah.",section,7,eng_maharashtra_rent_control_ac.pdf
"such person or his legal heir was in occupation or possession of such premises for his or such legal heir’s own residence, means such person or legal heir;",section,7,eng_maharashtra_rent_control_ac.pdf
"(3) “Landlord” means any person who is for the time being, receiving, or entitled to receive rent in respect of any premises whether on his own account or on account or on behalf, or for the benefit, of any other person or or as a trustee, guardian, or receiver, for any other person or who would so receive the rent or be entitled to receive the rent if the premises were let to a tenant;",section,7,eng_maharashtra_rent_control_ac.pdf
"and includes any person not being a tenant who from time to time derives title under a landlord, and further includes in respect of his sub-tenant, a tenant who has sub-let any premise;",section,7,eng_maharashtra_rent_control_ac.pdf
"and also includes, in respect of a licensee deemed to be a tenant under the provisions of the Bombay Rents, Hotel and Lodging House Rates Control Act, 1947 (Bom.",section,7,eng_maharashtra_rent_control_ac.pdf
"LVII of 1947), the licensor who has given premises on licence and in respect of the State Government, or as the case may be, the Government allottee referred to in sub-clause (b) of clause (2) deemed to be a tenant by section 27 the person who was entitled to receive the rent if the premises were let to a tenant immediately before the 7th December 1996, that is before the coming into force of the Bombay Rents, Hotel and Lodging House Rates Control, Bombay Land Requisition and the Bombay Government Premises (Eviction) (Amendment) Act, 1996 (Mah.",section,7,eng_maharashtra_rent_control_ac.pdf
"8 The Maharashtra Rent Control Act, 1999 [2000 : Mah.",s.,8,eng_maharashtra_rent_control_ac.pdf
"XVIII (5) “Licensee” in respect of any premises or any part thereof, means the person who is in occupation of the premises or such part, as the case may be, under a subsisting agreement for a licence given for a licence fee or charge;",s.,8,eng_maharashtra_rent_control_ac.pdf
"and includes any person in such occupation of any premises or part thereof in a building vesting in or leased to a Co-operative Housing society registered or deemed to be registered under the Maharashtra Co-operative Societies Act, 1960 (Mah.",s.,8,eng_maharashtra_rent_control_ac.pdf
"and the expressions “licence”, “licensor” and “premises given on license” shall be construed accordingly;",s.,8,eng_maharashtra_rent_control_ac.pdf
"(7) “paying guest” means a person, not being a member of the family, who is given a part of the premises, in which the licensor resides, on licence;",s.,8,eng_maharashtra_rent_control_ac.pdf
(8) “permitted increase” means an increase in rent permitted under the provisions of this Act;,s.,8,eng_maharashtra_rent_control_ac.pdf
"(9) “premises” means any building or part of a building let or given on licence separately (other than a farm building) including,— 1 This Act has been repealed by the Bombay Provincial Municipal Corporations (Amendment) and the city of Nagpur Corporation (Repeal) Act, 2011 (Mah.",s.,8,eng_maharashtra_rent_control_ac.pdf
"XVIII] The Maharashtra Rent Control Act, 1999 9 (i) the gardens, grounds, garages and out-houses, if any, appurtenant to such building or part of a building, (ii) any fitting affixed to such building or part of a building for the more beneficial enjoyment thereof, but does not include a room or other accommodation in a hotel or lodging house;",section,9,eng_maharashtra_rent_control_ac.pdf
"(10) “premises requisitioned or continued under requisition” means the premises requisitioned or continued under requisition under the 1Bombay Land Requisition Act, 1948 (Bom.",section,9,eng_maharashtra_rent_control_ac.pdf
"(14) “standard rent” in relation to any premises means,— (a) where the standard rent is fixed by the Court or, as the case may be, the Controller under the Bombay Rents Restriction Act, 1939 (Bom.",section,9,eng_maharashtra_rent_control_ac.pdf
"LVII of 1947), or the Central Provinces and Berar Letting of Houses and Rent Control Order, 1949 issued under the Central Provinces and Berar Regulation of Letting of Accommodation Act, 1946 (C.",section,9,eng_maharashtra_rent_control_ac.pdf
"XI of 1946), or the Hyderabad Houses (Rent, Eviction and Lease) Control Act, 1954 (Hyd.",section,9,eng_maharashtra_rent_control_ac.pdf
"XX of 1954), such rent plus an increase of 5 per cent., in the rent so fixed;",section,9,eng_maharashtra_rent_control_ac.pdf
"or (b) where the standard rent or fair rent is not so fixed, then subject to the provisions of sections 6 and 8,— (i) the rent at which the premises were let on the 1st day of October 1987;",section,9,eng_maharashtra_rent_control_ac.pdf
"or (ii) where the premises were not let on the 1st day of October 1987 or the rent at which they were last let before that day, plus increase of 5 per cent.",section,9,eng_maharashtra_rent_control_ac.pdf
"in the rent of the premises let before the 1st day of October 1987, or (c) in any of the cases specified in section 8, the rent fixed by the Court;",section,9,eng_maharashtra_rent_control_ac.pdf
"(15) “tenant” means any person by whom or on whose account rent is payable for any premises and includes,— (a) such person,— (i) who is a tenant, or (ii) who is a deemed tenant, or (iii) who is a sub-tenant as permitted under a contract or by the permission or consent of the landlord, or (iv) who has derived title under a tenant, or (v) to whom interest in premises has been assigned or transferred as permitted, by virtue of, under the provisions of, any of the repealed Acts;",section,9,eng_maharashtra_rent_control_ac.pdf
(b) a person who is deemed to be a tenant under section 25;,section,9,eng_maharashtra_rent_control_ac.pdf
(c) a person to whom interest in premises has been assigned or transferred as permitted under section 26;,section,9,eng_maharashtra_rent_control_ac.pdf
"(d) in relation to any premises, when the tenant dies, whether the death occurred before or after the commencement of this Act, any member of the tenant’s family, who,— 1 The short title of this Act has been amended as “Maharashtra Land Requisition Act” by Mah.",section,9,eng_maharashtra_rent_control_ac.pdf
"10 The Maharashtra Rent Control Act, 1999 [2000 : Mah.",section,10,eng_maharashtra_rent_control_ac.pdf
"XVIII (i) where they are let for residence, is residing, or (ii) where they are let for education, business, trade or storage, is using the premises for any such purpose, with the tenant at the time of his death, or in the absence of such member, any heir of the deceased tenant, as may be decided, in the absence of agreement by, the court.",section,10,eng_maharashtra_rent_control_ac.pdf
".— The provisions of this clause for transmission of tenancy shall not be restricted to the death of the original tenant, but shall apply even on the death of any subsequent tenant, who becomes tenant under these provisions on the death of the last preceding tenant.",section,10,eng_maharashtra_rent_control_ac.pdf
"Court may fix standard rent and permitted increases in certain cases.— (1) Subject to the provisions of section 9 in any of the following cases, the court may, upon an application made to it for the purpose, or in any suit or proceedings, fix the standard rent at such amount as, having regard to the provisions of this Act and the circumstances of the case, the court, deems just,— (a) where the court is satisfied that there is no sufficient evidence to ascertain the rent at which the premises were let in any one of the cases mentioned in paragraphs (i) and (ii) of sub-clause (b) of clause (14) of section 7;",section,10,eng_maharashtra_rent_control_ac.pdf
"or (b) where by reasons of the premises having been let at one time as a whole or in parts and at another time, in parts or as a whole, or for any other reasons;",section,10,eng_maharashtra_rent_control_ac.pdf
"or (c) where any premises have been or are let rent-free or, at a nominal rent;",section,10,eng_maharashtra_rent_control_ac.pdf
or for some consideration in addition to rent;,section,10,eng_maharashtra_rent_control_ac.pdf
or (d) where there is any dispute between the landlord and the tenant regarding the amount of standard rent.,section,10,eng_maharashtra_rent_control_ac.pdf
"(2) If there is any dispute between the landlord and the tenant regarding the amount of permitted increase, the court may determine such amount.",section,10,eng_maharashtra_rent_control_ac.pdf
"(3) If any application for fixing the standard rent or for determining the permitted increase is made by a tenant,— (a) the court shall forthwith specify the amount of rent, or permitted increase which are to be deposited in court by the tenant, and make an order directing the tenant to deposit such amount in court or, at the option of the tenant, make an order to pay to the landlord such amount thereof as the court may specify pending the final decision of the application.",section,10,eng_maharashtra_rent_control_ac.pdf
A copy of the order shall be served upon the landlord;,section,10,eng_maharashtra_rent_control_ac.pdf
"(b) out of any amount deposited in the court under clause (a), the court may make an order for payment of such reasonable sum to the landlord towards payment of the rent or increases due to him as it thinks fit;",section,10,eng_maharashtra_rent_control_ac.pdf
"(c) if the tenant fails to deposit such amount or, as the case may be, to pay such amount thereof to the landlord, his application shall be dismissed.",section,10,eng_maharashtra_rent_control_ac.pdf
"(4) (a) Where at any stage of a suit for recovery of rent, whether with or without a claim for possession of the premises, the court is satisfied that the rent is excessive and standard rent should be fixed, the court may, and in any other case, if it appears to the court that it is just and proper to make such an order, the court may make an order directing the tenant to deposit in court forthwith such amount of the rent as the court considers to be reasonable due to the landlord, or at the option of the tenant, an order directing him to pay to the landlord such amount thereof as the court may specify.",section,10,eng_maharashtra_rent_control_ac.pdf
"(b) The court may further make an order directing the tenant to deposit in court periodically such amount as it considers proper as interim standard rent, or at the option of the tenant, an order to pay to the landlord, such amount thereof as the court may specify, during the pendency of the suit.",section,10,eng_maharashtra_rent_control_ac.pdf
"(c) The court may also direct that if the tenant fails to comply with any order made as aforesaid, within such time as may be allowed by it, he shall not be entitled to appear in or defend the suit except",section,10,eng_maharashtra_rent_control_ac.pdf
"XVIII] The Maharashtra Rent Control Act, 1999 11 with leave of the court, which leave may be granted subject to such terms and conditions as the court may specify.",section,11,eng_maharashtra_rent_control_ac.pdf
(6) An application under this section may be made jointly by all or any of the tenants interested in respect of the premises situated in the same building.,section,11,eng_maharashtra_rent_control_ac.pdf
"No application for standard rent in certain circumstances.— No court shall, upon an application or in any suit or proceedings, fix the standard rent of any premises under section 8, or entertain any plea that the rent or increases are excessive, if the standard rent or the permitted increase in respect of the same premises have been duly fixed by a competent court on the merits of the case, without any fraud or collusion or an error of the fact, and there has been no structural alternations or change in the amenities or in respect of any other factors which are relevant to the fixation of the standard rent, or change in such increases, thereafter in the premises.",section,11,eng_maharashtra_rent_control_ac.pdf
"Rent in excess of standard rent illegal.— (1) Save as otherwise provided in section 6, it shall not be lawful to claim or receive on account of rent, for any premises any increases above the standard rent and the permitted increases, unless the landlord was, before the coming into operation of this Act, entitled to recover such increase by virtue of, or under, the provisions of any of the repealed Acts or is entitled to recover such increase under the provisions of this Act.",section,11,eng_maharashtra_rent_control_ac.pdf
Increase in rent annually and on account of improvement etc.,section,11,eng_maharashtra_rent_control_ac.pdf
and special or heavy repairs.— (1) After the commencement of this Act a landlord shall be entitled to make an increase of 4 per cent.,section,11,eng_maharashtra_rent_control_ac.pdf
per annum in the rent of the premises let for any of the purpose referred to in sub-section (1) of section 2.,section,11,eng_maharashtra_rent_control_ac.pdf
".— For the purposes of this sub-section, the period of one year on completion of which rent shall be so increased shall be computed from the date of commencement of this Act.",section,11,eng_maharashtra_rent_control_ac.pdf
(2) A landlord shall also be entitled to make such increase in the rent of the premises as may be reasonable for an improvement or structural alterations of the premises which has been made with the consent of the seventy per cent.,section,11,eng_maharashtra_rent_control_ac.pdf
".— In this sub-section, improvements and alterations do not include the repairs which the landlord is bound to make under sub-section (1) of section 14.",section,11,eng_maharashtra_rent_control_ac.pdf
"(3) (a) Notwithstanding anything contained in sub-section (2), but subject to the provisions of clauses (b) and (d), landlord shall further be entitled to make an increase in the rent of premises by an addition to the rent in the manner prescribed of an amount not exceeding fifteen per cent.",section,11,eng_maharashtra_rent_control_ac.pdf
per annum of the expenses incurred on account of special additions to premises or special alterations made therein or additional amenities provided for the premises or on account of improvements or structural alterations made under sub-section (2) after the commencement of this Act.,section,11,eng_maharashtra_rent_control_ac.pdf
"(b) Before making any increase under clause (a), the landlord shall obtain a certificate from the municipal authority that he was required by it to make or to provide such additions, alterations, improvements or amenities and has completed them in conformity with its requirements.",section,11,eng_maharashtra_rent_control_ac.pdf
"(c) If a landlord, when required by a municipal authority to execute the work of any such additions, improvements, alterations or amenities, fails to do so, the tenant or the tenants interested in such work may seek the approval of the municipal authority for executing such work.",section,11,eng_maharashtra_rent_control_ac.pdf
"12 The Maharashtra Rent Control Act, 1999 [2000 : Mah.",s.,12,eng_maharashtra_rent_control_ac.pdf
"XVIII being granted, the tenants shall be entitled to execute the said work and the expenses incurred for such work shall, for all purposes, be binding on the landlord.",s.,12,eng_maharashtra_rent_control_ac.pdf
The tenants shall also be entitled to deduct amount of expenses incurred for such work from the rent which from time to time becomes due by them to the landlord or otherwise recover such amount from him: Provided that,s.,12,eng_maharashtra_rent_control_ac.pdf
", where such work is jointly executed by the tenants the amount to be deducted or recovered by each tenant shall bear the same proportion as the rent payable by him in respect of his premises bears to the total amount of the expenses incurred for such work: Provided further that, the total amount so deducted or recoverable shall not exceed the amount of expenses incurred for such work.",s.,12,eng_maharashtra_rent_control_ac.pdf
"(d) In respect of any work executed by the tenants under clause (c) and where the total amount of the expenses incurred for such work is deducted or recovered by the tenant or tenants, as the case may be, in accordance with the provisos thereto, the landlord shall be entitled to make the increase permitted under clause (a);",s.,12,eng_maharashtra_rent_control_ac.pdf
and such increase of rent shall be payable from the month following the month in which such total amount is so deducted or recovered.,s.,12,eng_maharashtra_rent_control_ac.pdf
"(4) (a) The Landlord shall also be further entitled to make, on account of special or structural repairs made by him in accordance with the provisions of this sub-section, a temporary increase in the rent of promises by an addition to the rent, in the manner prescribed at a rate not exceeding twenty-five per cent.",s.,12,eng_maharashtra_rent_control_ac.pdf
and the increase of rent shall be payable from the date of completion of the repairs till amount of the expenditure for such repairs is recovered from the tenant.,s.,12,eng_maharashtra_rent_control_ac.pdf
"(b) Before making any increase under clause (a), the landlord shall obtain, in the prescribed manner and in the prescribed form, a declaration from the prescribed authority or a certificate from an architect from a panel of architects notified by the State Government for the purposes of this Act;",s.,12,eng_maharashtra_rent_control_ac.pdf
"asserting that it is necessary to undertake such repairs and specifying the nature and extent of repairs required and the estimated cost therefor, and after such repairs are carried out, the landlord shall also obtain, in the prescribed manner and in the prescribed form, a certificate from such prescribed authority or such architect confirming that the repairs were carried out in accordance with the declaration, or as the case may be the certificate aforesaid and fixing the date of completion of the repairs and the actual expenses therefor.",s.,12,eng_maharashtra_rent_control_ac.pdf
"(c) The increase in rent under clause (a) shall be recoverable from all tenants occupying premises in the building on the basis of the actual expenses incurred as specified in a certificate from the municipal authority or the architect as aforesaid, and the amount to be recovered from each tenant shall bear the same proportion as the rent payable by him in respect, of his premises bears to the total amount of actual expenses.",s.,12,eng_maharashtra_rent_control_ac.pdf
"Increase in rent on account of payment of rate, etc.— (1) Where a landlord is required to pay to Government or to any local authority or statutory authority in respect of any premises any fresh rate, cess, charges, tax, land assessment, ground rent of land or any other levy on lands and buildings, he shall, notwithstanding anything contained in any other provisions of this Act but save as otherwise",s.,12,eng_maharashtra_rent_control_ac.pdf
"XVIII] The Maharashtra Rent Control Act, 1999 13 expressly provided in any other law for the time being in force, be entitled to make an increase in the rent of such premises: Provided that",section,13,eng_maharashtra_rent_control_ac.pdf
", the increase in rent shall not exceed the amount of any such rate cess, charges, tax, land assessment, ground rent of land or any other levy on lands and buildings, as the case may be.",section,13,eng_maharashtra_rent_control_ac.pdf
"(2) Where the rent is inclusive of charges for electricity and water and the landlord is required to pay any increase in these charges in respect of any premises, he shall be entitled to make an increase in the rent of such premises by an amount not exceeding the additional amount payable by him in respect of such premises on account of such increase.",section,13,eng_maharashtra_rent_control_ac.pdf
"(3) The amount of the increase in rent recoverable from each tenant under sub-sections (1) and (2) shall bear the same proportion as the rent payable by him in respect of his premises bears to the total amount of any such rate, cess, charges, tax, land assessment, ground rent of land or any other levy on lands and buildings, or increase in electricity or water charges, as the case may be.",section,13,eng_maharashtra_rent_control_ac.pdf
Certain increase in rent expected.— Any increase of rent under any of the foregoing provisions of sections 11 and 12 shall not be deemed to be increase for the purpose of section 10.,section,13,eng_maharashtra_rent_control_ac.pdf
"Landlords’ duty to keep premises in good repair.— (1) Notwithstanding anything contained in any law for the time being in force and in the absence of an agreement to the contrary by the tenant, every landlord shall be bound to keep the premises in good and tenantable repair.",section,13,eng_maharashtra_rent_control_ac.pdf
"(2) If the landlord neglects to make any repairs, which he is bound to make under sub-section (1), within a reasonable time after a notice of fifteen days is served upon him by post or in any other manner by a tenant or jointly by tenants interested in such repairs, such tenant or tenants may themselves make the same and deduct the expenses of such repairs from the rent or otherwise recover them from the landlord.",section,13,eng_maharashtra_rent_control_ac.pdf
", where the repairs are jointly made by the tenants, the amount to be deducted or recovered with interest by each tenant shall bear the same proportion as the rent payable by him in respect of his premises bears to the total amount of the expenses incurred for such repairs together with simple interest at fifteen per cent.",section,13,eng_maharashtra_rent_control_ac.pdf
"per annum on such amount: Provided further that, the amount so deducted or recoverable in any year shall not exceed one- fourth of the rent payable by the tenant of that year.",section,13,eng_maharashtra_rent_control_ac.pdf
"(3) For the purpose of calculating the expenses of the repairs made under sub-section (2), the accounts together with the vouchers maintained by the tenants shall be conclusive evidence of such expenditure and shall be binding on the landlord.",section,13,eng_maharashtra_rent_control_ac.pdf
"No ejectment ordinarily to be made if tenant pays or its ready and willing to pay standard rent and permitted increases.— (1) A landlord shall not be entitled to the recovery of possession of any premises so long as the tenant pays, or is ready and willing to pay, the amount of the standard rent and permitted increases, if any, and observes and performs the other conditions of the tenancy, in so far as they are consistent with the provisions of this Act.",section,13,eng_maharashtra_rent_control_ac.pdf
"(2) No suit for recovery of possession shall be instituted by a landlord against the tenant on the ground of non-payment of the standard rent or permitted increases due, until the expiration of ninety days next after notice in writing of the demand of the standard rent or permitted increases has been served upon the tenant in the manner provided in section 106 of the Transfer of Property Act, 1882 (IV of 1882).",section,13,eng_maharashtra_rent_control_ac.pdf
"(3) No decree for eviction shall be passed by the court in any suit for recovery of possession on the ground of arrears of standard rent and permitted increase if, within a period of ninety days from the date of service of the summons of the suit, the tenant pays or tenders in court the standard rent and permitted increases then due together with simple interest on the amount of arrears at fifteen per cent.",section,13,eng_maharashtra_rent_control_ac.pdf
and thereafter continues to pay or tenders in court regularly such standard rent and permitted increases till the suit is finally decided and also pays cost of the suit as directed by the court.,section,13,eng_maharashtra_rent_control_ac.pdf
"14 The Maharashtra Rent Control Act, 1999 [2000 : Mah.",section,14,eng_maharashtra_rent_control_ac.pdf
"XVIII (4) Pending the disposal of any suit, the court may, out of any amount paid or tendered by the tenant, pay to the landlord such amount towards the payment of rent or permitted increases due to him as the court thinks fit.",section,14,eng_maharashtra_rent_control_ac.pdf
"When landlord may recover possession.— (1) Notwithstanding anything contained in this Act but subject to the provisions of section 25, a landlord shall be entitled to recover possession of any premises if the court is satisfied— (a) that the tenant has committed any act contrary to the provisions of clause (o) of section 108 of the Transfer of Property Act, 1882 (IV of 1882);",section,14,eng_maharashtra_rent_control_ac.pdf
".— For the purposes of this clause, replacing of tiles or closing of balcony of the premises shall not be regarded as an act of a causing damage to the building or destructive or permanently injurious thereto;",section,14,eng_maharashtra_rent_control_ac.pdf
"or (b) that the tenant has, without the landlord’s consent given in writing, erected on the premises any permanent structure;",section,14,eng_maharashtra_rent_control_ac.pdf
"or (c) that the tenant, his agent, servant, persons inducted by tenant or claiming under the tenant or, any person residing with the tenant has been guilty of conduct which is a nuisance or annoyance to the adjoining or neighbouring occupier, or has been convicted of using the premises or allowing the premises to be used for immoral or illegal purposes or that the tenant has in respect of the premises been convicted of an offence of contravention of any of the provisions of clause (a) of sub-section (1) of section 394 or of section 394A of the Mumbai Municipal Corporation Act (Bom.",section,14,eng_maharashtra_rent_control_ac.pdf
"or (d) that the tenant has given notice to quit and in consequence of that notice, the landlord has contracted to sell or let the premises or has taken any other steps as a result of which he would, in the opinion of the court, be seriously prejudiced, if he could not obtain possession of the premises;",section,14,eng_maharashtra_rent_control_ac.pdf
"or (e) that the tenant has— (i) on or after the 1st day February 1973, in the areas to which the Bombay Rents, Hotel and Lodging House Rates Control Act, 1947 (Bom.",section,14,eng_maharashtra_rent_control_ac.pdf
"or (ii) on or after the commencement of this Act, in the Vidarbha and Marathwada areas of the State, unlawfully sub-let or given on licence the whole or part of the premises or assigned or transferred in any other manner his interest therein;",section,14,eng_maharashtra_rent_control_ac.pdf
"or (f) that the premises were let to the tenant for use as a residence by reason of his being in the service or employment of the landlord, and that the tenant has ceased, whether before or after the commencement of this Act, to be in such service or employment;",section,14,eng_maharashtra_rent_control_ac.pdf
"XVIII] The Maharashtra Rent Control Act, 1999 15 (g) that the premises are reasonably and bona fide required by the landlord for occupation by himself or by any person for whose benefit the premises are held or where the landlord is a trustee of a public charitable trust that the premises are required for occupation for the purposes of the trust;",section,15,eng_maharashtra_rent_control_ac.pdf
or (h) that the premises are reasonably and bona fide required by the landlord for carrying out repairs which cannot be carried out without the premises being vacated;,section,15,eng_maharashtra_rent_control_ac.pdf
or (i) that the premises are reasonably and bona fide required by the landlord for the immediate purpose of demolishing them and such demolition is to be made for the purpose of erecting new building on the premises sought to be demolished;,section,15,eng_maharashtra_rent_control_ac.pdf
"(j) that the premises let consist a tenement or tenements on the terrace of a building such tenement or tenements being only in part of the total area of the terrace, and that the premises or any part thereof are required by the landlord for the purpose of the demolition thereof and erection or raising of a floor or floors on such terrace;",section,15,eng_maharashtra_rent_control_ac.pdf
".— For the purpose of this clause, if the premises let include the terrace or part thereof, or garages, servants quarters or out-houses (which are not on the terrace), or all or any one of more of them, this clause shall nevertheless apply;",section,15,eng_maharashtra_rent_control_ac.pdf
or (k) that the premises are required for the immediate purpose of demolition ordered by any municipal authority or other competent authority;,section,15,eng_maharashtra_rent_control_ac.pdf
"or (l) that where the premises are land in the nature of garden or grounds appurtenant to a building or part of a building or part of a building, such land is required by the landlord for the erection of a new building which a municipal authority has approved or permitted him to build thereon;",section,15,eng_maharashtra_rent_control_ac.pdf
"or (m) that the rent charged by the tenant for the premises or any part thereof which are sub-let is in excess of the standard rent and permitted increases in respect of such premises or part or that the tenant has received any fine, premium, other like sum of consideration in respect of such premises or part;",section,15,eng_maharashtra_rent_control_ac.pdf
"or (n) that the premises have not been used, without reasonable cause for the purpose for which they were let for for a continuous period of six months immediately preceding the date of the suit.",section,15,eng_maharashtra_rent_control_ac.pdf
"(2) No decree for eviction shall be passed on the ground, specified in clause (g) of sub-section (1), if court is satisfied that, having regard to all the circumstances of the case including the question whether other reasonable accommodation is available for the landlord or the tenant, greater hardship would be caused by passing the decree than by refusing to pass it.",section,15,eng_maharashtra_rent_control_ac.pdf
"Where the court is satisfied that no hardship would be caused either to the tenant or to the landlord by passing the decree in respect of such part of the premises, the court shall the decree in respect of such part only.",section,15,eng_maharashtra_rent_control_ac.pdf
.— For the purposes of clause (g) of sub-section (1) the expression “landlord” shall not include a rent-farmer or rent-collector or estate-manager.,section,15,eng_maharashtra_rent_control_ac.pdf
"(3) A landlord shall not be entitled to recover possession of any premises under the provisions of clause (g) of sub-section (1) if the premises are let to the Central Government in a cantonment area and such premises, are being used for residence by members of the armed forces of the Union, or their families.",section,15,eng_maharashtra_rent_control_ac.pdf
(4) The court may pass the decree on the ground specified in clause (h) or (i) of sub-section (1) only in respect of a part of the premises which in its opinion it is necessary to vacate for carrying out the work of repair or erection.,section,15,eng_maharashtra_rent_control_ac.pdf
"(5) Notwithstanding anything contained in any other law for the time being in force, an assignment of a decree for eviction obtained on the grounds specified in clauses (g), (h), (i) and (j) of sub-section (1) shall be unlawful.",section,15,eng_maharashtra_rent_control_ac.pdf
"(6) No decree for eviction shall be passed on the ground specified in clauses (i) or (j) of sub-section (1), unless the Court is satisfied,—",section,15,eng_maharashtra_rent_control_ac.pdf
"16 The Maharashtra Rent Control Act, 1999 [2000 : Mah.",section,16,eng_maharashtra_rent_control_ac.pdf
XVIII (a) that the necessary funds for the purpose of the erection of new building or for erecting or raising of a new floor or floors on the terrace are available with the Landlord;,section,16,eng_maharashtra_rent_control_ac.pdf
"(c) that the new building or new floor or floors to be erected by the landlord shall, subject to the provisions of any rules, by-laws or regulations made by municipal authority contain residential tenements not less than the number of existing tenements which are sought to be demolished;",section,16,eng_maharashtra_rent_control_ac.pdf
"(d) that the landlord has given an undertaking,— (i) that the plans and estimates, for the new building or new floor or floors to be erected by the landlord include premises for each tenant with carpet area equivalent to the area of the premises in his occupation in the building sought to be demolished subject to a variation of five per cent.",section,16,eng_maharashtra_rent_control_ac.pdf
"(ii) that the premises specified in sub-clause (i) will be offered to the concerned tenant or tenants in the re-erected building or, as the case may be on the floor to floors;",section,16,eng_maharashtra_rent_control_ac.pdf
"(iii) that where the carpet area of the premises in the new building or on the new floor or floors is more than the carpet area specified in sub-clause (i) the landlord shall, without prejudice to the liability of the landlord under sub-clause (i), obtain the consent, in writing, of the tenant or tenants concerned to accept the premises with larger area;",section,16,eng_maharashtra_rent_control_ac.pdf
and on the tenant or tenants declining to give such consent the landlord shall be entitled to put the additional floor area of any permissible use;,section,16,eng_maharashtra_rent_control_ac.pdf
"(iv) that the work of demolishing the premises shall be commenced by the landlord not later than one month, and shall be completed not later than three months, from the date he recovers possession of the entire premises;",section,16,eng_maharashtra_rent_control_ac.pdf
(v) that the work of erection of the new building or new floor or floors shall be completed by the landlord not later than fifteen months from the said date: Provided that,section,16,eng_maharashtra_rent_control_ac.pdf
", where the court is satisfied that the work of demolishing the premises could not be commenced or completed, or the work of erection of the new building or, as the case may be the new floor or floors could not be completed, within time, for reasons beyond the control of the landlord, the court may, by order, for reasons to be recorded, extend the period by such further periods, not exceeding three months at a time as may, from the time to time, be specified by it, so however that the extended period shall not exceed twelve months in the aggregate.",section,16,eng_maharashtra_rent_control_ac.pdf
"(7) Where the possession of premises is recovered on the ground specified under clause (g), (h), (i) or (j) of sub-section (1) and the premises and transferred by the landlord, or by operation of law before the tenant or tenants are placed in occupation, then such transfer shall be subject to the rights and interests of such tenants.",section,16,eng_maharashtra_rent_control_ac.pdf
"(8) For the purposes of clause (m) of sub-section (1), the standard rent or permitted increase in respect of the part sub-let shall be the amounts bearing such proportion to the standard rent or permitted increases in respect of the premises as may be reasonable having regard to the extent of the part sub-let and other relevant considerations.",section,16,eng_maharashtra_rent_control_ac.pdf
"(9) Notwithstanding anything contained in this Act, where the premises let to any person include— (i) the terrace or part thereof;",section,16,eng_maharashtra_rent_control_ac.pdf
"XVIII] The Maharashtra Rent Control Act, 1999 17 and the court is satisfied that the terrace or structure or terrace including structure as aforesaid, are required by the landlord for the purpose of demolition and erection or raising of a floor or floors on such terrace, the landlord shall be entitled to recover possession of the terrace including such tower-rooms, sitting-out-rooms, ornamental structures, architectural features, landings, attics or rooms, the court may make such reduction, if any, in the rent as it may deem just.",section,17,eng_maharashtra_rent_control_ac.pdf
"(10) A suit for eviction on the grounds specified in clause (h), (i), (j) or (k) of sub-section (1) may be filed by the landlord jointly against all the tenants occupying the premises sought to be demolished.",section,17,eng_maharashtra_rent_control_ac.pdf
"Recovery of possession for repairs and re-entry.— (1) The court shall, when passing a decree on the ground specified in clause (h) of sub-section (1) of section 16, ascertain from the tenant whether he elects to be placed in occupation of the premises or part thereof from which he is to be evicted and if the tenant so elects, shall record the fact of the election, in the decree and specify in the decree the date on or before which he shall deliver possession so as to enable the landlord to commence the work of repairs.",section,17,eng_maharashtra_rent_control_ac.pdf
"(2) If the tenant delivers possession on or before the date specified in the decree, the landlord shall, two months before the date on which the work of repairs is likely to be completed, give notice to the tenant of the date on which the said work shall be completed.",section,17,eng_maharashtra_rent_control_ac.pdf
Within thirty days from the date of receipt of such notice the tenant shall intimate to the landlord his acceptance of the accommodation offered and deposit with the landlord rent for one month.,section,17,eng_maharashtra_rent_control_ac.pdf
"If the tenant gives such intimation and makes the deposit, the landlord shall, on completion of the work of repairs, place the tenant in occupation of the premises or part thereof on the terms and conditions existing on the date of the passing of the decree for eviction.",section,17,eng_maharashtra_rent_control_ac.pdf
"If the tenant fails to give to such intimation and to make the deposit, the tenant’s right to occupy the premises shall terminate.",section,17,eng_maharashtra_rent_control_ac.pdf
"(3) If, after the tenant has delivered possession on or before the date specified in the decree, the landlord fails to commence the work of repairs within one month of the specified date or fails to complete the work within a reasonable time or having completed the work fails to place the tenant in occupation of the premises in accordance with sub-section (2), the court may, on the application of the tenant made within one year of the specified date, order the landlord to place him in occupation of the premises or part thereof on the terms and conditions existing on the date of passing of the decree of eviction and on such order being made, the landlord and any person who may be in occupation shall give vacant possession to the tenant of the premises or part thereof.",section,17,eng_maharashtra_rent_control_ac.pdf
"(4) Any landlord who, when the tenant has vacated by the date specified in the decree, without reasonable excuse fails to commence the work of repairs and any landlord or other person in occupation of the premises who fails to comply with the order made by the court under sub-section (3), shall, on conviction, be punishable with imprisonment for a term which may extend to three months or with fine which may extend to one thousand rupees or with both.",section,17,eng_maharashtra_rent_control_ac.pdf
"Recovery of possession for occupation etc., and re-entry.— (1) Where a decree for eviction has been passed by the court on the ground specified in clause (g) of sub-section (1) of section 16 and the premises are not occupied within a period of one month from the date the landlord recovers possession or the premises are re-let within one year of the said date to any person other than the original tenant, the court may, on the application of the original tenant made within thirteen months from such date, order the landlord to place him in occupation of the premises, on the terms and conditions existing on the date of passing of the decree for eviction and, on such order being made, the landlord and any person who any may be in occupation of the premises shall give vacant possession to the original tenant.",section,17,eng_maharashtra_rent_control_ac.pdf
"(2) Any landlord who recovers possession on the ground specified in clause (g) of sub-section (1) of section 16 and keeps the premises unoccupied without reasonable excuse and any landlord or other person in occupation of the premises who fails to comply with the order of the court under sub-section (1) shall, on conviction, be punishable with imprisonment for a term which may extend to three months or with fine which may extend to five thousand rupees or with both.",section,17,eng_maharashtra_rent_control_ac.pdf
"Recovery of possession for demolishing building.— (1) Where a decree for eviction has been passed by the court on the ground specified in clause (i) or (j) of sub-section (1) of section 16, and the work of demolishing the premises has not been commenced by the landlord within the period",section,17,eng_maharashtra_rent_control_ac.pdf
"18 The Maharashtra Rent Control Act, 1999 [2000 : Mah.",section,18,eng_maharashtra_rent_control_ac.pdf
"XVIII specified in sub-clause (iv) of clause (d) of sub-section (6) of the said section, the tenant may give the landlord a notice of his intention to occupy the premises from which he has been evicted and if the landlord does not forthwith deliver to him the vacant possession of the premises on the same terms and conditions on which he occupied them immediately before the eviction, the tenant may make an application to the court within six weeks from the date on which he delivered vacant possession of the premises to the landlord.",section,18,eng_maharashtra_rent_control_ac.pdf
"(2) If the court is satisfied that the landlord has not substantially commenced the work of demolishing the premises within the period of one month in accordance with his undertaking, the court shall order the landlord to deliver to the tenant vacant possession of the premises on the terms and conditions on which he occupied them immediately before the eviction.",section,18,eng_maharashtra_rent_control_ac.pdf
"On such order being made, the landlord shall forthwith deliver vacant possession of the premises to the tenant.",section,18,eng_maharashtra_rent_control_ac.pdf
"(3) Any landlord who recovers possession on the ground specified in clause (i) or (j) of sub-section (1) of section 16, and fails to carry out any undertaking referred to in sub-clause (i), (ii), (iii), (iv) or (v) of clause (d) of sub-section (6) of the said section without any reasonable excuse or fails to comply with the order of the court under sub-section (1) shall, without prejudice to his liability in execution to the order under sub-section (2), on conviction, be punishable with imprisonment for a term which may extend to thirty days or with fine which may extend to five thousand rupees or with both.",section,18,eng_maharashtra_rent_control_ac.pdf
"Tenants’ right to give notice to landlord of his intention to occupy tenement in new building.— Where a decree for eviction has been passed by the court on the ground specified in clause (i) of sub-section (1) of section 16 and the work of demolishing the premises and of the erection of new building has been commenced by the landlord, the tenant may, without prejudice to the provisions of sub-clause (ii) and (iii) of clause (d) of sub-section (6) of section 16 within six months from the date on which he delivered vacant possession of the premises to the landlord, give notice to the landlord of his intention to occupy a tenement in the new building on its completion on the following conditions, namely:— (a) that he shall pay to the landlord the standard rent in respect of the tenement: Provided that",section,18,eng_maharashtra_rent_control_ac.pdf
", in respect of a residential tenement, the tenant concerned shall not be required to pay rent in relation to the area at more than double the rate at which he paid rent for his former premises immediately before his eviction under the decree, unless the landlord obtains an order of the court fixing the standard rent in respect of the tenement at higher rate;",section,18,eng_maharashtra_rent_control_ac.pdf
"(b) that his occupation of the tenement shall, save as provided in condition (a), be on the same terms and conditions on which he occupied the premises immediately before the eviction.",section,18,eng_maharashtra_rent_control_ac.pdf
"Landlord to intimate to tenant date of completion and tenant’s right to occupy premises in new building.— (1) The landlord shall, not less than three months before the date on which the erection of the new building or, completion as the case may be, new floor or floors is likely to be completed, intimate to the tenant, the date on which the said erection shall be completed.",section,18,eng_maharashtra_rent_control_ac.pdf
"On the said date, the tenant shall be entitled to occupy the premises assigned to him by the landlord.",section,18,eng_maharashtra_rent_control_ac.pdf
"(2) (a) If the tenant fails to occupy the premises within a period of one month from the date on which he is entitled to occupy it under sub-section (1), the tenant’s right to occupy the said premises under the said sub-section shall terminate;",section,18,eng_maharashtra_rent_control_ac.pdf
and the landlord shall be entitled to recover from the tenant a sum equal to three times the amount of the monthly standard rent in respect of the premises.,section,18,eng_maharashtra_rent_control_ac.pdf
"(b) If the landlord fails, without reasonable excuse, to comply with the provisions of sub-section (1) or to place the tenant in occupation of the premises he shall, without prejudice to his liability to place the tenant in vacant possession of the premises on conviction, be punishable with imprisonment for a term which may extend to three months or with fine which may extend to five thousand rupees or with both.",section,18,eng_maharashtra_rent_control_ac.pdf
"Recovery of possession in case of tenancy created during service period.— (1) Where any landlord intends to let any premises or any part thereof belonging to him, to his employee, such",section,18,eng_maharashtra_rent_control_ac.pdf
"XVIII] The Maharashtra Rent Control Act, 1999 19 landlord and the employee may enter into an agreement in writing to create a service tenancy in respect of the said premises or an agreement in writing to create a service tenancy in respect of the said premises or any part thereof;",section,19,eng_maharashtra_rent_control_ac.pdf
"and notwithstanding anything contained in this Act, the tenancy so created shall remain in force during the period of service or employment of the tenant with the landlord.",section,19,eng_maharashtra_rent_control_ac.pdf
"(2) After the creation of the service tenancy under sub-section (1), if the tenant ceases to be in the service or employment of the said landlord either by retirement, resignation, termination of service, death or for any other reason, the tenant or any other person residing with him or claiming under him fails to vacate such premises or any part thereof immediately, then, notwithstanding anything contained in this Act or in any other law for the time being in force, the Competent Authority shall, if it is satisfied, on an application made to it in this behalf by such landlord within thirty days, make an order that the tenant or any such person as aforesaid shall place the landlord in vacant possession of such premises or part thereof;",section,19,eng_maharashtra_rent_control_ac.pdf
", the Competent Authority may entertain an application under this sub-section after the expiry of the said period, if it is satisfied that the applicant was prevented by sufficient cause from making the application in time: Provided further that, where the tenant is a workman or an employee whose services are terminated and a dispute in respect of such termination is pending before a tribunal, court or any other competent authority, the order for a eviction shall not be passed until such tribunal, court or authority, under the relevant law, finally upholds the order of such termination.",section,19,eng_maharashtra_rent_control_ac.pdf
".— For the purposes of this section, the expression “landlord” shall not include, in respect of sub-tenant, a tenant who has sub-let any premises, or in respect of a deemed tenant, a tenant at whose instance the deemed tenant has come in occupation of any premises.",section,19,eng_maharashtra_rent_control_ac.pdf
"and the Competent Authority shall make an order of eviction on that ground if— (a) in the case of landlord who is a member of the armed forces of the Union, he produces a certificate signed by the authorised officer to the effect that,—",section,19,eng_maharashtra_rent_control_ac.pdf
"20 The Maharashtra Rent Control Act, 1999 [2000 : Mah.",section,20,eng_maharashtra_rent_control_ac.pdf
"XVIII (i) he is a member of the armed forces of the Union, or that he was such a member and has retired as such, and (ii) he does not possess any other premises suitable for residence in the local area where the premises are situated;",section,20,eng_maharashtra_rent_control_ac.pdf
"or (b) in the case of a landlord who is scientist, he produces a certificate signed by an officer of the Department of Atomic Energy of, or above, of the rank of Deputy Secretary to Government to the effect that,— (i) he is presently holding a scientific post in the Department of Atomic Energy or in any of its aided institutions specified in the certificate or he was holding such post and has now retired with effect from the date specified in the certificate;",section,20,eng_maharashtra_rent_control_ac.pdf
and (ii) he does not possess any other suitable residence (excluding any residential accommodation provided by Government) in the local area where the premises are situated;,section,20,eng_maharashtra_rent_control_ac.pdf
and (ii) he does not possesses any other suitable residence (excluding any residential accommodation provided by Government or Public Sector Undertaking) in the local area where the premises are situated;,section,20,eng_maharashtra_rent_control_ac.pdf
"(B) a successor-in-interest who becomes the landlord of the premises owned by any landlord referred to in clause (A), as a result of death of such a landlord while in service or where he is a member of the armed forces of the Union, within five years of his retirement, or where he is scientist, or a Government servant, within one year of his retirement, shall be entitled to recover possession of such premises on the ground that such premises are bona fide required for occupation by the successor-in-interest himself or by any member of the family of the deceased landlord, by making an application for the purpose of recovery of possession of the premises, to the Competent Authority;",section,20,eng_maharashtra_rent_control_ac.pdf
"and the Competent Authority shall make an order of eviction on that ground if,— (a) in the case of the successor-in-interest of a member of the armed forces of the Union, he produces a certificate signed by the authorised officer to the effect that,— (i) a successor-in-interest is a widow or any other member of the family of the deceased member of the armed forces of the Union, who died while in service on the date specified in the certificate (or of a member of the armed forces of the Union who has retired and who died within five years of his retirement on the date specified in the certificate);",section,20,eng_maharashtra_rent_control_ac.pdf
and (ii) such a successor-in-interest does not possess any other premises suitable for residence in the local area where such premises are situated;,section,20,eng_maharashtra_rent_control_ac.pdf
"XVIII] The Maharashtra Rent Control Act, 1999 21 (ii) such successor-in-interest does not possess any other suitable residence (excluding any residential accommodation provided by Government) in the local area where such premises situated;",section,21,eng_maharashtra_rent_control_ac.pdf
and (ii) such successor-in-interest does not possess any other suitable residence (excluding any residential accommodation provided by Government or the Public Sector Undertaking) in the local area where such premises are situated.,section,21,eng_maharashtra_rent_control_ac.pdf
"(3) “successor-in-interest” means,— (i) if the deceased landlord has a spouse living at the time of his death, spouse, and (ii) in any other case, any other member of his family.",section,21,eng_maharashtra_rent_control_ac.pdf
"22 The Maharashtra Rent Control Act, 1999 [2000 : Mah.",section,22,eng_maharashtra_rent_control_ac.pdf
"Landlord entitled to recover possession of premises given on licence on expiry.— (1) Notwithstanding anything contained in this Act, a licensee, in possession or occupation of premises given to him on license for residence shall deliver possession of such premises to the landlord on expiry of the period of licence;",section,22,eng_maharashtra_rent_control_ac.pdf
"and on the failure of the licensee to so deliver the possession of the licensed premises, a landlord shall be entitled to recover possession of such premises from a licensee, on the expiry of the period of licence, by making an application to the Competent Authority, and the Competent Authority, on being satisfied that the period of licence has expired, shall pass an order for eviction of a licensee.",section,22,eng_maharashtra_rent_control_ac.pdf
(2) Any licensee who does not deliver possession of the premises to the landlord on expiry of the period of licence and continues to be in possession of the licensed premises till he is dispossessed by the Competent Authority shall be liable to pay damages at double the rate of the licence fee or charge of the premises fixed under the agreement of licence.,section,22,eng_maharashtra_rent_control_ac.pdf
".— For the purposes of this section,— (a) the expression “landlord” includes a successor-in-interest who becomes the landlord of the premises as a result of death of such landlord;",section,22,eng_maharashtra_rent_control_ac.pdf
but does not include a tenant or a sub-tenant who has given premises on license;,section,22,eng_maharashtra_rent_control_ac.pdf
"Certain Sub-tenants to become tenants on determination of tenancy.— When the interest of a tenant of any premises is determined for any reason, any sub-tenant to whom the premises or any part thereof have been lawfully sub-let and such sub-tenancy is subsisting on the date of commencement of this Act or where sub-tenancy is permitted by a contract between the landlord and the tenant, such sub-tenant shall, subject to the provisions of this Act, be deemed to become the tenant of his landlord on the same terms and conditions as he would have held from the tenant if the tenancy had continued.",section,22,eng_maharashtra_rent_control_ac.pdf
"In absence of contract tenant not to sub-let or transfer or give on licence.— Notwithstanding anything contained in any law for the time being in force but subject to any contract to the contrary it shall not be lawful for tenant to sub-let or give on licence the whole or any part of the premises let to him, or to assign or transfer in any other manner his interest therein: Provided that",section,22,eng_maharashtra_rent_control_ac.pdf
", the State Government may by notification in the Official Gazette, permit in any area the transfer of interest in premises held under such leases or class of leases any premises or class of premises other than those let for business, trade or storage to such extent as may be specified in the notification.",section,22,eng_maharashtra_rent_control_ac.pdf
"State Government or Government allottee to become tenant of premises requisitioned or continued under requisition.— (1) On the 7th December 1996, that is the date of coming into force of Bombay Rents, Hotel and Lodging House Rates Control, Bombay Land Requisition and Bombay Government Premises (Eviction) (Amendment) Act, 1996 (Mah.",section,22,eng_maharashtra_rent_control_ac.pdf
"XVI of 1997) (hereinafter in this section referred to as “the said date”),— (a) the State Government, in respect of the premises requisitioned or continued under requisition and allotted to a Government allottee referred to in sub-clause (a) of clause (2) of section 7;",section,22,eng_maharashtra_rent_control_ac.pdf
"and (b) the Government allottee, in respect of the premises requisitioned or continued under requisition and allotted to him as referred to in sub-clause (b) of clause (2) of section shall, notwithstanding anything contained in this Act, or in the Bombay Land Requisition Act, 1948 (Bom.",section,22,eng_maharashtra_rent_control_ac.pdf
"XVIII] The Maharashtra Rent Control Act, 1999 23 any judgement, decree or order of any court passed on or after the 11th June 1996, or in any order of eviction issued by the Competent Authority, or by the Appellate Authority, under the Bombay Land Requisition Act, 1948 (Bom.",section,23,eng_maharashtra_rent_control_ac.pdf
"XXXIII of 1948), be deemed to have become, for the purposes of this Act, the tenant of the landlord;",section,23,eng_maharashtra_rent_control_ac.pdf
"and such premises shall be deemed to have been let by the landlord to the State Government or, as the case may be, to such Government allottee, on payment of rent and permitted increases equal to the amount of compensation payable in respect of the premises immediately before the said date.",section,23,eng_maharashtra_rent_control_ac.pdf
"(2) Save as otherwise provided in this section or any other provisions of this Act, nothing in this section shall affect,— (a) the rights of the landlord including his right to recover possession of the premises from such tenant on any of the grounds mentioned in section 16 or in any other section;",section,23,eng_maharashtra_rent_control_ac.pdf
"(b) the right of the landlord or such tenant to apply to the court for the fixation of standard rent and permitted increases under this Act, by reason only of the fact that the amount of the rent and permitted increases, if any, to be paid by such tenant to the landlord is determined under sub-section (1);",section,23,eng_maharashtra_rent_control_ac.pdf
(c) the operation and the application of the other relevant provisions of this Act in respect of such tenancy.,section,23,eng_maharashtra_rent_control_ac.pdf
"Inspection of premises.— The landlord shall be entitled to inspect the premises let or given on licence, at a reasonable time after giving prior notice to the tenant, licensee or occupier.",section,23,eng_maharashtra_rent_control_ac.pdf
"Landlord not to cut-off or withhold essential supply or service.— (1) No landlord, either himself or through any person acting or purporting to act on his behalf, shall, without just or sufficient cause, cut-off or withhold any essential supply or service enjoyed by the tenant in respect of the premises let to him.",section,23,eng_maharashtra_rent_control_ac.pdf
"(2) A tenant in occupation of the premises may, if the landlord has contravened the provisions of sub-section (1), make an application to the court for a direction to restore such supply or service.",section,23,eng_maharashtra_rent_control_ac.pdf
"(3) Having regard to the circumstances of a particular case the court may, if it is satisfied that it is necessary to make an interim order, make such order directing the landlord to restore the essential supply or service before the date specified in such order, before giving notice to the landlord of the enquiry to be made in the application under sub-section (3) or during the pendency of such enquiry.",section,23,eng_maharashtra_rent_control_ac.pdf
"On the failure of the landlord to comply with such interim order of the court, the landlord shall be liable to the same penalty as is provided for in sub-section (4).",section,23,eng_maharashtra_rent_control_ac.pdf
"(4) If the court on inquiry finds that the tenant has been in enjoyment of the essential supply or service and that it was cut-off or withheld by the landlord without just or sufficient cause, the court shall make an order directing the landlord to restore such supply or service before a date to be specified in the order.",section,23,eng_maharashtra_rent_control_ac.pdf
"Any landlord who fails to restore the supply or service before the date so specified, shall, for each day during which the default continues thereafter, be liable upon further directions by the court, to that effect, to fine which may extend to one hundred rupees.",section,23,eng_maharashtra_rent_control_ac.pdf
"(5) Any landlord, who contravences, the provisions of sub-section (1), shall, on conviction, be punishable with imprisonment for a term which may extend to three months or with fine which may extend to one thousand rupees or with both.",section,23,eng_maharashtra_rent_control_ac.pdf
(6) An application under this section may be made jointly by all or any of the tenants of the premises situated in the same building.,section,23,eng_maharashtra_rent_control_ac.pdf
(b) withholding any essential supply or service shall include acts or ommissions attributable to the landlord on account of which the essential supply or service is cut-off by the municipal authority or any other competent authority.,section,23,eng_maharashtra_rent_control_ac.pdf
"24 The Maharashtra Rent Control Act, 1999 [2000 : Mah.",section,24,eng_maharashtra_rent_control_ac.pdf
"XVIII (7) Without prejudice to the provisions of sub-sections (1) to (6) or any other law for the time being in force, where the tenant,— (a) who has been in enjoyment of any essential supply or service and the landlord has withheld the same, or (b) who desires to have, at his own cost, any other essential supply or service for the premises in his occupation, the tenant may apply to the Municipal or any other authority authorised in this behalf, for the permission or for supply of the essential service and it shall be lawful for that authority to grant permission for, supply of such essential supply or service applied for without insisting on production of a ‘No Objection Certificate’ from the landlord by such tenant.",section,24,eng_maharashtra_rent_control_ac.pdf
"Conversion of residential into commercial premises prohibited.— (1) A landlord shall not use or permit to be used for a commercial purpose any premises which, on the date of the commencement of this Act, were used for a residential purpose.",section,24,eng_maharashtra_rent_control_ac.pdf
"(2) Any landlord who contravenes the provisions of sub-section (1) shall, on conviction, be punishable with imprisonment for a term which may extend to six months or with fine which may extend to ten thousand rupees or with both.",section,24,eng_maharashtra_rent_control_ac.pdf
Giving receipt for any amount received compulsory.— (1) Every landlord shall give a written receipt for any amount at the time when such amount is received by him in respect of any premises in such form and in such manner as may be prescribed.,section,24,eng_maharashtra_rent_control_ac.pdf
"(2) Every landlord shall, without charging any consideration, issue the rent receipt in respect of the premises let out to the deceased tenant in the name of the family member referred to in sub-clause (d) of clause (15) of section 7.",section,24,eng_maharashtra_rent_control_ac.pdf
"(3) Any landlord or person who fails to give a written receipt for any amount received by him in respect of any premises shall, on conviction, be punishable with fine which may extend to one hundred rupees for each day of default.",section,24,eng_maharashtra_rent_control_ac.pdf
"Recovery of rent according to British Calendar.— (1) Notwithstanding anything contained in any law for the time being in force or any contract, custom of local usage to the contrary, rent payable by the month or year or portion year shall be recovered according to the British Calendar.",section,24,eng_maharashtra_rent_control_ac.pdf
(2) The State Government may prescribe the manner in which rent recoverable according to any other calendar before the coming into operation of this Act shall be calculated and charged in terms of the British Calendar.,section,24,eng_maharashtra_rent_control_ac.pdf
"XVIII] The Maharashtra Rent Control Act, 1999 25 Authority) and subject to the provisions of sub-section (2), no other court shall have jurisdiction to entertain any such suit, proceeding, or application or to deal with such claim or question.",s.,25,eng_maharashtra_rent_control_ac.pdf
"(b) a decree or order made in any suit or proceeding (other than a suit or proceeding relating to possession) in which the plaintiff seeks to recover rent in respect of any premises and amount or value of the subject matter of which does not exceed— (i) where such suit or proceeding is instituted in Brihan Mumbai, Rs.",s.,25,eng_maharashtra_rent_control_ac.pdf
(c) an order made upon on an application for fixing the standard rent or for determining the permitted increases in respect of any premises except in a suit or proceeding in which an appeal lies;,s.,25,eng_maharashtra_rent_control_ac.pdf
(d) an order made upon an application by a tenant for a direction to restore any essential supply or service in respect of the premises let to him.,s.,25,eng_maharashtra_rent_control_ac.pdf
"26 The Maharashtra Rent Control Act, 1999 [2000 : Mah.",s.,26,eng_maharashtra_rent_control_ac.pdf
"Saving of suit involving tittle.— Nothing contained in sections 33 and 34 shall be deemed to bar a party to a suit, proceeding or appeal mentioned therein in which a question of title to premises arises and is determined from using in a competent court to establish, his title to such premises.",s.,26,eng_maharashtra_rent_control_ac.pdf
"Definition of landlord for the purpose of Chapter VIII.— For the purposes this Chapter, landlord means a landlord who is,— (a) a person who has created a service tenancy in respect of his premises or a part thereof in favour of his employee under section 22;",s.,26,eng_maharashtra_rent_control_ac.pdf
"XVIII] The Maharashtra Rent Control Act, 1999 27 (c) a person who has given premises on licence for residence or a successor-in-interest referred to in section 24.",section,27,eng_maharashtra_rent_control_ac.pdf
"Special provision for making application to Competent Authority by landlord to evict tenant or licensee.— Notwithstanding anything contained in this Act or any other Law for the time being in force or any contract to the contrary or any judgement or decree or order of any court, but subject to the provisions of section 22 or 23 or 24, as the case may be, a landlord may submit an application to the Competent Authority, signed and verified in a manner provided in rules 14 and 15 of Order VI of the First Schedule to the Code of Civil Procedure, 1908 (V of 1908), as if it were a plaint, to the Competent Authority having jurisdiction in the area in which the premises are situated, for the purpose of recovery of possession of the premises from the tenant or licensee, as the case may be.",section,27,eng_maharashtra_rent_control_ac.pdf
Special procedure for disposal of applications.— (1) Every application by a landlord under this Chapter for the recovery of possession shall be accompanied by such fees as may be prescribed.,section,27,eng_maharashtra_rent_control_ac.pdf
"(3) (a) The Competent Authority shall, in addition to, and simultaneously with, the issue of summons for service on the tenant or licensee, as the case may be, also direct the summons to be served by registered post, acknowledgement due, addressed to the tenant or the licensee or agent empowered by such tenant or licensee to accept the service at the place where the tenant or licensee or such agent actually and voluntarily resides or carries in business or personally works for gain.",section,27,eng_maharashtra_rent_control_ac.pdf
"(b) When an acknowledgement purporting to be signed by the tenant or licensee or their agent is received by the Competent Authority or the registered article containing the summons is received back with an endorsement purporting to have been made by a postal employee to the effect that the tenant or licensee or their agent had refused to take delivery of the registered article, the Competent Authority may proceed to hear and decide the application as if there has been a valid service of summons.",section,27,eng_maharashtra_rent_control_ac.pdf
"(4) (a) The tenant or licensee on whom the summons is duly served in the ordinary way or by registered post in the manner laid down in sub-section (3) shall not contest the prayer for eviction from the premises, unless within thirty days of the service of summons on him as aforesaid, he files an affidavit stating grounds on which he seeks to contest the application for eviction and obtains leave from the Competent Authority as hereinafter provided, and in default of his appearance in pursuance of the summons or his obtaining such leave, the statement made by the landlord in the application for eviction shall be deemed to be admitted by the tenant or the licensee, as the case may be, and the applicant shall be entitled to an order for eviction on the ground aforesaid.",section,27,eng_maharashtra_rent_control_ac.pdf
"(b) The Competent Authority shall give to the tenant or licensee leave to contest the application if the affidavit filed by the tenant or licensee discloses such facts as would disentitle the landlord from obtaining an order for the recovery of possession of the premises on the ground specified in section 22, 23 or 24.",section,27,eng_maharashtra_rent_control_ac.pdf
"(c) Where leave is granted to the tenant or licensee to contest the application the Competent Authority shall commence the hearing of the application as early as practicable and shall, as far as possible, proceed with the hearing from day to day, and decide the same, as far as may be, within six months of the order granting of such leave to contest the application.",section,27,eng_maharashtra_rent_control_ac.pdf
Order of Competent Authority to be non-appealable and revision by State Government.— (1) No appeal shall lie against an order for the recovery of possession of any premises made by the Competent Authority in accordance with the procedure specified in section 43.,section,27,eng_maharashtra_rent_control_ac.pdf
"28 The Maharashtra Rent Control Act, 1999 [2000 : Mah.",section,28,eng_maharashtra_rent_control_ac.pdf
"Effect of refusal or failure to comply with order of eviction.— If any person refuses or fails to comply with the order of eviction made under section 43 within thirty days of the date on which it has become final, the Competent Authority or any other officer duly authorised by the Competent Authority in this behalf, may evict that person from, and take possession of, the premises and deliver the same to the landlord and for that purpose, use such force as may be necessary.",section,28,eng_maharashtra_rent_control_ac.pdf
"Pending Suits and proceedings in courts.— (1) Subject to sub-section (2), all suits and proceedings filed by landlords, being the landlords referred to in clause (a) or (b) or (c) of section 41 for eviction of tenant on the grounds specified in section 22 or 23 or 24 and pending on the date of commencement of this Act, unless the landlord withdraws the same in relation to relief of recovery of possession of the premises claimed therein, be heard, proceeded with and disposed of by the Court in which such suit or proceeding is pending as if this Act had not been passed.",section,28,eng_maharashtra_rent_control_ac.pdf
"(2) Any such landlord seeking to evict the tenant on the grounds specified in section 22 or 23 or 24 may, if he has already proceeded against the tenant in a suit or in a proceeding in the court and withdraws the suit or proceeding in relation to the claim made therein with leave of court proceed against the tenant in accordance with the provisions of this Chapter.",section,28,eng_maharashtra_rent_control_ac.pdf
"(2) Any such landlord who keeps such premises unoccupied or re-lets the same as aforesaid and any such landlord or other person in occupation of the premises who fails to comply with order of the Competent Authority under sub-section (1), shall, on conviction, be punishable with imprisonment for a term which may extend to three months or with fine or with both.”.",section,28,eng_maharashtra_rent_control_ac.pdf
(2) Nothing in section 20 shall apply to a landlord referred to in clause (c) of section 41.,section,28,eng_maharashtra_rent_control_ac.pdf
"XVIII] The Maharashtra Rent Control Act, 1999 29 50.",section,29,eng_maharashtra_rent_control_ac.pdf
"Tenancy agreement to be compulsorily registered.— (1) Notwithstanding anything contained in this Act or any other law for the time being in force, any agreement for leave and licence or letting of any premises, entered into between the landlord and the tenant or the licensee, as the case may be, after the commencement of this Act, shall be in writing and shall be registered under the Registration Act, 1908 (XVI of 1908).",section,29,eng_maharashtra_rent_control_ac.pdf
"(2) The responsibility of getting such agreement registered shall be on the landlord and in the absence of the written registered agreement, the contention of the tenant about the terms and conditions, subject to which a premises have been given to him by the landlord on leave and licence or have been let to him, shall prevail, unless proved otherwise.",section,29,eng_maharashtra_rent_control_ac.pdf
"(3) Any landlord who contravenes the provisions of this section shall, on conviction, be punished with imprisonment which may extend to three months or with fine not exceeding rupees five thousand or with both.",section,29,eng_maharashtra_rent_control_ac.pdf
"Right of tenant and landlord to receive lawful charges.— Notwithstanding anything contained in this Act, it shall be lawful for,— (i) the tenant or any person acting or purporting to act on behalf of the tenant to claim or receive any sum or any consideration, as a condition of the relinquishment, transfer or assignment of his tenancy of any premises;",section,29,eng_maharashtra_rent_control_ac.pdf
"(ii) the landlord or any person acting or purporting to act on behalf of the landlord to receive any fine, premium or other like sum or deposit or any consideration in respect of the grant, or renewal of a lease of any premises, or for giving his consent to the transfer of a lease to any other person.",section,29,eng_maharashtra_rent_control_ac.pdf
"(2) In particular, and without prejudice to the generality of the foregoing provisions, such rules may provide for,— (a) the manner in which addition to the rent shall be made under sub-section (2) or clause (a) of sub-section (3) of section 11;",section,29,eng_maharashtra_rent_control_ac.pdf
"30 The Maharashtra Rent Control Act, 1999 [2000 : Mah.",section,30,eng_maharashtra_rent_control_ac.pdf
"XVIII (b) the authority from which a declaration, and the manner and the form in which declaration or a certificate from a notified architect asserting that it is necessary to undertake repairs and the extent thereof and estimated cost thereof, to be obtained by the landlord, and the manner and the form in which, a certificate from such authority or such architect confirming that the repairs were carried out in accordance with the declaration, or as the case may be, the certificate aforesaid, and fixing the date of completion of the repairs and the actual expenses thereof, to be obtained by the landlord under clause (b) of sub-section (5) of section 11;",section,30,eng_maharashtra_rent_control_ac.pdf
(d) the manner in which rent recoverable according to any calendar other than the British calendar before the commencement of this Act shall be calculated and charged in terms of the British calendar under sub-section (2) of section 32.,section,30,eng_maharashtra_rent_control_ac.pdf
"and Berar Act XI of 1946) including the Central Provinces and Berar Letting of Houses and Rent Control Order, 1949;",section,30,eng_maharashtra_rent_control_ac.pdf
"and (c) the Hyderabad Houses (Rent, Eviction and Lease) Control Act, 1954 (Hyd.",section,30,eng_maharashtra_rent_control_ac.pdf
"XVIII] The Maharashtra Rent Control Act, 1999 31 (d) all prosecutions instituted under the provisions of any of the repealed Acts shall be effective and disposed of in accordance with the law.",s.,31,eng_maharashtra_rent_control_ac.pdf
"Removal of difficulty.— If any difficulty arises in giving effect to the provisions of this Act unifying, consolidating and amending the laws relating to the control of rent and eviction and other connected matters in the repealed Acts, and as are contained in this Act, the State Government may, as occasion arises, by order do anything which appears to it to be necessary for the purpose of removing the difficulty: Provided that",s.,31,eng_maharashtra_rent_control_ac.pdf
"32 The Maharashtra Rent Control Act, 1999 [2000 : Mah.",section,32,eng_maharashtra_rent_control_ac.pdf
"XX of 1954) were extended before the commencement of the Maharashtra Rent Control Act, 1999 (Mah.",section,32,eng_maharashtra_rent_control_ac.pdf
"XVIII] The Maharashtra Rent Control Act, 1999 33 (1) (2) 22 Wada.",section,33,eng_maharashtra_rent_control_ac.pdf
"34 The Maharashtra Rent Control Act, 1999 [2000 : Mah.",section,34,eng_maharashtra_rent_control_ac.pdf
"XVIII] The Maharashtra Rent Control Act, 1999 35 (1) (2) 22 Devlad, Bhanvaj, Rahatvad, Vihari.",section,35,eng_maharashtra_rent_control_ac.pdf
"36 The Maharashtra Rent Control Act, 1999 [2000 : Mah.",section,36,eng_maharashtra_rent_control_ac.pdf
"XVIII] The Maharashtra Rent Control Act, 1999 37 (1) (2) 9 Sawada Municipal Council.",section,37,eng_maharashtra_rent_control_ac.pdf
"38 The Maharashtra Rent Control Act, 1999 [2000 : Mah.",section,38,eng_maharashtra_rent_control_ac.pdf
"XVIII] The Maharashtra Rent Control Act, 1999 39 (1) (2) 2 Ichalkaranji Municipal Council.",section,39,eng_maharashtra_rent_control_ac.pdf
"40 The Maharashtra Rent Control Act, 1999 [2000 : Mah.",section,40,eng_maharashtra_rent_control_ac.pdf
"XVIII] The Maharashtra Rent Control Act, 1999 41 (1) (2) Nagpur District — 1 Nagpur Municipal Corporation.",section,41,eng_maharashtra_rent_control_ac.pdf
"42 The Maharashtra Rent Control Act, 1999 [2000 : Mah.",s.,42,eng_maharashtra_rent_control_ac.pdf
"XVIII] The Maharashtra Rent Control Act, 1999 43 SCHEDULE II [See section 2 (3)] (Area to which the Maharashtra Rent Control Act, 1999 applies) Serial Name of Population of Name of the district in the area which the No.",section,43,eng_maharashtra_rent_control_ac.pdf
"44 The Maharashtra Rent Control Act, 1999 [2000 : Mah.",section,44,eng_maharashtra_rent_control_ac.pdf
XVIII SCHEDULE III [See section 43 (2)] Form of summons in a case where recovery of possession of premises is prayed of under Chapter XI.,section,44,eng_maharashtra_rent_control_ac.pdf
"(Name, description and place of residence of the *tenant/*licensee/*agent).",section,44,eng_maharashtra_rent_control_ac.pdf
"WHEREAS Shri…………………………………......filed an application (a copy of which is annexed) for your eviction from (here insert the particulars of the premises) on the ground specified in section 23/24 of the Maharashtra Rent Control Act, 1999.",section,44,eng_maharashtra_rent_control_ac.pdf
"within fifteen days of the service hereof and to obtain the leave of the Competent Authority to contest the application for eviction on the ground aforesaid, in default whereof, the applicant will be entitled at any time after the expiry of the said period of fifteen days to obtain an order for your eviction from the said premises.",section,44,eng_maharashtra_rent_control_ac.pdf
